Gas,CO,Temperature,Humidity,Flame,HazardIndex,RiskLevel
73.49,16.04,25.98,67.42,0,0.0399,0
13.53,20.94,18.18,48.15,0,0.0287,0
178.11,9.34,21.66,67.36,0,0.0383,0
61.81,38.46,29.48,56.76,0,0.0823,0
279.63,80.69,24.69,48.09,0,0.2595,0
585.67,110.6,40.0,53.58,0,0.7477,2
184.79,7.48,26.59,71.75,0,0.0511,0
242.44,11.25,26.91,74.12,0,0.0635,0
683.91,73.59,52.52,49.64,1,1.0,2
76.3,1.18,36.99,43.36,0,0.0808,0
93.87,6.45,29.75,68.78,0,0.0429,0
248.54,30.57,16.48,45.82,0,0.0678,0
204.85,20.18,24.56,39.99,0,0.0496,0
243.95,13.93,28.9,70.46,0,0.0658,0
18.37,15.27,29.57,57.93,0,0.0398,0
933.83,73.51,30.13,83.33,0,0.6253,1
218.21,23.81,26.42,66.19,0,0.0687,0
375.61,11.86,51.28,91.61,0,0.3384,1
530.21,37.89,35.07,56.25,0,0.3121,0
124.84,11.05,16.35,38.0,0,0.0276,0
223.01,11.14,26.02,44.84,0,0.0517,0
195.49,8.18,24.18,36.99,0,0.0406,0
190.69,0.0,29.61,50.87,0,0.0454,0
100.25,0.8,15.82,44.9,0,0.0198,0
426.72,155.71,35.49,77.04,0,0.5496,1
92.89,11.72,22.28,49.32,0,0.0278,0
245.95,28.31,26.39,66.65,0,0.0748,0
348.67,59.18,26.4,51.0,0,0.1968,0
69.18,25.38,24.57,34.46,0,0.0422,0
204.26,31.25,31.68,48.05,0,0.0894,0
479.79,19.6,30.3,92.3,0,0.2202,0
330.14,24.84,34.7,50.99,0,0.1279,0
395.8,30.86,33.53,76.86,0,0.1789,0
222.84,9.15,33.03,70.95,0,0.0842,0
221.77,19.39,27.47,60.72,0,0.0649,0
487.38,46.43,40.69,82.02,0,0.3838,1
306.14,39.62,37.83,72.11,0,0.2016,0
242.39,16.7,26.2,94.7,0,0.0857,0
174.51,96.38,29.46,69.84,0,0.3215,0
211.32,0.34,28.34,67.86,0,0.0493,0
179.76,22.64,30.03,58.26,0,0.0635,0
26.63,19.49,23.36,57.33,0,0.036,0
155.27,16.7,29.42,37.63,0,0.0538,0
336.25,47.28,33.53,55.83,0,0.1747,0
62.71,3.88,24.83,45.16,0,0.0238,0
167.32,14.32,32.47,52.75,0,0.0621,0
125.53,19.31,21.2,51.86,0,0.0397,0
11.66,14.89,33.86,72.39,0,0.0666,0
438.63,109.11,36.57,55.21,0,0.5417,1
272.99,106.98,38.27,64.04,0,0.4781,1
173.53,5.59,27.63,34.34,0,0.0422,0
605.9,36.85,26.58,71.39,0,0.3066,0
730.59,135.53,50.86,46.18,1,1.0,2
1048.13,56.46,47.64,64.73,0,0.9051,2
219.85,3.57,14.68,73.18,0,0.0409,0
635.56,34.94,29.45,63.62,0,0.3372,0
298.41,39.02,41.58,89.98,0,0.2583,0
251.72,76.31,43.35,56.5,0,0.4202,1
314.08,30.68,32.48,48.16,0,0.1101,0
155.04,3.42,16.65,64.57,0,0.0297,0
132.04,9.71,13.17,53.39,0,0.0284,0
947.83,40.53,29.65,42.96,0,0.4552,1
196.83,27.36,29.67,42.63,0,0.0641,0
101.58,8.39,28.17,56.17,0,0.038,0
367.69,17.59,28.91,32.1,0,0.1063,0
76.88,17.64,22.09,63.58,0,0.0322,0
278.59,10.17,39.57,72.53,0,0.1371,0
529.66,34.45,37.7,59.09,0,0.333,0
551.88,33.14,31.51,63.97,0,0.2881,0
181.95,60.25,32.0,52.16,0,0.1826,0
254.36,15.91,32.04,49.33,0,0.0764,0
307.28,78.26,29.58,57.17,0,0.2929,0
200.22,41.43,42.74,66.04,0,0.2049,0
403.09,57.17,36.7,78.86,0,0.2854,0
564.56,41.56,32.15,60.34,0,0.3099,0
298.92,26.68,46.44,64.79,0,0.2526,0
77.49,27.36,22.93,56.94,0,0.0426,0
241.52,19.77,24.94,71.42,0,0.0633,0
86.73,21.08,23.79,47.2,0,0.037,0
80.88,13.39,21.46,85.66,0,0.0443,0
116.03,7.11,27.78,46.86,0,0.0357,0
207.88,34.52,29.39,45.32,0,0.0855,0
374.87,54.83,37.91,77.0,0,0.2812,0
377.53,31.24,45.95,77.08,0,0.3289,0
85.05,17.89,30.2,86.44,0,0.0678,0
11.1,10.74,25.52,69.83,0,0.0333,0
277.56,10.78,28.76,83.68,0,0.0879,0
273.61,71.54,24.15,59.58,0,0.2122,0
190.29,14.79,23.84,74.07,0,0.0528,0
214.48,34.5,17.32,50.0,0,0.0719,0
291.54,21.49,23.69,84.81,0,0.0969,0
156.82,17.2,21.11,76.85,0,0.0535,0
624.18,47.28,29.99,61.7,0,0.3611,0
167.78,9.27,29.96,63.64,0,0.0509,0
600.43,42.09,36.59,68.84,0,0.4006,1
104.76,14.53,26.96,43.14,0,0.0324,0
69.28,20.76,23.26,76.11,0,0.0458,0
80.52,14.99,30.19,75.42,0,0.0544,0
276.81,23.45,22.15,59.56,0,0.0739,0
248.62,22.1,17.84,49.8,0,0.0577,0
161.8,19.46,24.51,38.6,0,0.0427,0
200.29,11.79,34.15,58.92,0,0.0771,0
218.25,14.72,28.57,53.87,0,0.0564,0
248.11,31.62,25.02,68.1,0,0.0822,0
230.99,17.65,25.72,59.62,0,0.0575,0
344.19,38.07,50.15,53.37,0,0.3528,0
182.43,4.29,28.52,51.73,0,0.0473,0
346.99,98.32,26.75,49.3,0,0.3568,0
620.95,32.94,20.97,84.57,0,0.3069,0
314.42,75.91,38.37,54.72,0,0.3747,1
126.12,8.66,27.18,82.3,0,0.0543,0
614.18,160.7,33.3,44.18,0,0.6586,1
160.87,19.06,26.03,82.39,0,0.0634,0
236.37,83.41,29.15,61.72,0,0.2871,0
558.25,24.98,43.39,49.09,0,0.4438,1
291.74,7.59,17.97,51.64,0,0.0574,0
579.0,51.48,36.44,55.24,0,0.389,1
53.7,6.28,35.37,61.97,0,0.0562,0
51.93,13.86,23.28,50.23,0,0.0278,0
219.45,1.88,17.27,25.59,0,0.0334,0
223.23,5.74,25.42,65.56,0,0.0527,0
93.53,11.24,27.15,60.42,0,0.0391,0
275.74,22.97,32.66,58.23,0,0.1011,0
504.72,161.76,37.45,68.54,0,0.6738,2
199.97,12.31,17.25,49.08,0,0.039,0
254.74,7.26,24.49,48.44,0,0.0529,0
36.24,20.11,26.17,83.11,0,0.0583,0
321.08,68.85,23.85,63.11,0,0.2218,0
418.52,50.74,37.8,67.68,0,0.3023,0
255.05,16.15,37.99,84.85,0,0.1411,0
159.96,22.35,30.9,70.13,0,0.0691,0
99.72,10.19,26.13,57.06,0,0.034,0
152.17,5.82,32.51,87.34,0,0.0793,0
176.14,11.43,23.87,54.59,0,0.0406,0
164.19,23.01,18.89,75.1,0,0.0529,0
125.03,17.94,27.1,51.81,0,0.0419,0
57.1,19.98,18.15,57.16,0,0.031,0
240.23,18.84,30.49,96.55,0,0.0953,0
299.4,19.24,25.97,65.11,0,0.0831,0
206.48,20.5,31.04,49.6,0,0.0706,0
1182.77,87.42,33.61,73.85,0,0.7492,2
221.8,10.6,23.01,37.29,0,0.0424,0
380.18,100.27,25.82,60.77,0,0.3676,1
508.11,37.35,32.12,75.83,0,0.2562,0
246.75,11.52,29.33,32.14,0,0.0672,0
142.93,18.13,24.11,52.7,0,0.0459,0
237.54,20.82,26.47,40.77,0,0.0605,0
367.22,195.63,28.53,70.99,0,0.4483,1
177.39,16.22,27.41,56.51,0,0.05,0
48.17,13.26,26.69,46.68,0,0.0328,0
123.21,16.16,27.25,73.9,0,0.0522,0
156.51,18.73,24.8,83.76,0,0.0649,0
380.38,49.11,42.33,78.13,0,0.3379,1
126.66,1.45,23.7,84.36,0,0.0479,0
479.94,52.14,40.69,75.47,0,0.3892,0
413.33,164.53,27.25,51.87,0,0.446,1
333.2,32.48,46.68,63.64,0,0.2752,0
135.96,25.76,36.82,62.32,0,0.0985,0
69.4,23.36,31.52,54.24,0,0.0573,0
467.85,30.48,29.04,54.87,0,0.1892,0
282.08,34.26,42.53,56.49,0,0.222,0
198.48,27.74,21.74,50.9,0,0.0558,0
82.49,11.97,30.47,51.48,0,0.0443,0
1070.67,86.05,31.29,68.02,0,0.7059,2
154.56,12.04,29.14,36.69,0,0.0441,0
178.72,15.15,24.4,56.61,0,0.0408,0
437.94,36.2,27.73,54.88,0,0.1694,0
295.13,32.44,44.44,82.53,0,0.2513,0
101.75,14.48,22.32,45.62,0,0.0314,0
108.15,10.89,21.15,58.6,0,0.0295,0
422.24,20.9,36.83,85.61,0,0.2399,0
207.41,11.45,32.76,90.84,0,0.0895,0
406.52,35.43,37.87,75.31,0,0.2386,0
267.73,16.06,28.4,59.33,0,0.0722,0
376.17,8.47,17.25,62.36,0,0.0918,0
232.93,13.07,31.93,59.24,0,0.0699,0
285.88,20.46,21.03,74.36,0,0.0748,0
266.1,11.58,21.77,68.66,0,0.0612,0
419.4,47.21,32.68,63.9,0,0.2322,0
240.83,1.09,21.09,53.01,0,0.0422,0
206.57,7.58,30.23,49.6,0,0.0557,0
256.1,14.76,23.28,64.3,0,0.0608,0
237.86,24.86,34.7,94.94,0,0.1332,0
332.08,3.58,24.04,56.7,0,0.0716,0
657.38,27.33,31.7,69.75,0,0.3581,1
162.63,3.24,22.77,88.18,0,0.0523,0
184.72,25.74,32.07,90.04,0,0.0999,0
607.15,37.88,36.95,59.56,0,0.4159,1
164.87,13.97,25.7,60.37,0,0.0422,0
97.79,18.25,22.55,51.65,0,0.0375,0
873.05,100.86,44.38,76.3,0,1.0,2
222.33,3.3,24.36,42.96,0,0.0409,0
91.32,10.34,28.98,48.19,0,0.0355,0
145.58,16.82,20.62,57.29,0,0.0353,0
530.43,59.13,39.88,45.45,0,0.4687,1
231.93,19.57,29.55,53.08,0,0.0737,0
121.52,12.0,24.22,72.1,0,0.0392,0
449.36,42.23,37.3,77.73,0,0.2757,0
456.18,44.21,37.78,68.02,0,0.2788,0
708.58,185.87,50.73,16.32,1,1.0,2
34.32,2.95,23.09,41.67,0,0.0203,0
510.1,51.38,39.59,56.86,0,0.415,1
143.01,27.76,24.74,58.17,0,0.0559,0
375.89,52.42,37.76,79.58,0,0.2897,0
229.92,109.27,21.75,59.63,0,0.328,1
267.9,9.99,23.67,53.15,0,0.057,0
102.75,14.26,26.03,57.66,0,0.0365,0
143.32,26.53,29.54,58.51,0,0.0651,0
199.09,19.06,23.37,79.64,0,0.0658,0
199.49,30.05,41.16,75.29,0,0.1708,0
349.05,191.46,42.13,49.47,0,0.6473,1
332.4,158.36,37.86,54.16,0,0.5527,1
132.52,20.22,24.41,64.33,0,0.0423,0
258.51,10.38,29.3,75.43,0,0.0807,0
208.96,5.22,28.35,60.0,0,0.0495,0
587.79,189.08,41.53,30.34,1,1.0,2
207.73,0.0,29.83,44.32,0,0.0505,0
237.23,17.04,26.46,61.52,0,0.0618,0
377.16,35.59,48.13,97.71,0,0.3889,0
142.97,8.79,27.48,60.85,0,0.039,0
6.03,28.05,25.08,32.78,0,0.0387,0
113.36,11.39,22.85,55.04,0,0.0313,0
208.35,12.32,29.17,52.16,0,0.0578,0
179.96,16.67,25.07,63.21,0,0.0454,0
492.2,164.13,33.79,45.72,0,0.5813,1
40.81,18.3,35.33,64.33,0,0.0765,0
671.73,120.59,67.7,61.09,1,1.0,2
287.75,22.01,17.95,52.37,0,0.0632,0
129.24,0.46,24.4,61.24,0,0.0302,0
703.41,141.41,56.8,15.78,1,1.0,2
436.61,53.59,36.5,69.53,0,0.2841,0
356.08,35.81,40.75,68.56,0,0.2511,0
507.89,49.27,33.72,68.47,0,0.3138,0
269.6,18.14,30.63,58.68,0,0.0834,0
328.55,68.77,30.97,47.84,0,0.2471,0
224.94,23.94,20.25,48.15,0,0.0521,0
214.64,7.16,25.75,26.33,0,0.0473,0
150.45,16.76,26.39,90.34,0,0.0705,0
165.92,2.34,19.87,60.3,0,0.0297,0
11.08,25.44,29.14,55.11,0,0.0488,0
374.18,40.99,34.14,80.85,0,0.209,0
538.34,24.76,41.1,58.66,0,0.3652,1
444.51,48.98,31.56,74.4,0,0.24,0
240.63,26.83,23.24,54.54,0,0.0627,0
108.36,13.64,29.52,48.87,0,0.0485,0
111.8,24.8,31.57,63.32,0,0.0585,0
312.87,54.6,37.48,45.47,0,0.2511,0
394.94,107.24,35.17,55.87,0,0.4847,1
128.2,3.43,24.82,67.16,0,0.0328,0
204.06,3.08,28.4,57.9,0,0.0504,0
234.31,2.08,27.45,62.11,0,0.0513,0
202.34,14.33,23.53,63.92,0,0.0469,0
226.98,21.46,19.64,80.43,0,0.0634,0
419.08,11.92,38.15,57.5,0,0.2062,0
254.36,15.25,16.55,38.07,0,0.0488,0
440.77,54.17,51.64,71.91,0,0.5483,1
139.54,17.19,28.13,80.4,0,0.0639,0
178.48,34.26,44.57,67.21,0,0.2024,0
297.65,21.6,25.93,62.65,0,0.0775,0
671.96,37.68,35.98,58.77,0,0.4468,1
106.15,7.55,17.5,53.28,0,0.0238,0
105.97,5.19,21.93,49.75,0,0.0247,0
231.85,10.91,17.98,53.62,0,0.0421,0
79.15,5.24,25.93,31.99,0,0.0262,0
254.16,20.05,22.29,64.61,0,0.0618,0
303.36,9.69,29.52,51.36,0,0.0779,0
1127.13,142.4,53.59,67.58,0,1.0,2
873.58,112.4,44.47,72.95,0,1.0,2
259.54,10.32,21.18,51.41,0,0.0506,0
639.08,150.34,64.81,29.35,1,1.0,2
939.78,160.64,51.78,77.78,0,1.0,2
316.53,62.81,24.06,82.1,0,0.2031,0
6.48,26.79,24.16,80.34,0,0.0593,0
243.98,25.97,45.15,57.03,0,0.2042,0
283.59,16.49,20.96,86.09,0,0.0837,0
481.8,50.18,38.95,66.76,0,0.3618,0
23.65,8.5,29.66,49.34,0,0.0357,0
202.68,12.62,18.0,70.31,0,0.0433,0
86.76,27.74,29.75,51.56,0,0.0597,0
120.3,21.68,24.3,57.28,0,0.0461,0
236.55,14.56,31.2,45.4,0,0.0669,0
196.23,3.97,36.01,82.07,0,0.0991,0
163.22,19.06,22.26,53.83,0,0.0401,0
33.59,19.74,26.04,25.63,0,0.0351,0
495.73,52.67,35.0,82.96,0,0.3382,0
189.42,23.32,32.84,61.55,0,0.0771,0
241.23,27.75,28.23,41.82,0,0.0735,0
309.74,40.39,31.56,49.12,0,0.136,0
327.43,14.87,44.9,64.32,0,0.2283,0
187.03,23.07,27.93,57.55,0,0.0558,0
155.09,27.68,15.8,58.29,0,0.0439,0
439.68,53.12,29.89,59.35,0,0.2263,0
193.91,0.0,19.64,50.24,0,0.0323,0
187.92,17.48,23.17,53.23,0,0.0454,0
154.4,11.83,17.77,72.65,0,0.04,0
225.27,12.12,21.1,59.46,0,0.0472,0
533.45,175.31,38.19,63.36,0,0.6998,2
803.34,126.51,44.47,55.96,0,1.0,2
351.7,33.16,36.01,73.24,0,0.1766,0
69.46,14.32,22.7,87.88,0,0.0526,0
266.01,11.48,34.62,56.41,0,0.0937,0
524.3,25.31,35.56,80.4,0,0.3117,1
376.07,56.3,41.62,80.49,0,0.3311,1
308.71,23.51,21.72,62.56,0,0.0768,0
344.34,16.43,40.73,63.99,0,0.1892,0
221.58,19.15,24.06,87.32,0,0.0708,0
31.18,26.95,24.37,64.4,0,0.0399,0
225.54,29.76,35.02,90.97,0,0.1381,0
602.8,57.91,27.08,57.28,0,0.3711,1
218.05,3.32,21.07,55.33,0,0.0386,0
272.16,3.05,17.26,49.39,0,0.048,0
188.57,4.95,17.78,68.24,0,0.038,0
462.33,38.61,37.18,73.87,0,0.2963,0
219.36,27.32,36.63,43.17,0,0.1139,0
195.32,10.4,17.18,58.36,0,0.037,0
217.61,15.99,28.19,59.26,0,0.0572,0
518.24,159.14,31.3,51.69,0,0.5586,1
0.0,0.0,21.49,46.21,0,0.0166,0
562.23,39.63,44.01,53.24,0,0.5024,1
291.04,16.23,47.61,63.95,0,0.2348,0
131.47,7.81,25.86,67.56,0,0.0406,0
7.68,21.42,21.47,50.29,0,0.0336,0
503.97,32.26,45.16,70.46,0,0.4294,1
364.59,44.07,33.11,78.59,0,0.1993,0
99.33,13.64,14.02,77.73,0,0.0389,0
416.41,59.43,38.93,63.39,0,0.3604,1
120.26,2.35,24.54,47.4,0,0.0278,0
170.22,30.34,33.25,57.87,0,0.0864,0
153.28,12.67,24.63,41.33,0,0.038,0
168.66,25.3,30.69,52.73,0,0.0679,0
145.74,10.46,26.45,49.18,0,0.039,0
196.38,39.94,26.82,91.74,0,0.1099,0
113.47,29.59,30.79,73.13,0,0.0776,0
74.29,22.35,20.21,64.51,0,0.0396,0
113.37,18.11,22.1,53.26,0,0.0379,0
159.48,16.18,23.7,57.34,0,0.0439,0
104.21,12.55,25.14,42.54,0,0.0328,0
12.24,0.0,28.12,68.54,0,0.0332,0
115.95,26.81,34.62,38.27,0,0.0767,0
159.42,0.0,32.72,50.63,0,0.0498,0
288.54,70.08,27.38,57.26,0,0.2419,0
931.9,134.12,50.7,76.0,0,1.0,2
165.21,0.0,21.53,34.36,0,0.0283,0
660.43,107.36,63.25,32.3,1,1.0,2
341.32,62.03,28.2,63.81,0,0.2108,0
257.8,16.06,35.68,51.61,0,0.0971,0
283.53,11.84,25.56,86.99,0,0.0849,0
155.59,15.37,28.94,37.44,0,0.0526,0
462.61,43.77,37.16,77.56,0,0.2858,0
828.72,60.52,35.38,44.4,0,0.6185,1
3.43,0.0,25.64,68.35,0,0.0261,0
582.45,34.23,32.39,58.53,0,0.3196,0
179.03,18.13,21.01,52.69,0,0.0398,0
400.48,55.72,41.37,76.99,0,0.3533,0
117.3,22.3,17.74,62.14,0,0.0385,0
164.76,0.0,25.88,48.9,0,0.0347,0
217.92,51.34,25.59,53.66,0,0.1283,0
121.83,19.66,22.55,80.43,0,0.054,0
225.76,1.68,27.68,43.39,0,0.0484,0
191.89,11.79,21.42,47.54,0,0.039,0
1064.46,141.56,60.68,68.67,0,1.0,2
336.58,21.7,27.55,61.46,0,0.0931,0
134.44,22.78,30.26,87.49,0,0.0754,0
329.66,22.48,44.89,81.26,0,0.2681,0
124.55,11.88,20.82,52.79,0,0.0288,0
176.9,12.22,26.76,70.68,0,0.0513,0
339.28,19.16,31.41,76.89,0,0.1182,0
17.45,21.89,27.74,62.43,0,0.043,0
146.15,7.83,20.22,83.33,0,0.0482,0
359.19,8.09,23.87,27.28,0,0.0872,0
287.79,107.68,25.91,57.5,0,0.3574,0
301.13,68.3,52.33,79.87,0,0.5436,1
33.03,22.81,25.68,37.46,0,0.0393,0
469.03,44.77,43.76,67.72,0,0.419,1
169.58,18.85,22.47,61.11,0,0.0444,0
733.32,113.78,51.17,65.67,0,1.0,2
204.73,14.38,24.84,97.6,0,0.0768,0
236.35,1.18,23.5,72.81,0,0.0504,0
117.9,21.82,24.97,37.51,0,0.0398,0
32.3,32.06,18.72,32.39,0,0.047,0
524.58,259.55,34.34,35.84,0,0.6126,1
116.67,4.66,24.16,55.37,0,0.0293,0
187.45,15.52,25.96,75.98,0,0.0568,0
210.1,3.84,25.17,45.31,0,0.0411,0
75.0,19.52,19.33,49.01,0,0.029,0
192.15,0.0,26.8,69.9,0,0.0449,0
210.69,15.58,21.34,40.49,0,0.0448,0
499.86,29.84,34.14,71.01,0,0.2478,0
147.76,12.84,19.4,54.19,0,0.0311,0
159.09,16.41,34.56,84.08,0,0.0913,0
444.08,41.95,44.26,72.61,0,0.3814,1
370.81,26.38,31.96,39.53,0,0.1354,0
158.31,17.61,23.36,32.78,0,0.0411,0
274.68,9.53,20.59,54.07,0,0.0561,0
231.16,31.71,32.89,88.76,0,0.1321,0
430.79,45.61,33.04,75.74,0,0.2349,0
946.42,108.18,41.36,57.27,0,1.0,2
68.47,12.61,26.73,83.57,0,0.0538,0
574.97,31.55,31.23,58.74,0,0.2984,0
315.75,43.05,40.39,76.13,0,0.2228,0
240.57,17.58,32.17,63.37,0,0.0804,0
929.34,50.33,30.48,58.25,0,0.5108,1
290.4,30.5,25.25,87.83,0,0.1035,0
131.0,10.0,29.79,49.84,0,0.0474,0
93.18,6.75,32.86,46.14,0,0.0493,0
117.76,29.83,25.24,55.82,0,0.0514,0
26.36,8.81,29.47,64.94,0,0.0362,0
201.49,79.94,27.34,41.62,0,0.2502,0
186.15,34.06,15.15,54.49,0,0.0626,0
218.51,22.0,27.26,52.6,0,0.059,0
168.34,12.87,24.83,42.49,0,0.0374,0
320.63,21.27,26.21,58.39,0,0.0907,0
439.7,184.43,47.72,59.67,0,0.8729,2
440.03,49.88,54.72,91.22,0,0.5767,1
203.02,19.38,22.62,53.37,0,0.0502,0
987.1,78.49,38.94,47.56,0,0.8352,2
194.51,6.23,28.74,53.35,0,0.0523,0
260.9,15.94,26.33,57.31,0,0.0576,0
187.83,15.15,29.09,83.56,0,0.0699,0
19.4,24.08,33.55,64.15,0,0.0682,0
988.72,46.45,27.58,45.78,0,0.4682,1
1055.34,75.22,63.41,20.17,1,1.0,2
1103.88,45.83,38.48,54.62,0,0.6273,1
928.21,73.02,29.99,58.7,0,0.6059,1
148.2,8.21,22.36,61.5,0,0.0317,0
443.01,42.89,36.79,76.58,0,0.2751,0
167.48,15.45,32.21,38.48,0,0.0597,0
155.05,15.56,27.64,43.92,0,0.0467,0
242.52,46.72,40.13,69.37,0,0.2196,0
157.76,9.04,20.47,53.77,0,0.0325,0
138.27,14.29,28.82,56.09,0,0.0425,0
246.31,30.28,44.42,62.79,0,0.2094,0
210.7,67.56,27.06,64.62,0,0.2003,0
116.97,6.57,34.7,53.05,0,0.0642,0
257.21,51.66,26.33,56.63,0,0.138,0
943.5,139.08,48.75,98.85,0,1.0,2
33.17,10.0,23.96,61.56,0,0.0283,0
516.25,28.06,27.21,60.7,0,0.22,0
358.59,19.0,47.03,53.17,0,0.2734,0
107.39,21.21,30.04,47.2,0,0.0538,0
134.36,14.65,26.08,49.7,0,0.0421,0
203.5,13.96,27.89,54.32,0,0.0513,0
168.88,3.76,33.74,85.05,0,0.0826,0
330.82,14.16,22.88,73.97,0,0.0877,0
556.85,28.02,34.61,77.14,0,0.3117,0
232.83,29.36,26.08,86.12,0,0.0923,0
209.14,15.11,32.37,80.96,0,0.0859,0
7.38,23.66,24.58,43.15,0,0.0374,0
118.43,24.21,22.6,68.66,0,0.0458,0
354.63,16.64,23.32,52.31,0,0.0893,0
60.04,25.25,20.9,47.89,0,0.0374,0
34.23,16.77,25.54,56.35,0,0.0311,0
114.35,6.09,25.62,30.46,0,0.0298,0
126.6,16.12,33.78,53.21,0,0.0605,0
292.83,24.81,26.86,49.84,0,0.0804,0
1204.83,148.21,46.82,73.26,0,1.0,2
152.31,36.37,27.99,58.44,0,0.0686,0
10.75,7.79,22.59,57.21,0,0.0211,0
107.11,13.36,22.77,52.15,0,0.03,0
224.21,16.79,29.53,59.06,0,0.0678,0
192.09,25.19,28.21,71.44,0,0.0766,0
7.77,3.4,28.0,62.65,0,0.0301,0
348.04,35.64,61.41,86.73,0,0.4236,1
370.62,33.91,57.36,91.89,0,0.4209,1
497.34,49.52,35.21,80.0,0,0.3274,0
152.51,11.65,25.95,43.74,0,0.0393,0
336.41,29.11,42.67,77.27,0,0.2458,0
409.75,39.02,36.29,82.7,0,0.2568,0
461.28,4.87,33.88,77.62,0,0.2002,0
50.42,20.01,19.3,67.92,0,0.0351,0
346.1,26.63,37.64,42.39,0,0.1609,0
483.71,42.52,36.66,65.12,0,0.2979,0
335.41,10.53,32.0,59.58,0,0.1044,0
14.41,25.43,24.24,61.37,0,0.0399,0
386.99,145.04,33.24,52.09,0,0.4764,1
877.31,83.02,53.27,50.39,1,1.0,2
236.5,42.5,47.4,74.98,0,0.302,0
244.33,83.1,27.85,61.52,0,0.2803,0
534.7,42.44,35.07,64.82,0,0.3417,0
302.5,16.33,28.16,77.87,0,0.0912,0
481.91,30.69,46.63,87.0,0,0.447,1
107.27,15.06,21.5,62.61,0,0.0316,0
209.03,11.8,22.75,49.39,0,0.0411,0
936.26,140.12,52.38,70.19,0,1.0,2
67.5,21.64,27.81,65.31,0,0.0485,0
327.99,53.28,32.21,69.29,0,0.1877,0
178.3,10.44,23.72,58.45,0,0.0393,0
6.96,20.12,21.99,32.42,0,0.0284,0
178.2,22.24,35.75,65.84,0,0.0922,0
393.27,49.91,36.37,91.36,0,0.2724,0
261.79,20.15,24.14,52.71,0,0.0598,0
386.61,43.96,35.11,80.14,0,0.2278,0
308.05,152.06,23.87,41.33,0,0.3844,1
147.06,23.36,23.2,68.59,0,0.0505,0
380.57,55.45,54.22,63.22,0,0.5046,1
75.6,0.0,19.48,47.32,0,0.0185,0
400.94,12.68,38.95,52.97,0,0.203,0
89.96,15.24,16.87,36.6,0,0.0253,0
467.15,43.45,52.98,76.06,0,0.5414,1
243.09,13.38,29.7,60.32,0,0.0638,0
113.29,19.96,37.5,64.14,0,0.0848,0
291.58,0.0,27.83,56.64,0,0.0671,0
227.02,2.96,23.71,39.65,0,0.0406,0
282.91,6.14,29.25,47.94,0,0.065,0
495.69,54.84,26.23,51.83,0,0.2635,0
228.15,146.38,36.71,60.54,0,0.4717,1
866.15,113.01,41.93,73.08,0,1.0,2
43.26,13.9,28.3,33.0,0,0.0369,0
34.44,25.93,23.61,67.66,0,0.0433,0
75.55,4.54,18.82,54.9,0,0.0238,0
166.2,9.64,27.52,47.15,0,0.0443,0
574.43,121.53,56.99,70.72,1,1.0,2
187.71,21.12,21.56,93.74,0,0.0692,0
124.08,6.75,28.5,64.18,0,0.0431,0
141.67,23.53,27.3,59.66,0,0.053,0
200.1,10.51,19.22,42.84,0,0.0361,0
121.74,24.21,27.08,62.04,0,0.05,0
501.35,39.86,35.58,46.87,0,0.2916,0
158.17,3.86,23.4,61.31,0,0.0325,0
367.67,16.75,26.27,60.05,0,0.0963,0
297.69,0.19,30.45,62.71,0,0.0765,0
745.37,132.51,37.28,66.69,0,0.8819,2
319.11,4.91,16.07,48.43,0,0.0635,0
116.05,16.93,25.11,48.26,0,0.0333,0
512.5,25.26,37.61,65.14,0,0.2968,0
385.22,135.07,36.38,50.16,0,0.5284,1
283.54,1.89,42.34,59.96,0,0.1802,0
194.8,21.07,26.88,73.22,0,0.0613,0
406.25,40.6,35.95,83.17,0,0.2223,0
94.92,14.38,25.81,54.33,0,0.0323,0
256.79,6.13,20.99,51.52,0,0.0478,0
6.35,1.44,24.91,50.48,0,0.0203,0
804.18,109.04,46.49,36.38,1,1.0,2
127.89,10.12,21.35,39.93,0,0.0276,0
904.69,157.77,46.62,67.0,0,1.0,2
299.7,72.8,25.09,66.25,0,0.2401,0
104.34,10.68,17.55,50.72,0,0.0286,0
279.46,92.95,28.67,52.38,0,0.3158,0
61.25,18.67,38.32,58.31,0,0.1,0
59.02,7.41,26.54,35.74,0,0.0273,0
105.77,15.73,21.62,79.53,0,0.0429,0
95.17,5.08,26.56,29.5,0,0.0276,0
383.38,35.62,23.81,38.65,0,0.1321,0
128.98,16.76,29.75,77.68,0,0.0587,0
186.45,18.59,21.59,56.62,0,0.0452,0
422.99,126.04,40.08,50.67,0,0.626,1
182.43,20.64,27.31,74.46,0,0.0655,0
6.09,12.62,31.26,31.4,0,0.0407,0
93.45,0.0,20.37,51.18,0,0.0213,0
109.15,12.95,26.2,44.91,0,0.0346,0
205.31,31.12,27.63,38.01,0,0.071,0
287.49,9.98,17.67,64.77,0,0.0625,0
451.56,19.27,40.6,65.87,0,0.2762,0
1021.21,117.69,50.72,56.21,0,1.0,2
1002.08,38.89,33.77,66.61,0,0.5335,1
233.78,18.15,15.84,75.93,0,0.0536,0
152.36,0.0,26.96,65.16,0,0.0393,0
385.27,168.28,36.82,47.67,0,0.5417,1
196.74,29.26,26.26,35.27,0,0.0694,0
448.17,44.35,21.38,65.05,0,0.1827,0
464.8,57.53,38.41,91.84,0,0.3807,0
149.3,14.02,25.22,40.53,0,0.04,0
792.34,154.2,40.16,77.14,0,0.9966,2
282.23,42.52,43.81,51.24,0,0.2382,0
178.64,16.6,36.31,51.65,0,0.0902,0
124.05,0.0,22.66,61.21,0,0.0278,0
226.11,23.69,29.63,66.93,0,0.0728,0
164.93,26.68,30.65,53.99,0,0.0634,0
167.66,18.48,22.7,83.25,0,0.0622,0
206.09,17.97,26.77,75.32,0,0.0613,0
276.93,17.36,30.47,80.66,0,0.0965,0
162.34,17.74,26.24,62.58,0,0.048,0
393.92,63.13,54.88,68.49,0,0.5988,1
161.82,45.4,31.64,87.61,0,0.1232,0
1235.73,67.78,38.08,72.86,0,0.7444,2
493.11,20.65,41.26,57.17,0,0.3195,0
190.23,16.69,30.56,89.62,0,0.0834,0
238.71,22.63,25.78,47.1,0,0.0673,0
437.38,38.27,37.39,79.12,0,0.275,0
29.36,31.08,26.87,52.77,0,0.0552,0
225.74,38.56,43.57,79.8,0,0.2324,0
237.89,14.29,24.29,32.82,0,0.0506,0
624.51,15.23,24.8,59.94,0,0.2847,0
201.42,8.9,31.64,54.16,0,0.0598,0
48.53,0.34,17.21,45.35,0,0.0157,0
118.29,20.22,28.92,46.16,0,0.0494,0
572.9,34.77,31.26,57.65,0,0.3073,0
1181.69,64.96,29.12,38.68,0,0.5704,1
76.84,14.68,31.59,63.94,0,0.0486,0
180.79,9.92,27.71,54.4,0,0.0473,0
328.04,52.57,52.25,75.25,0,0.427,1
121.33,22.73,23.53,69.59,0,0.0443,0
336.68,16.93,57.35,89.19,0,0.3541,0
225.98,16.26,33.0,70.04,0,0.0815,0
99.57,3.46,19.44,83.59,0,0.0387,0
856.27,134.86,45.72,63.29,0,1.0,2
143.85,12.31,24.19,58.42,0,0.038,0
232.86,0.0,24.49,81.36,0,0.0568,0
269.15,30.65,23.48,27.86,0,0.0773,0
283.61,58.95,26.49,44.69,0,0.1697,0
120.25,14.42,28.14,49.49,0,0.0439,0
247.0,1.27,23.6,44.25,0,0.0444,0
371.27,24.03,20.76,87.85,0,0.1227,0
144.57,8.66,23.79,75.61,0,0.0448,0
184.87,22.95,23.17,93.23,0,0.0811,0
44.29,8.11,32.4,62.29,0,0.052,0
129.19,6.66,24.78,62.02,0,0.035,0
372.63,51.22,44.04,87.16,0,0.3645,0
435.14,49.12,35.81,72.88,0,0.2778,0
53.11,17.91,25.2,77.91,0,0.0476,0
249.56,2.37,23.17,76.15,0,0.0583,0
314.92,49.54,39.27,53.0,0,0.2342,0
73.57,26.94,33.0,63.36,0,0.0673,0
49.17,10.7,28.36,68.68,0,0.0395,0
210.01,16.43,32.35,85.15,0,0.0906,0
79.9,1.55,30.37,37.74,0,0.0357,0
86.62,21.12,22.62,53.48,0,0.0339,0
301.75,22.15,30.75,93.27,0,0.1202,0
830.31,128.53,54.51,61.63,1,1.0,2
563.94,103.43,40.39,62.11,0,0.7332,2
579.73,54.55,24.69,56.71,0,0.3355,0
592.35,180.56,63.7,35.34,1,1.0,2
233.92,6.12,23.34,66.5,0,0.0498,0
223.31,7.09,31.8,80.76,0,0.0778,0
163.77,0.69,19.04,51.02,0,0.0265,0
113.89,1.95,27.07,46.05,0,0.0307,0
457.5,36.44,40.46,54.8,0,0.3238,0
220.43,27.23,30.8,55.65,0,0.0771,0
198.79,8.66,24.02,39.56,0,0.041,0
108.87,23.0,25.13,43.55,0,0.041,0
375.16,118.9,33.21,42.81,0,0.4623,1
306.36,17.57,25.07,51.36,0,0.0774,0
479.81,201.96,39.21,59.26,0,0.6689,1
41.49,5.47,32.8,75.63,0,0.0559,0
1043.09,157.18,45.6,65.0,0,1.0,2
277.7,56.24,47.68,68.73,0,0.3957,1
733.28,33.07,36.35,60.61,0,0.4778,1
177.63,21.95,27.44,53.39,0,0.0523,0
138.83,11.92,24.8,40.14,0,0.0344,0
362.49,46.63,37.56,85.01,0,0.2306,0
483.0,19.52,38.37,100.0,0,0.2928,0
850.61,56.46,64.4,66.59,1,1.0,2
156.57,9.09,33.29,75.97,0,0.0766,0
191.14,29.73,26.36,85.72,0,0.0815,0
710.54,29.34,43.61,63.03,0,0.6213,1
96.83,30.86,24.64,48.06,0,0.0505,0
1193.02,89.3,36.18,59.75,0,0.8019,2
300.5,13.36,30.99,20.71,0,0.0909,0
271.88,20.58,28.73,53.14,0,0.0737,0
109.38,7.68,31.59,48.76,0,0.0497,0
187.16,0.0,22.16,54.06,0,0.0326,0
300.73,28.49,23.01,78.71,0,0.0947,0
1397.31,67.0,26.71,46.51,0,0.5745,1
282.19,15.67,20.45,47.0,0,0.0611,0
159.72,11.52,21.94,51.09,0,0.0355,0
196.45,22.19,14.02,57.14,0,0.0435,0
425.39,37.71,37.88,80.14,0,0.2539,0
217.69,19.27,28.32,96.46,0,0.0906,0
310.59,2.13,22.41,92.17,0,0.0931,0
324.45,22.42,22.86,67.73,0,0.0895,0
871.27,61.79,61.53,38.11,1,1.0,2
284.71,15.01,26.13,81.97,0,0.0852,0
565.55,22.37,25.63,65.15,0,0.2478,0
261.36,11.07,29.16,48.51,0,0.0648,0
8.74,21.18,29.0,38.25,0,0.045,0
158.87,21.17,32.55,60.58,0,0.0732,0
11.35,20.95,30.17,71.77,0,0.0474,0
522.38,60.85,29.53,63.7,0,0.3312,1
224.14,19.07,31.88,82.95,0,0.09,0
377.95,23.94,46.68,66.0,0,0.3219,0
311.15,39.64,41.79,68.45,0,0.2432,0
25.28,26.18,16.73,53.15,0,0.0352,0
466.58,174.96,37.09,38.52,0,0.6129,1
149.47,11.52,27.62,43.29,0,0.0405,0
871.93,78.35,53.8,60.91,0,1.0,2
50.66,13.36,21.38,57.21,0,0.027,0
107.31,24.86,21.29,60.03,0,0.0413,0
214.58,2.28,23.45,84.48,0,0.0571,0
148.99,15.31,32.18,64.44,0,0.0652,0
367.52,61.97,36.18,57.25,0,0.285,0
103.47,11.62,27.73,60.23,0,0.0393,0
210.38,13.89,17.49,41.09,0,0.0428,0
128.3,12.74,27.42,70.24,0,0.0464,0
1158.65,153.49,50.39,70.57,0,1.0,2
114.01,35.49,33.89,55.66,0,0.0966,0
678.46,158.39,61.14,52.83,0,1.0,2
112.2,9.38,25.84,50.32,0,0.0343,0
214.65,25.15,28.01,67.77,0,0.0735,0
243.81,8.13,18.01,47.0,0,0.0438,0
421.55,13.99,39.93,61.44,0,0.2448,0
545.35,38.66,33.13,72.48,0,0.2894,0
389.83,62.0,45.54,80.93,0,0.4658,1
108.35,20.09,28.26,45.12,0,0.045,0
6.22,11.09,29.54,70.39,0,0.043,0
307.49,21.93,56.28,88.11,0,0.3345,0
317.2,127.61,40.87,60.18,0,0.5783,1
1149.11,74.32,33.31,50.98,0,0.6698,1
232.9,11.6,30.66,49.2,0,0.0619,0
276.56,65.31,26.85,75.92,0,0.2196,0
355.55,22.03,57.2,80.4,0,0.3749,0
544.43,22.21,25.66,56.4,0,0.2292,0
119.22,12.22,22.5,60.04,0,0.0331,0
850.51,89.63,33.07,72.79,0,0.7158,2
71.11,7.94,28.09,45.32,0,0.0327,0
274.98,22.38,46.26,69.24,0,0.2548,0
408.57,45.89,40.46,72.42,0,0.3059,0
122.73,8.13,30.31,61.12,0,0.0474,0
73.32,1.67,23.67,75.62,0,0.0333,0
337.85,15.57,40.37,66.02,0,0.1908,0
307.19,22.69,17.75,57.82,0,0.0731,0
716.54,20.6,25.52,63.68,0,0.3543,0
892.2,100.31,43.02,82.59,0,1.0,2
43.32,3.36,28.53,59.67,0,0.0318,0
210.47,42.53,25.46,52.3,0,0.092,0
219.57,5.83,20.51,61.97,0,0.0416,0
125.22,8.36,23.23,54.71,0,0.0296,0
29.66,6.18,28.53,54.87,0,0.0332,0
231.88,9.99,26.96,69.08,0,0.0592,0
254.22,10.94,30.33,91.95,0,0.0933,0
189.2,7.7,29.87,41.48,0,0.0487,0
248.13,22.42,16.96,33.36,0,0.0595,0
783.24,54.39,71.32,25.62,1,1.0,2
141.25,23.13,18.55,59.6,0,0.0425,0
207.58,0.0,21.8,34.71,0,0.0359,0
102.37,8.31,29.55,63.83,0,0.0416,0
148.95,9.65,32.7,64.47,0,0.0599,0
240.93,18.56,23.59,61.96,0,0.0595,0
736.82,60.94,36.82,74.11,0,0.5958,1
282.64,72.9,38.29,45.54,0,0.3318,0
191.67,15.03,18.46,51.6,0,0.0363,0
138.54,11.5,28.08,78.58,0,0.0522,0
644.36,130.82,51.71,52.96,1,1.0,2
556.99,13.62,56.04,90.64,0,0.6165,1
517.96,207.84,32.26,66.79,0,0.5689,1
139.91,2.8,29.45,31.45,0,0.0383,0
298.84,14.28,17.56,72.07,0,0.0676,0
88.25,28.2,21.68,48.23,0,0.0418,0
195.17,18.72,28.45,47.96,0,0.0531,0
144.34,29.39,21.81,46.84,0,0.0511,0
291.45,25.06,41.41,62.81,0,0.1835,0
529.92,26.87,44.3,46.88,0,0.4292,1
385.1,52.37,39.51,85.21,0,0.3283,0
213.62,21.54,14.97,48.07,0,0.0434,0
320.4,15.84,39.65,41.19,0,0.1697,0
78.78,10.75,23.11,84.28,0,0.0446,0
397.34,41.26,52.48,93.48,0,0.4494,1
793.76,161.65,56.35,50.68,1,1.0,2
122.96,14.98,29.44,51.49,0,0.0555,0
288.29,84.48,26.81,62.06,0,0.2987,0
399.17,39.58,50.68,78.4,0,0.4034,1
269.06,5.52,21.64,81.15,0,0.0693,0
114.67,13.51,17.54,49.44,0,0.0302,0
249.63,59.63,25.26,57.39,0,0.1591,0
288.62,77.64,36.0,66.42,0,0.3272,0
160.36,11.54,24.26,64.65,0,0.0377,0
141.47,12.6,24.87,51.95,0,0.0361,0
243.03,0.3,28.82,82.17,0,0.0756,0
371.33,149.84,43.93,36.69,0,0.6912,1
155.75,13.31,33.43,56.07,0,0.0678,0
976.4,181.32,51.43,76.18,0,1.0,2
380.89,80.74,26.77,65.37,0,0.3102,0
149.47,5.05,29.44,47.58,0,0.0458,0
692.62,138.85,58.65,36.91,1,1.0,2
179.79,0.47,41.6,60.22,0,0.1299,0
358.66,80.12,38.33,55.32,0,0.4057,1
675.23,171.88,51.56,44.21,1,1.0,2
105.95,14.94,19.09,78.44,0,0.0393,0
136.17,23.82,22.49,46.51,0,0.0471,0
104.09,0.49,30.54,51.24,0,0.0395,0
169.31,13.23,32.46,68.91,0,0.0639,0
113.23,23.46,22.45,31.94,0,0.043,0
214.42,98.05,30.1,64.51,0,0.3319,0
517.95,146.03,66.64,38.09,1,1.0,2
377.71,35.33,33.55,76.87,0,0.1805,0
173.23,24.7,22.15,47.45,0,0.0462,0
329.34,54.38,39.2,84.25,0,0.2711,0
0.56,17.38,30.29,42.69,0,0.0416,0
319.37,25.54,50.71,57.35,0,0.2854,0
266.21,12.26,57.92,73.02,0,0.2871,0
109.1,13.64,24.71,29.11,0,0.0312,0
120.74,12.35,19.56,57.71,0,0.0289,0
14.0,3.55,30.68,56.68,0,0.0317,0
223.81,24.07,34.76,59.68,0,0.0929,0
119.21,9.46,23.98,44.39,0,0.0287,0
96.26,7.82,15.97,38.6,0,0.0227,0
861.1,132.99,59.99,39.1,1,1.0,2
52.32,10.84,21.32,45.32,0,0.0248,0
139.17,13.58,35.25,50.86,0,0.0644,0
574.58,43.23,42.61,70.34,0,0.5205,1
187.88,19.73,19.56,58.39,0,0.0431,0
223.52,14.37,23.1,42.33,0,0.0466,0
261.21,37.67,31.3,44.65,0,0.107,0
390.01,30.81,46.27,66.17,0,0.3182,0
2.4,4.12,36.4,80.54,0,0.0787,0
195.69,18.42,19.05,58.14,0,0.0434,0
117.25,22.25,20.35,59.25,0,0.0381,0
63.19,8.96,33.24,68.92,0,0.0579,0
106.12,23.87,19.5,53.04,0,0.0362,0
45.65,26.27,27.89,61.4,0,0.0486,0
110.99,7.59,29.39,22.2,0,0.0357,0
77.95,17.62,19.78,59.83,0,0.0322,0
615.25,13.17,36.5,84.69,0,0.3879,1
223.38,18.26,29.61,54.3,0,0.064,0
394.12,20.74,46.46,51.0,0,0.3006,0
123.63,13.34,22.23,43.43,0,0.0332,0
246.48,15.09,28.26,80.72,0,0.0797,0
162.48,19.07,16.92,69.58,0,0.0438,0
161.05,23.81,30.49,68.45,0,0.0699,0
3.76,25.08,20.1,54.93,0,0.0361,0
192.69,4.69,27.46,52.53,0,0.0472,0
274.77,20.34,19.69,66.5,0,0.0635,0
20.12,3.95,25.19,59.29,0,0.0245,0
779.58,154.25,60.87,67.57,0,1.0,2
121.14,25.84,25.98,50.69,0,0.0459,0
365.03,26.25,45.74,46.8,0,0.2774,0
302.21,43.46,48.97,65.7,0,0.3334,0
291.59,73.69,42.05,42.83,0,0.3976,1
103.52,25.94,30.86,68.18,0,0.0629,0
263.48,34.25,27.02,44.87,0,0.0909,0
465.35,166.71,39.81,55.6,0,0.6724,1
149.61,24.49,25.97,49.13,0,0.0515,0
346.04,8.87,23.7,53.53,0,0.0791,0
434.37,59.71,23.72,53.72,0,0.2464,0
211.24,5.88,22.71,30.77,0,0.0375,0
186.6,1.84,20.98,31.41,0,0.0302,0
231.61,14.93,19.49,74.35,0,0.0572,0
162.44,21.9,30.83,55.47,0,0.0608,0
61.26,16.22,28.58,64.68,0,0.0427,0
223.22,3.36,30.06,47.82,0,0.057,0
146.36,17.12,27.84,60.19,0,0.049,0
231.83,15.87,24.63,53.47,0,0.0525,0
57.29,19.64,15.71,33.46,0,0.0293,0
297.42,61.25,33.67,43.88,0,0.2256,0
280.07,22.27,46.52,92.89,0,0.2663,0
220.99,8.32,22.75,53.45,0,0.0449,0
224.85,79.62,30.84,52.72,0,0.2587,0
410.47,23.45,23.79,68.31,0,0.1346,0
109.65,2.13,18.72,56.79,0,0.0228,0
674.23,158.62,50.98,55.06,0,1.0,2
330.64,18.89,40.14,77.17,0,0.1975,0
444.09,25.53,37.08,74.07,0,0.2517,0
51.59,13.14,24.54,54.48,0,0.0294,0
537.01,213.71,36.49,45.49,0,0.6607,2
175.59,27.64,28.25,76.51,0,0.0737,0
93.65,20.39,24.14,58.49,0,0.0386,0
186.53,16.43,18.84,54.5,0,0.0412,0
594.29,149.39,42.07,65.32,0,0.8847,2
320.69,22.54,25.45,86.52,0,0.1036,0
805.96,59.55,30.49,59.9,0,0.5157,1
104.6,4.21,28.13,55.43,0,0.037,0
490.87,40.8,32.47,99.05,0,0.2865,0
274.74,58.18,34.98,86.35,0,0.2604,0
212.2,4.83,23.09,87.38,0,0.063,0
198.14,25.15,26.55,67.38,0,0.0623,0
895.39,108.57,41.53,61.07,1,1.0,2
335.76,55.45,41.28,71.79,0,0.3119,0
566.33,43.37,34.71,40.96,0,0.3554,0
185.59,22.1,31.27,42.24,0,0.0649,0
334.71,41.62,43.35,53.66,0,0.2652,0
145.53,1.58,19.17,65.11,0,0.0268,0
178.21,14.76,18.14,47.63,0,0.0379,0
236.0,12.79,22.81,48.85,0,0.0477,0
194.0,18.64,31.71,70.14,0,0.0699,0
255.03,78.94,26.04,60.47,0,0.2591,0
796.71,53.24,34.39,53.29,0,0.5389,1
194.12,1.12,23.51,61.84,0,0.0381,0
69.48,14.32,33.63,84.41,0,0.0833,0
18.02,19.8,25.21,65.71,0,0.0362,0
193.84,19.42,23.26,47.84,0,0.0506,0
112.25,4.73,24.24,42.82,0,0.0293,0
74.12,12.45,21.77,49.52,0,0.0275,0
67.27,3.95,27.64,48.02,0,0.0315,0
106.26,20.55,26.13,49.8,0,0.0396,0
409.15,31.96,49.28,70.88,0,0.3841,1
392.52,159.87,33.75,62.58,0,0.5003,1
377.55,30.13,50.48,77.18,0,0.3609,0
191.41,24.27,31.5,92.76,0,0.0956,0
226.84,29.85,24.18,55.92,0,0.0657,0
867.76,126.38,49.13,52.12,0,1.0,2
214.8,18.77,27.37,43.36,0,0.0556,0
174.74,6.75,24.56,57.36,0,0.0363,0
413.8,170.18,35.38,69.43,0,0.5325,1
433.65,44.64,43.06,76.85,0,0.3542,1
6.63,7.24,22.92,50.72,0,0.0218,0
153.97,17.83,30.67,73.56,0,0.0657,0
7.27,18.88,29.02,58.83,0,0.0423,0
197.11,21.99,26.89,64.65,0,0.0562,0
124.71,11.09,32.84,66.43,0,0.0569,0
267.36,7.66,32.99,56.15,0,0.0853,0
262.99,13.88,22.12,48.29,0,0.0543,0
1045.4,134.36,45.72,62.3,0,1.0,2
1048.75,63.11,39.91,50.64,0,0.7703,2
90.08,8.8,23.16,64.07,0,0.0303,0
601.89,160.7,38.96,62.76,0,0.8039,2
269.24,86.63,35.17,69.83,0,0.3414,0
263.64,35.6,30.51,60.19,0,0.1002,0
202.98,3.22,29.48,49.51,0,0.0493,0
190.19,26.97,19.11,63.43,0,0.0518,0
880.96,128.9,43.0,85.65,0,1.0,2
268.25,107.59,27.06,58.16,0,0.348,0
156.77,8.43,29.06,43.21,0,0.0416,0
327.02,130.84,42.24,46.5,0,0.6266,1
182.65,9.89,28.89,47.31,0,0.0468,0
268.93,15.93,24.76,60.53,0,0.0632,0
139.45,6.93,27.72,71.56,0,0.0437,0
198.74,85.98,36.41,65.76,0,0.3504,0
360.9,47.37,22.69,58.22,0,0.1518,0
226.44,11.96,23.97,52.26,0,0.0494,0
242.19,23.72,26.36,83.42,0,0.0832,0
327.97,54.24,34.59,85.29,0,0.2343,0
216.2,5.51,26.11,54.7,0,0.0423,0
96.98,28.14,24.81,29.91,0,0.0471,0
152.03,1.08,24.58,64.0,0,0.0318,0
261.73,28.44,36.01,71.96,0,0.1283,0
224.24,93.47,35.81,49.4,0,0.4003,1
248.19,57.79,35.61,67.04,0,0.2246,0
466.3,59.6,27.17,46.93,0,0.2862,0
931.87,130.62,48.91,59.74,0,1.0,2
418.97,44.41,35.98,72.07,0,0.2556,0
256.68,10.95,33.79,48.78,0,0.0866,0
212.74,8.17,22.72,58.57,0,0.042,0
574.6,55.35,29.65,60.42,0,0.3395,0
134.01,14.34,25.04,55.51,0,0.0376,0
77.87,16.73,17.63,79.68,0,0.0438,0
427.14,36.59,36.57,66.27,0,0.2244,0
976.08,154.67,39.26,87.53,0,1.0,2
136.08,11.43,20.29,36.35,0,0.0312,0
190.12,6.22,13.96,52.79,0,0.0305,0
364.03,41.67,42.32,80.5,0,0.2926,0
141.11,16.53,28.51,29.68,0,0.0477,0
162.9,11.33,24.05,49.5,0,0.0375,0
231.32,35.15,28.74,89.37,0,0.1082,0
799.08,29.8,40.29,62.51,0,0.5881,1
787.64,137.44,46.1,70.3,0,1.0,2
214.45,14.75,22.04,43.8,0,0.0424,0
157.66,25.64,31.68,79.51,0,0.0825,0
374.79,35.59,42.94,70.07,0,0.2882,0
167.54,17.31,22.22,52.95,0,0.0367,0
0.0,13.1,26.39,45.47,0,0.0276,0
328.87,4.88,23.85,61.83,0,0.0758,0
477.18,36.53,38.12,67.8,0,0.3171,0
327.2,106.25,31.19,66.8,0,0.395,1
392.14,44.55,39.8,74.46,0,0.2917,0
832.04,121.14,58.07,76.99,0,1.0,2
251.65,5.97,30.38,45.75,0,0.0629,0
232.86,50.99,49.6,97.87,0,0.3555,0
420.12,33.44,40.7,69.2,0,0.2762,0
276.95,13.06,23.65,61.62,0,0.06,0
192.93,17.86,26.18,59.56,0,0.0518,0
99.74,23.07,18.31,56.42,0,0.0322,0
200.54,18.64,27.82,84.28,0,0.0743,0
200.36,18.62,20.22,77.63,0,0.0535,0
220.2,27.64,23.07,43.74,0,0.0609,0
719.82,196.11,47.64,33.53,1,1.0,2
81.0,23.96,18.71,38.35,0,0.0342,0
257.94,77.32,51.35,81.73,0,0.5844,1
67.61,13.58,27.62,55.56,0,0.0386,0
14.36,21.65,25.35,39.74,0,0.0343,0
178.45,11.25,17.69,56.72,0,0.0354,0
263.8,8.29,19.33,54.69,0,0.0487,0
261.87,25.4,24.34,63.85,0,0.0679,0
290.76,78.32,32.01,53.33,0,0.2884,0
146.53,28.54,16.72,33.49,0,0.0501,0
488.39,184.13,36.65,56.49,0,0.64,1
126.11,21.72,28.21,53.39,0,0.0459,0
298.97,28.2,22.41,89.83,0,0.1098,0
33.21,14.77,30.68,52.28,0,0.0426,0
342.86,48.56,35.51,69.55,0,0.2092,0
149.36,9.78,28.51,54.93,0,0.0413,0
282.63,28.21,45.31,61.28,0,0.2315,0
818.47,41.93,43.31,61.32,0,0.7089,2
896.01,34.83,39.73,38.91,0,0.6336,1
712.64,61.13,31.15,59.85,0,0.4936,1
211.79,26.45,21.21,37.34,0,0.0571,0
1121.42,184.23,52.33,69.97,0,1.0,2
285.35,87.98,24.31,51.26,0,0.2924,0
337.99,24.99,38.25,72.78,0,0.1793,0
122.73,18.1,27.89,66.49,0,0.0497,0
246.7,4.51,25.81,85.6,0,0.0741,0
313.71,67.0,29.97,67.81,0,0.2282,0
5.17,13.41,24.69,56.42,0,0.027,0
13.89,15.28,20.29,35.27,0,0.0229,0
176.98,25.28,31.95,81.23,0,0.0862,0
50.12,22.27,15.44,48.01,0,0.031,0
252.46,12.43,22.83,48.08,0,0.0529,0
112.5,18.02,18.04,61.63,0,0.0324,0
215.09,21.9,22.26,51.58,0,0.056,0
252.62,4.9,28.05,79.09,0,0.0689,0
73.79,0.0,21.63,31.98,0,0.0198,0
772.68,125.12,50.74,32.93,1,1.0,2
155.88,16.67,26.61,55.4,0,0.0439,0
73.85,29.76,23.5,82.55,0,0.0607,0
642.65,29.81,35.63,43.12,0,0.3873,1
75.72,9.78,24.78,58.95,0,0.0306,0
294.8,11.37,18.74,67.39,0,0.0628,0
360.68,46.81,31.55,72.15,0,0.1856,0
241.74,5.14,16.82,78.15,0,0.0541,0
503.97,18.86,36.23,63.91,0,0.261,0
189.78,20.09,30.84,75.73,0,0.0739,0
346.19,22.24,44.98,69.09,0,0.2645,0
65.16,16.79,24.15,47.8,0,0.0333,0
270.63,6.28,19.63,64.35,0,0.0545,0
421.87,22.3,42.76,59.2,0,0.2765,0
25.96,13.57,14.42,68.55,0,0.0248,0
312.03,95.28,43.53,57.65,0,0.5196,1
28.33,14.79,24.29,39.14,0,0.0281,0
163.56,0.91,26.74,52.29,0,0.0349,0
138.59,14.56,17.65,53.49,0,0.0308,0
428.89,52.76,38.49,63.11,0,0.2984,0
192.22,17.72,23.54,50.11,0,0.0459,0
286.42,33.21,40.58,64.18,0,0.2046,0
142.31,16.45,27.8,53.97,0,0.0445,0
281.83,34.67,57.23,89.08,0,0.3673,1
333.62,23.72,41.69,64.38,0,0.2079,0
163.61,19.11,31.99,57.05,0,0.0657,0
249.88,53.36,21.47,60.51,0,0.126,0
209.33,8.8,25.38,68.07,0,0.0483,0
925.76,81.14,46.85,71.25,0,1.0,2
1201.52,96.53,38.92,70.2,0,0.8774,2
128.33,28.56,33.34,67.18,0,0.0713,0
824.82,188.88,53.1,63.36,0,1.0,2
418.02,41.91,35.37,75.86,0,0.2494,0
454.57,209.47,30.76,59.44,0,0.5094,1
285.6,61.92,14.3,50.54,0,0.1714,0
186.85,77.7,24.07,56.94,0,0.2323,0
180.29,12.28,20.41,43.95,0,0.0376,0
316.65,37.2,49.12,78.1,0,0.3193,0
507.68,139.2,23.06,62.44,0,0.4894,1
681.49,146.91,52.46,41.4,1,1.0,2
201.02,26.86,27.11,63.66,0,0.0627,0
269.74,17.62,47.79,56.96,0,0.2352,0
357.4,162.72,36.22,51.19,0,0.527,1
151.13,16.03,43.06,75.77,0,0.1511,0
185.55,15.96,21.42,53.63,0,0.0381,0
179.73,9.64,22.96,52.8,0,0.0386,0
183.06,12.59,16.59,71.33,0,0.044,0
407.75,10.92,61.01,79.21,0,0.4191,1
132.29,23.35,28.58,47.01,0,0.0525,0
956.14,52.17,31.66,44.76,0,0.5207,1
444.4,83.94,28.29,61.13,0,0.3601,0
404.92,37.32,40.15,85.57,0,0.2857,0
599.08,20.48,33.88,70.22,0,0.3277,0
103.08,4.93,30.76,25.95,0,0.0398,0
507.39,157.98,62.6,42.16,1,1.0,2
376.46,46.18,29.2,50.01,0,0.1637,0
87.86,9.72,24.29,53.68,0,0.03,0
55.07,21.07,26.58,57.52,0,0.0354,0
444.49,48.54,35.75,71.23,0,0.2699,0
95.63,9.96,21.43,44.45,0,0.0292,0
327.2,22.89,43.19,85.14,0,0.2405,0
559.64,32.27,41.03,40.32,0,0.4283,1
26.2,20.35,28.92,40.8,0,0.0402,0
429.0,117.91,30.04,65.19,0,0.4581,1
306.97,44.57,44.62,64.63,0,0.3089,0
232.66,1.41,22.44,42.33,0,0.0413,0
148.25,9.81,20.24,39.86,0,0.032,0
450.14,23.78,29.37,63.58,0,0.1761,0
203.93,15.34,17.81,85.03,0,0.0605,0
337.88,73.96,31.18,52.7,0,0.3021,0
169.15,22.59,27.92,64.46,0,0.0577,0
15.33,29.96,26.74,55.43,0,0.0509,0
231.12,26.76,24.46,64.25,0,0.0626,0
166.74,0.0,29.27,21.88,0,0.0384,0
16.44,18.23,25.54,53.81,0,0.0307,0
246.77,16.81,41.45,74.9,0,0.1688,0
243.49,16.8,24.51,62.99,0,0.0538,0
290.83,16.21,15.17,63.94,0,0.0639,0
434.89,48.64,34.67,92.21,0,0.2891,0
299.67,0.73,30.89,50.07,0,0.0806,0
119.17,2.99,19.64,55.37,0,0.0268,0
51.3,10.9,20.38,52.08,0,0.0242,0
193.11,19.35,25.18,61.07,0,0.0477,0
31.41,17.84,25.62,51.86,0,0.0366,0
99.89,21.16,25.29,46.17,0,0.0401,0
235.33,13.73,25.96,84.19,0,0.0723,0
163.88,34.47,23.22,51.44,0,0.0676,0
654.53,22.35,41.71,52.09,0,0.5199,1
241.51,11.63,29.34,62.38,0,0.0661,0
147.27,10.25,28.18,64.3,0,0.0473,0
226.44,18.79,13.82,44.81,0,0.0466,0
107.23,6.75,26.37,59.46,0,0.0332,0
102.0,19.13,26.23,81.82,0,0.0543,0
423.11,30.43,50.23,76.85,0,0.4357,1
201.11,25.79,28.54,42.13,0,0.0643,0
564.95,46.14,31.08,41.36,0,0.3036,0
208.17,0.25,34.46,44.72,0,0.0681,0
115.26,4.89,20.24,64.49,0,0.0276,0
9.02,9.45,23.43,51.98,0,0.0241,0
478.44,201.52,39.54,67.52,0,0.6937,2
870.01,91.68,29.91,66.68,0,0.662,1
256.11,81.69,27.81,63.99,0,0.2764,0
311.43,18.09,44.45,68.96,0,0.2332,0
298.38,6.05,27.95,81.53,0,0.0835,0
471.32,47.07,34.25,88.98,0,0.2846,0
103.6,21.68,20.93,57.6,0,0.0394,0
157.78,9.22,26.78,49.26,0,0.0399,0
330.97,22.13,43.25,51.03,0,0.2187,0
407.67,232.74,41.65,38.77,0,0.6883,1
317.98,21.09,44.73,42.46,0,0.2398,0
950.64,83.69,35.98,65.98,0,0.7447,2
140.33,0.98,35.68,33.21,0,0.065,0
671.15,15.94,31.91,58.56,0,0.3572,0
145.41,32.83,26.43,36.88,0,0.0587,0
194.5,10.57,19.85,86.07,0,0.058,0
229.24,10.38,22.27,49.68,0,0.0446,0
69.56,12.31,27.78,46.17,0,0.0332,0
2.45,0.0,22.58,62.74,0,0.0209,0
500.6,29.83,49.31,72.46,0,0.4883,1
164.85,17.23,30.08,53.29,0,0.0529,0
159.72,12.73,28.38,41.72,0,0.0436,0
17.9,0.28,30.31,65.02,0,0.0317,0
139.08,16.35,27.39,44.1,0,0.0434,0
205.45,7.02,24.95,70.15,0,0.0482,0
204.6,22.23,33.87,88.58,0,0.1123,0
593.63,121.78,75.63,41.69,1,1.0,2
291.52,7.73,21.45,53.44,0,0.0599,0
289.75,19.67,17.52,72.63,0,0.0728,0
284.16,33.53,18.68,53.82,0,0.074,0
466.01,76.28,42.21,76.49,0,0.5551,1
372.43,15.24,17.77,42.28,0,0.09,0
641.74,31.86,32.75,71.64,0,0.3647,0
470.93,160.21,44.51,70.64,0,0.8238,2
145.0,21.29,23.39,52.91,0,0.0445,0
93.78,18.37,26.84,75.06,0,0.0492,0
144.78,11.33,26.8,82.89,0,0.0558,0
130.27,28.1,20.22,27.59,0,0.0468,0
77.59,8.91,20.97,79.62,0,0.0387,0
159.23,25.21,26.15,75.18,0,0.0604,0
256.06,57.17,27.9,46.43,0,0.1717,0
177.67,20.7,28.33,68.52,0,0.0623,0
82.32,20.42,22.96,50.24,0,0.0341,0
41.03,26.63,20.81,46.49,0,0.035,0
157.87,15.6,28.35,60.05,0,0.0468,0
169.09,1.65,26.07,61.12,0,0.0374,0
943.14,93.13,49.6,91.14,0,1.0,2
215.3,21.67,25.27,54.37,0,0.0605,0
382.69,1.25,37.54,77.16,0,0.1657,0
190.83,24.12,17.12,67.28,0,0.0489,0
336.77,10.79,20.14,50.27,0,0.077,0
242.13,50.65,36.96,75.5,0,0.1892,0
766.06,107.47,38.88,47.41,0,0.8918,2
54.75,1.04,22.21,60.2,0,0.0216,0
51.45,0.0,34.68,51.72,0,0.0519,0
354.49,61.66,39.7,87.94,0,0.359,1
129.93,25.45,18.46,60.81,0,0.0417,0
111.34,12.48,27.42,76.31,0,0.0507,0
427.82,41.13,39.91,82.31,0,0.3008,0
197.95,13.42,18.29,47.82,0,0.0372,0
240.33,25.87,26.53,51.1,0,0.0699,0
435.72,35.44,29.59,55.58,0,0.1818,0
431.06,36.75,40.52,78.87,0,0.2942,0
595.39,112.4,34.93,80.34,0,0.6361,1
143.95,18.58,22.26,47.9,0,0.0365,0
529.12,191.21,34.25,58.2,0,0.6266,1
985.66,87.85,47.31,40.63,1,1.0,2
163.28,3.76,30.46,65.22,0,0.053,0
1010.29,49.5,33.4,71.75,0,0.5437,1
48.89,16.82,33.74,65.62,0,0.0622,0
35.76,9.57,17.94,52.12,0,0.0201,0
765.67,48.33,38.76,58.97,0,0.5995,1
462.92,34.41,36.38,81.77,0,0.2783,0
229.49,12.75,28.22,58.73,0,0.0617,0
1018.38,31.59,33.97,53.82,0,0.492,1
262.66,7.56,24.0,61.24,0,0.0538,0
213.13,6.61,29.3,68.46,0,0.0609,0
211.35,0.0,17.85,60.0,0,0.0367,0
777.06,68.01,46.57,64.46,0,0.9147,2
312.51,205.85,22.06,73.5,0,0.3939,1
249.47,35.33,44.53,61.62,0,0.2396,0
207.45,11.84,29.24,80.55,0,0.0677,0
75.35,3.35,26.98,40.22,0,0.0285,0
35.26,8.14,28.73,39.36,0,0.0324,0
119.86,16.52,26.22,63.6,0,0.0393,0
143.79,16.0,27.62,42.15,0,0.0417,0
147.95,8.07,22.83,40.43,0,0.0318,0
113.41,22.55,30.19,41.54,0,0.0563,0
392.47,27.95,40.57,83.34,0,0.2457,0
179.52,20.04,27.89,84.59,0,0.0726,0
179.72,4.06,21.45,73.0,0,0.0422,0
237.5,17.09,27.6,63.31,0,0.0607,0
254.3,29.13,45.36,63.31,0,0.2129,0
448.21,36.01,38.74,57.63,0,0.2853,0
186.88,74.75,33.3,64.01,0,0.246,0
88.97,36.18,30.93,22.87,0,0.0804,0
339.58,47.27,58.45,74.55,0,0.4636,1
229.48,2.69,30.56,63.8,0,0.0661,0
88.36,13.47,23.46,41.92,0,0.0271,0
139.11,5.02,23.63,54.09,0,0.0308,0
119.84,14.11,28.73,33.11,0,0.0433,0
168.47,25.38,14.43,42.38,0,0.0445,0
246.39,0.0,29.24,64.94,0,0.062,0
100.1,10.43,33.04,46.19,0,0.0508,0
10.32,26.42,24.21,49.26,0,0.0403,0
234.06,0.57,28.56,63.72,0,0.0535,0
445.13,160.41,38.44,63.06,0,0.6412,1
156.03,15.52,19.69,78.21,0,0.0468,0
262.64,19.6,47.84,62.85,0,0.233,0
65.3,23.85,20.83,64.81,0,0.0369,0
307.54,2.12,27.87,57.99,0,0.0701,0
362.41,16.34,34.07,66.66,0,0.1331,0
291.61,23.57,29.16,51.34,0,0.0849,0
169.53,11.93,15.27,50.08,0,0.032,0
609.7,23.99,39.56,82.33,0,0.4486,1
275.74,49.31,29.42,48.02,0,0.1325,0
284.92,50.67,51.09,75.47,0,0.3708,1
113.52,18.87,29.45,48.92,0,0.0502,0
253.85,6.5,37.08,75.24,0,0.1118,0
290.57,25.6,40.05,59.6,0,0.1764,0
236.51,14.52,21.89,52.53,0,0.0521,0
26.84,18.31,24.44,45.77,0,0.03,0
9.64,8.46,27.94,53.45,0,0.0297,0
184.86,32.32,25.28,100.0,0,0.1021,0
255.28,23.16,24.55,52.37,0,0.0662,0
923.24,30.13,45.98,72.36,0,0.7723,2
134.96,17.48,30.25,57.9,0,0.0487,0
347.91,66.22,29.84,62.39,0,0.2432,0
255.62,57.38,49.15,95.05,0,0.4188,1
323.66,30.55,51.13,50.28,0,0.3142,0
931.07,104.64,64.26,37.93,1,1.0,2
192.12,1.6,32.79,77.2,0,0.0694,0
803.4,128.07,55.5,30.0,1,1.0,2
246.18,29.37,18.89,47.62,0,0.0635,0
120.13,13.57,39.18,33.85,0,0.0843,0
185.9,0.0,31.14,66.2,0,0.0557,0
165.62,20.92,23.54,72.85,0,0.0502,0
224.96,31.64,34.24,69.53,0,0.1188,0
135.34,17.64,26.02,47.34,0,0.0404,0
1112.04,90.95,67.95,18.44,1,1.0,2
326.56,44.42,57.06,84.37,0,0.433,1
219.88,14.24,27.75,82.25,0,0.0696,0
84.74,24.96,20.92,60.67,0,0.0397,0
297.42,65.08,34.08,63.82,0,0.25,0
132.57,9.65,25.96,67.39,0,0.038,0
185.9,22.22,22.0,57.38,0,0.0455,0
538.74,174.11,51.63,24.65,1,1.0,2
131.15,15.49,35.47,42.55,0,0.0717,0
201.18,22.48,24.58,74.58,0,0.0658,0
952.53,199.69,48.09,88.3,0,1.0,2
146.33,12.84,31.23,48.71,0,0.0484,0
416.6,11.74,42.51,51.44,0,0.2643,0
40.44,19.99,19.25,46.94,0,0.0278,0
116.65,4.02,26.22,65.91,0,0.0355,0
949.92,133.77,52.97,29.66,1,1.0,2
147.6,108.07,52.44,47.1,1,1.0,2
253.17,108.59,27.91,61.0,0,0.3439,0
196.26,15.27,31.52,68.88,0,0.0657,0
488.85,152.52,34.13,55.94,0,0.5969,1
217.43,21.69,32.71,49.68,0,0.0845,0
287.61,0.0,27.17,40.52,0,0.0648,0
368.47,28.03,45.97,56.94,0,0.2983,0
267.64,26.06,27.88,98.48,0,0.1074,0
276.26,60.93,34.0,70.82,0,0.2251,0
220.0,26.31,17.15,43.65,0,0.053,0
490.83,41.01,40.03,73.72,0,0.3657,0
161.02,7.0,37.14,51.78,0,0.0825,0
261.64,12.47,23.91,77.84,0,0.0672,0
409.96,39.18,59.14,79.61,0,0.4815,1
827.46,36.66,24.51,57.0,0,0.4112,1
337.59,27.89,25.85,50.48,0,0.0946,0
456.99,50.79,40.88,68.34,0,0.3794,0
74.76,7.0,15.48,42.46,0,0.0191,0
179.83,13.14,31.11,45.83,0,0.0557,0
260.29,37.87,47.85,50.91,0,0.2709,0
29.82,29.49,32.03,51.46,0,0.0623,0
184.28,26.26,24.36,76.22,0,0.0651,0
172.42,12.73,29.21,49.39,0,0.0509,0
68.07,10.52,35.29,44.79,0,0.058,0
571.49,172.79,30.77,43.48,0,0.5946,1
386.57,29.62,45.1,89.07,0,0.3367,0
424.66,6.68,53.03,84.74,0,0.4057,1
217.38,51.69,29.14,52.75,0,0.1473,0
351.35,37.1,45.53,76.22,0,0.3003,0
466.21,35.43,31.61,63.88,0,0.2109,0
469.96,41.62,37.16,72.14,0,0.3018,0
6.53,13.68,25.55,70.24,0,0.0291,0
83.15,30.04,32.65,55.69,0,0.0769,0
182.28,16.02,28.75,88.1,0,0.0702,0
239.31,2.01,26.34,51.11,0,0.0492,0
849.08,156.47,56.35,15.05,1,1.0,2
163.06,11.59,25.14,59.47,0,0.0395,0
506.49,188.51,28.53,74.62,0,0.5307,1
10.6,15.76,17.65,58.38,0,0.0252,0
450.43,33.57,38.89,80.9,0,0.2734,0
250.0,27.47,31.55,82.2,0,0.11,0
380.33,25.23,50.42,75.74,0,0.3487,0
345.85,40.84,59.67,83.78,0,0.4533,1
363.27,31.83,43.78,67.76,0,0.2833,0
91.63,3.24,25.36,45.07,0,0.0252,0
97.79,10.76,33.2,88.99,0,0.0787,0
336.33,11.81,42.97,53.0,0,0.206,0
173.71,19.76,25.07,62.99,0,0.0472,0
178.56,9.95,18.94,42.64,0,0.0327,0
173.88,2.76,21.25,65.25,0,0.0313,0
418.12,34.52,35.45,62.16,0,0.2229,0
111.19,0.0,31.58,55.53,0,0.0489,0
241.86,3.43,27.84,60.73,0,0.0545,0
207.43,12.26,17.36,79.82,0,0.0534,0
1067.46,184.67,50.89,100.0,0,1.0,2
128.56,16.43,30.79,53.86,0,0.0538,0
814.08,167.29,48.66,30.5,1,1.0,2
79.63,0.0,22.39,89.94,0,0.0466,0
316.68,36.28,50.5,64.56,0,0.3375,0
219.73,7.31,24.01,25.73,0,0.0437,0
218.63,15.68,29.44,80.43,0,0.0783,0
146.27,4.74,25.08,50.13,0,0.0303,0
164.47,8.19,29.1,60.7,0,0.0494,0
82.76,14.18,21.16,69.63,0,0.0359,0
275.05,27.61,45.38,72.79,0,0.2529,0
85.44,12.97,26.15,31.95,0,0.0345,0
59.06,33.69,21.48,48.76,0,0.0533,0
228.32,10.58,20.2,61.71,0,0.0457,0
769.24,177.96,51.0,67.45,1,1.0,2
231.68,34.94,20.45,52.78,0,0.0771,0
293.67,29.12,21.25,53.47,0,0.0796,0
274.56,19.69,27.42,91.02,0,0.0953,0
391.16,39.85,34.53,87.59,0,0.223,0
452.96,36.93,38.09,80.98,0,0.2806,0
1168.7,68.84,35.48,58.45,0,0.681,1
465.21,31.07,32.36,83.46,0,0.2234,0
250.19,90.65,27.8,61.17,0,0.3082,0
131.19,28.37,25.17,59.23,0,0.0549,0
194.12,16.79,19.03,48.31,0,0.0419,0
143.24,1.98,17.97,65.92,0,0.0298,0
177.38,4.28,23.44,47.55,0,0.0344,0
124.52,15.45,26.31,53.19,0,0.0365,0
179.37,22.78,26.59,53.72,0,0.0545,0
772.26,122.59,63.41,51.22,1,1.0,2
114.47,18.0,30.5,58.48,0,0.052,0
435.37,36.13,37.63,85.58,0,0.2902,0
732.27,57.43,42.74,56.08,0,0.7352,2
101.29,15.05,22.67,73.86,0,0.0371,0
354.91,25.69,42.44,63.11,0,0.2474,0
258.99,7.74,19.81,57.64,0,0.0486,0
83.23,8.29,32.09,61.03,0,0.0469,0
7.56,29.69,22.85,52.79,0,0.043,0
843.58,73.04,27.35,58.19,0,0.5667,1
230.43,30.38,24.06,54.41,0,0.0707,0
200.76,33.84,26.63,33.64,0,0.0703,0
54.45,11.36,18.09,59.56,0,0.0235,0
232.6,31.24,26.91,85.59,0,0.0987,0
372.98,149.53,33.78,49.15,0,0.469,1
91.05,0.0,22.26,51.62,0,0.0223,0
658.44,18.45,33.01,65.46,0,0.366,1
300.1,34.71,50.01,88.08,0,0.3407,0
97.59,22.14,19.49,42.4,0,0.0349,0
6.41,14.34,23.37,64.58,0,0.0297,0
551.17,41.15,34.47,70.47,0,0.3291,1
101.16,5.54,22.06,53.89,0,0.0255,0
65.7,10.32,30.02,63.98,0,0.044,0
140.63,0.0,30.8,70.43,0,0.0472,0
213.92,19.02,25.7,58.12,0,0.0513,0
190.25,4.77,21.15,52.24,0,0.0348,0
310.74,29.25,31.56,83.08,0,0.1225,0
1051.35,144.28,53.25,29.72,1,1.0,2
118.85,7.0,26.99,60.69,0,0.0338,0
183.17,13.84,24.62,54.52,0,0.0447,0
116.29,22.81,29.76,50.7,0,0.0589,0
11.19,16.49,33.74,55.36,0,0.0546,0
447.42,53.81,34.52,72.38,0,0.3156,0
0.0,16.97,26.07,52.83,0,0.0349,0
275.34,4.49,29.79,36.59,0,0.069,0
380.72,41.89,36.23,73.15,0,0.2031,0
153.63,6.97,27.99,76.38,0,0.0509,0
295.02,31.42,55.26,73.91,0,0.3378,0
211.98,21.76,23.43,77.53,0,0.0652,0
229.03,17.5,22.76,42.31,0,0.0486,0
486.4,41.22,56.14,83.91,0,0.5741,1
201.16,17.97,26.87,90.39,0,0.0783,0
288.76,27.57,43.38,45.11,0,0.203,0
233.97,46.1,26.33,71.62,0,0.1066,0
300.09,3.14,27.57,67.78,0,0.0763,0
252.58,0.0,20.64,70.58,0,0.05,0
141.34,24.99,25.04,79.22,0,0.0625,0
947.21,44.93,37.44,67.98,0,0.6162,1
245.87,18.95,15.13,56.19,0,0.0531,0
337.15,33.72,40.06,64.78,0,0.2155,0
276.21,44.82,47.7,76.76,0,0.3304,0
425.96,46.15,37.63,78.25,0,0.3057,0
181.5,26.02,23.7,85.65,0,0.0704,0
162.73,24.85,18.37,62.25,0,0.0462,0
1131.65,101.05,33.85,65.15,0,0.7784,2
193.01,6.8,24.68,47.32,0,0.0393,0
598.59,32.63,22.44,60.85,0,0.275,0
170.3,20.69,27.15,59.04,0,0.0521,0
696.49,88.48,49.94,77.02,0,1.0,2
210.48,2.18,24.87,67.4,0,0.0421,0
597.09,192.36,51.36,62.82,1,1.0,2
92.15,20.2,24.48,71.67,0,0.0479,0
153.42,12.52,23.82,58.56,0,0.0403,0
318.51,11.1,28.45,64.09,0,0.0798,0
245.82,13.04,25.21,69.95,0,0.06,0
257.22,9.13,23.2,57.93,0,0.0511,0
96.05,20.6,29.11,67.45,0,0.0527,0
365.09,21.12,42.22,67.85,0,0.2471,0
216.27,7.9,20.32,49.38,0,0.04,0
157.17,24.78,33.33,64.9,0,0.0861,0
607.66,213.04,31.22,27.87,0,0.6299,1
240.84,33.76,27.36,70.29,0,0.0924,0
217.18,19.47,31.08,82.37,0,0.0828,0
139.4,24.52,35.09,86.17,0,0.0968,0
393.22,44.79,51.86,84.2,0,0.457,1
1100.73,157.49,42.64,59.68,0,1.0,2
245.83,25.88,11.29,71.5,0,0.0616,0
127.54,13.8,25.57,37.21,0,0.0348,0
944.67,127.49,45.34,69.06,0,1.0,2
165.17,13.03,29.72,59.26,0,0.0521,0
12.5,21.39,27.2,46.93,0,0.0345,0
827.39,159.82,43.33,79.48,0,1.0,2
263.1,12.17,21.2,63.93,0,0.0567,0
91.11,5.82,21.58,50.08,0,0.0232,0
377.04,4.63,17.25,34.7,0,0.0908,0
83.63,3.29,22.32,53.95,0,0.0217,0
124.41,10.04,23.42,85.56,0,0.0488,0
346.96,34.53,40.94,74.37,0,0.2353,0
2.78,27.27,28.24,45.78,0,0.0428,0
212.1,11.16,27.9,61.02,0,0.0554,0
161.42,24.74,17.58,71.44,0,0.0485,0
160.26,10.81,29.59,79.56,0,0.0543,0
100.33,13.55,27.03,50.74,0,0.0372,0
443.28,51.18,37.83,91.27,0,0.335,0
312.23,9.15,24.04,44.88,0,0.0691,0
1240.87,125.82,60.84,57.82,0,1.0,2
859.87,103.05,48.26,52.23,0,1.0,2
453.73,69.19,52.68,78.11,0,0.7217,1
230.0,73.02,33.21,68.71,0,0.2518,0
309.19,46.84,37.71,88.89,0,0.2274,0
197.16,88.55,27.83,82.09,0,0.2988,0
340.4,48.5,47.43,76.95,0,0.3819,1
200.4,63.77,32.08,68.27,0,0.189,0
102.14,20.27,22.4,47.51,0,0.0317,0
241.3,22.61,14.21,51.39,0,0.0564,0
179.25,14.72,28.07,63.43,0,0.0536,0
186.33,11.19,20.86,34.38,0,0.039,0
197.89,10.72,31.3,57.2,0,0.0601,0
194.75,20.42,28.54,60.56,0,0.0612,0
1120.73,28.81,39.24,70.6,0,0.6332,1
475.28,50.86,57.95,66.77,0,0.6171,1
169.36,8.4,26.22,39.85,0,0.0388,0
1056.12,70.46,33.47,41.69,0,0.6553,1
384.59,50.1,23.17,73.45,0,0.1661,0
465.37,67.4,35.33,74.04,0,0.361,0
211.99,11.28,25.27,77.56,0,0.055,0
219.22,10.53,14.12,81.48,0,0.0535,0
248.53,25.88,21.75,85.91,0,0.0834,0
470.23,238.0,30.44,66.49,0,0.5045,1
214.14,26.19,29.16,76.93,0,0.0852,0
95.78,5.51,27.23,49.91,0,0.0351,0
131.88,16.79,18.64,43.44,0,0.0325,0
134.59,13.08,28.98,57.59,0,0.0483,0
294.4,26.81,29.4,77.28,0,0.1109,0
641.5,120.45,43.99,54.2,1,1.0,2
439.65,35.02,35.12,71.0,0,0.2178,0
361.86,51.51,43.67,82.21,0,0.3492,1
214.27,22.21,29.31,42.67,0,0.0671,0
149.47,32.59,46.51,54.4,0,0.2084,0
248.65,17.62,24.47,76.58,0,0.0685,0
459.01,53.75,34.77,72.41,0,0.3167,0
108.6,0.9,30.53,61.39,0,0.0389,0
5.81,9.52,24.53,50.55,0,0.0252,0
341.05,34.11,37.55,48.09,0,0.1817,0
101.87,6.39,31.75,37.56,0,0.0468,0
272.05,29.68,53.16,68.62,0,0.3003,0
349.92,35.19,59.27,79.54,0,0.3961,1
130.84,18.9,20.65,50.07,0,0.0348,0
192.94,6.73,17.78,40.66,0,0.0313,0
130.85,1.61,22.48,72.0,0,0.0332,0
190.79,33.6,28.34,66.23,0,0.0826,0
20.22,10.36,21.32,51.44,0,0.0225,0
321.27,6.39,31.97,39.83,0,0.0936,0
905.45,153.68,47.46,66.58,0,1.0,2
217.69,8.4,32.72,53.44,0,0.0661,0
201.86,14.1,23.88,56.77,0,0.0417,0
934.48,84.59,40.42,77.8,0,0.8998,2
621.05,33.66,25.02,53.37,0,0.2939,0
802.38,193.42,34.48,69.26,0,0.8268,2
831.36,130.09,53.56,76.2,0,1.0,2
27.96,25.86,21.89,72.6,0,0.0448,0
235.04,4.4,21.83,43.96,0,0.0428,0
204.77,21.91,29.35,78.0,0,0.0763,0
229.95,0.0,28.34,62.19,0,0.0514,0
206.32,8.68,28.5,76.5,0,0.0665,0
181.59,18.29,32.23,15.26,0,0.0618,0
386.6,37.5,35.05,74.75,0,0.2134,0
99.18,0.0,24.12,35.97,0,0.0244,0
161.42,11.61,24.17,64.36,0,0.039,0
411.82,43.23,50.05,100.0,0,0.4657,1
87.01,47.3,26.21,50.66,0,0.0948,0
129.91,20.51,29.68,56.1,0,0.0563,0
351.78,66.12,17.22,56.59,0,0.1963,0
779.7,156.54,46.9,75.1,0,1.0,2
415.35,28.5,45.65,75.43,0,0.352,0
1022.95,140.31,49.31,62.67,0,1.0,2
144.26,30.48,25.34,55.64,0,0.0591,0
233.05,10.63,24.47,61.02,0,0.0526,0
381.87,27.21,35.2,63.12,0,0.169,0
259.85,23.28,32.89,51.94,0,0.0871,0
818.92,162.61,52.75,74.95,0,1.0,2
321.67,25.99,42.06,51.82,0,0.1947,0
264.59,17.9,26.65,84.83,0,0.0853,0
321.28,51.75,50.85,65.92,0,0.4163,1
95.77,25.54,27.76,68.34,0,0.054,0
583.55,35.0,31.76,45.94,0,0.3053,0
182.36,8.69,23.21,76.86,0,0.0485,0
184.87,2.53,19.93,68.98,0,0.0378,0
104.28,26.74,18.27,59.83,0,0.0432,0
222.54,25.4,26.1,34.0,0,0.0574,0
267.14,80.63,33.04,74.73,0,0.306,0
256.29,70.07,24.55,53.05,0,0.1912,0
47.02,14.0,25.96,47.21,0,0.0302,0
306.28,19.81,25.23,55.89,0,0.0795,0
961.83,122.27,45.09,68.4,0,1.0,2
376.2,15.5,23.83,91.75,0,0.1255,0
1059.13,89.09,27.56,66.99,0,0.6615,1
278.63,89.96,22.4,63.55,0,0.2912,0
373.92,39.11,35.09,70.77,0,0.2018,0
385.57,44.63,43.37,76.5,0,0.3419,0
346.3,33.72,26.8,63.29,0,0.1164,0
184.23,2.86,17.76,47.32,0,0.0279,0
549.92,23.93,36.26,55.49,0,0.3185,0
272.65,0.0,25.27,47.33,0,0.0538,0
429.0,56.75,42.67,63.4,0,0.3936,1
237.33,4.05,25.49,62.94,0,0.0514,0
425.85,53.31,36.24,70.59,0,0.288,0
1229.13,74.8,30.27,73.31,0,0.6495,1
329.94,69.46,25.72,69.91,0,0.2418,0
190.6,25.9,16.78,56.54,0,0.0519,0
106.24,2.4,26.16,62.91,0,0.0308,0
5.77,16.73,21.34,55.96,0,0.0286,0
225.76,62.68,51.94,66.04,0,0.4611,1
63.12,33.34,18.3,48.73,0,0.0497,0
309.47,26.73,40.96,63.58,0,0.1827,0
275.65,52.05,31.23,70.88,0,0.1724,0
117.23,17.55,23.37,31.15,0,0.0345,0
326.78,137.39,21.68,58.83,0,0.3829,1
112.27,6.74,28.56,40.55,0,0.038,0
566.27,17.96,33.57,36.75,0,0.2896,0
198.28,11.11,19.57,54.8,0,0.0387,0
356.36,58.59,34.94,55.27,0,0.2609,0
199.28,17.04,28.25,62.63,0,0.054,0
377.41,41.5,36.01,79.76,0,0.2122,0
259.48,46.98,53.19,77.46,0,0.3718,1
178.4,1.29,19.76,45.74,0,0.0312,0
653.52,152.78,43.23,85.45,0,1.0,2
85.65,4.07,22.66,35.73,0,0.0246,0
168.61,5.77,31.88,85.95,0,0.0844,0
288.27,9.4,27.01,77.06,0,0.0777,0
595.08,35.38,32.18,58.16,0,0.3214,0
272.05,16.9,28.33,39.57,0,0.0705,0
1083.05,50.04,38.86,59.38,0,0.6881,2
160.87,4.41,20.09,67.55,0,0.0343,0
259.21,5.32,13.42,63.72,0,0.0467,0
476.26,32.16,31.4,60.33,0,0.2101,0
270.45,57.16,21.81,64.48,0,0.1603,0
142.97,9.3,14.01,35.71,0,0.0273,0
42.94,6.23,29.89,59.65,0,0.0341,0
164.79,8.58,17.73,45.57,0,0.0311,0
274.64,9.14,34.67,71.13,0,0.0952,0
156.16,9.47,32.65,33.44,0,0.0503,0
182.39,15.25,24.33,51.26,0,0.0465,0
121.17,2.57,20.71,56.26,0,0.0249,0
1129.38,127.05,52.43,79.48,0,1.0,2
266.73,26.53,28.39,50.68,0,0.0743,0
178.93,19.99,32.26,53.49,0,0.0646,0
12.11,11.42,30.19,36.93,0,0.0387,0
386.83,22.65,38.47,52.95,0,0.1939,0
44.08,19.85,17.81,53.7,0,0.0292,0
203.21,12.93,25.17,68.64,0,0.0504,0
145.17,22.82,19.09,54.69,0,0.0409,0
209.47,24.32,30.85,82.71,0,0.0877,0
435.91,24.31,42.54,64.49,0,0.285,0
304.5,29.29,43.49,54.1,0,0.2386,0
466.58,210.82,34.2,60.32,0,0.5573,1
191.75,38.39,24.23,57.29,0,0.0773,0
82.38,9.33,23.23,53.71,0,0.0276,0
376.2,36.05,40.43,70.38,0,0.2303,0
306.99,39.79,45.6,80.52,0,0.2893,0
569.91,151.87,38.9,40.64,0,0.7431,2
301.21,19.01,26.38,73.37,0,0.0857,0
90.37,8.95,18.52,54.76,0,0.0243,0
675.21,33.45,30.22,63.06,0,0.3612,0
115.72,25.28,20.18,22.86,0,0.0368,0
368.62,46.63,34.47,81.59,0,0.2336,0
515.43,44.85,34.67,80.21,0,0.3188,0
173.37,5.57,25.23,59.89,0,0.0396,0
137.88,6.42,22.19,65.89,0,0.0313,0
178.28,9.41,27.89,54.97,0,0.0449,0
312.36,28.35,21.6,74.38,0,0.0906,0
31.94,15.06,23.88,60.19,0,0.0302,0
405.97,133.14,37.49,54.86,0,0.5613,1
238.75,11.22,28.49,58.19,0,0.0582,0
171.17,1.83,25.66,49.54,0,0.0368,0
285.69,29.43,42.83,84.22,0,0.2187,0
539.99,18.46,46.35,73.37,0,0.468,1
248.89,13.84,25.72,81.77,0,0.0717,0
62.45,8.46,20.6,53.88,0,0.0221,0
179.49,16.65,24.38,96.01,0,0.0725,0
201.01,2.51,32.36,83.06,0,0.0795,0
492.84,51.11,40.62,80.7,0,0.4185,1
248.48,6.04,20.58,68.42,0,0.0502,0
274.53,59.44,27.71,50.61,0,0.1803,0
418.03,54.29,38.69,84.19,0,0.3186,0
240.27,15.76,22.64,61.5,0,0.0536,0
901.88,134.59,46.01,27.35,1,1.0,2
91.5,14.05,35.17,64.59,0,0.0755,0
746.92,83.53,37.08,55.45,0,0.7147,2
160.12,9.52,21.46,83.43,0,0.053,0
133.16,5.39,26.72,37.51,0,0.0343,0
95.97,12.27,18.99,59.31,0,0.0262,0
102.24,25.97,26.26,41.56,0,0.0523,0
1.55,8.98,23.23,44.79,0,0.022,0
895.76,82.73,36.44,54.85,0,0.7572,2
537.93,115.8,41.54,47.58,1,1.0,2
214.08,88.82,28.38,65.42,0,0.2916,0
260.42,8.46,20.16,48.84,0,0.05,0
448.48,45.81,53.91,91.86,0,0.5489,1
370.4,39.56,58.92,87.76,0,0.4438,1
132.78,0.0,22.45,49.38,0,0.0252,0
142.78,27.28,32.14,53.71,0,0.0726,0
311.75,0.0,20.01,59.79,0,0.0605,0
542.3,59.36,37.69,67.08,0,0.4218,1
274.04,95.14,27.4,66.31,0,0.3241,1
52.52,13.08,23.46,59.15,0,0.0289,0
296.95,230.54,42.4,67.08,0,0.6447,1
492.48,19.21,32.34,54.88,0,0.2049,0
140.45,13.3,21.65,45.34,0,0.0339,0
241.74,20.54,23.96,55.43,0,0.0586,0
123.28,2.42,18.76,66.86,0,0.028,0
1069.14,45.43,33.24,51.47,0,0.535,1
102.17,27.32,28.06,55.75,0,0.0533,0
1272.42,82.62,35.37,62.09,0,0.7838,2
57.41,19.7,21.18,36.32,0,0.0319,0
489.74,21.57,34.28,54.56,0,0.2271,0
82.49,21.73,30.15,34.16,0,0.0498,0
220.92,2.08,28.87,64.8,0,0.0536,0
509.61,31.18,28.61,58.97,0,0.2215,0
540.86,43.25,31.8,51.8,0,0.3029,0
119.87,10.92,19.69,39.64,0,0.0284,0
234.94,31.29,54.06,80.83,0,0.3055,0
353.32,29.26,50.83,55.32,0,0.3422,0
186.27,15.09,33.19,58.75,0,0.0693,0
153.41,3.34,26.65,41.57,0,0.0355,0
845.37,163.74,60.99,39.85,1,1.0,2
161.57,1.76,25.82,46.79,0,0.0332,0
139.7,6.22,21.6,63.86,0,0.0333,0
253.19,16.79,27.68,63.99,0,0.0665,0
153.05,12.15,17.35,39.14,0,0.0322,0
128.72,2.43,24.53,64.36,0,0.0324,0
274.17,16.08,19.66,59.44,0,0.0591,0
214.82,85.66,31.66,61.0,0,0.3049,0
211.69,44.9,44.48,42.4,0,0.2463,0
203.25,10.62,27.07,40.54,0,0.0471,0
219.98,15.48,29.47,79.17,0,0.0678,0
893.35,3.07,31.32,73.21,0,0.4348,1
1141.4,70.79,46.85,56.56,0,1.0,2
97.72,18.26,24.09,50.5,0,0.0354,0
815.16,11.58,31.31,59.81,0,0.4173,1
365.06,22.97,43.23,75.02,0,0.2546,0
242.4,0.0,22.32,43.72,0,0.0403,0
217.79,10.93,31.72,74.81,0,0.0752,0
109.37,32.82,26.22,50.63,0,0.0604,0
950.67,64.72,19.25,59.54,0,0.5266,1
293.35,22.99,49.83,60.26,0,0.2674,0
279.26,23.01,24.46,64.42,0,0.0779,0
90.21,9.14,16.91,58.9,0,0.0255,0
147.08,18.22,26.45,57.02,0,0.0446,0
264.61,9.22,22.39,38.5,0,0.0554,0
200.45,17.95,21.85,82.04,0,0.0632,0
865.1,78.12,30.25,41.24,0,0.6198,1
146.8,21.14,24.92,35.36,0,0.0449,0
331.96,77.33,29.17,67.78,0,0.2925,0
285.09,20.12,22.82,72.96,0,0.0753,0
257.61,11.79,32.81,78.74,0,0.0953,0
675.9,184.66,48.26,77.63,0,1.0,2
244.86,13.23,31.07,60.01,0,0.07,0
109.71,25.32,29.61,88.09,0,0.0797,0
165.51,12.96,33.78,42.73,0,0.0578,0
132.17,16.04,30.07,47.99,0,0.0557,0
226.51,13.05,19.9,65.25,0,0.0476,0
268.78,16.85,25.62,57.55,0,0.0668,0
874.25,188.31,46.7,49.95,1,1.0,2
220.38,50.5,32.12,47.49,0,0.151,0
117.51,4.87,21.7,63.74,0,0.0274,0
216.37,35.18,21.78,77.44,0,0.0889,0
394.42,12.07,24.09,61.1,0,0.1091,0
187.3,18.18,21.86,49.18,0,0.0428,0
271.33,17.51,28.06,54.26,0,0.0686,0
195.64,15.6,30.81,58.62,0,0.0639,0
379.96,62.64,34.67,63.01,0,0.2648,0
903.4,152.16,42.42,67.47,0,1.0,2
218.13,8.5,17.14,53.22,0,0.0384,0
139.15,11.31,32.05,48.48,0,0.0503,0
325.66,169.63,35.39,55.11,0,0.4846,1
190.54,23.63,29.62,45.05,0,0.0636,0
185.02,38.15,22.9,65.75,0,0.0742,0
890.61,197.47,61.59,71.42,0,1.0,2
258.15,17.06,25.8,38.98,0,0.0577,0
814.95,186.46,55.11,18.82,1,1.0,2
143.09,3.21,29.61,59.98,0,0.0398,0
179.26,16.68,19.11,33.17,0,0.0391,0
182.7,8.43,33.11,54.05,0,0.0651,0
157.36,17.55,28.8,67.68,0,0.0555,0
235.91,12.16,13.7,38.54,0,0.0419,0
230.27,13.19,19.09,52.31,0,0.0445,0
1097.35,88.81,39.94,71.32,0,0.9393,2
105.04,8.64,23.41,44.77,0,0.0264,0
245.92,5.75,23.14,39.95,0,0.0466,0
104.76,15.58,29.0,75.43,0,0.0559,0
836.21,203.17,49.6,73.37,0,1.0,2
192.16,27.28,46.05,66.79,0,0.2068,0
182.92,14.76,23.22,24.66,0,0.0417,0
360.06,16.64,43.94,71.13,0,0.2366,0
1253.23,65.95,39.36,37.39,0,0.8003,2
5.08,1.37,22.68,82.23,0,0.0333,0
202.73,17.83,28.51,48.12,0,0.0524,0
207.05,3.87,26.71,68.02,0,0.0469,0
155.55,60.86,24.16,53.3,0,0.1566,0
92.26,10.75,24.65,56.26,0,0.0294,0
265.73,0.0,20.01,85.04,0,0.068,0
75.64,18.97,26.5,65.62,0,0.044,0
113.37,0.0,35.6,64.11,0,0.0676,0
101.73,6.74,25.61,40.59,0,0.0302,0
423.15,66.42,36.88,76.21,0,0.3829,1
232.63,0.74,29.97,53.29,0,0.0555,0
195.84,9.87,16.68,47.19,0,0.0371,0
308.07,93.22,27.68,44.64,0,0.3284,0
278.67,16.19,32.62,83.4,0,0.1088,0
297.7,36.7,48.7,85.45,0,0.3319,0
178.27,11.67,28.18,34.75,0,0.0477,0
260.21,23.24,24.05,46.5,0,0.0633,0
92.48,8.26,23.12,64.97,0,0.0303,0
8.49,16.13,24.91,57.43,0,0.0318,0
226.67,14.59,19.64,33.12,0,0.0457,0
166.04,30.65,25.49,76.23,0,0.0668,0
205.3,11.72,22.93,68.37,0,0.0458,0
314.85,10.62,29.14,44.03,0,0.0828,0
272.5,20.45,23.05,57.33,0,0.0622,0
106.9,11.19,29.56,37.39,0,0.0418,0
201.5,10.94,30.13,52.95,0,0.0547,0
192.08,14.81,31.26,57.12,0,0.0601,0
266.38,23.53,22.47,64.66,0,0.0676,0
196.87,59.86,32.73,57.06,0,0.2046,0
403.97,54.4,54.1,93.12,0,0.5662,1
264.75,8.21,21.14,56.28,0,0.0516,0
1010.55,120.24,50.3,63.48,0,1.0,2
189.77,0.72,33.68,48.73,0,0.0596,0
247.19,21.05,23.38,61.42,0,0.0612,0
158.76,6.21,24.88,42.39,0,0.0317,0
289.58,98.59,40.86,60.56,0,0.5235,1
303.08,24.34,26.83,73.68,0,0.0925,0
365.09,47.53,37.57,75.69,0,0.2511,0
247.36,24.38,17.24,61.31,0,0.062,0
285.06,31.92,40.71,60.4,0,0.183,0
7.52,20.4,32.34,61.55,0,0.0575,0
417.84,27.24,36.85,77.25,0,0.2181,0
99.38,11.82,27.03,71.5,0,0.0447,0
334.18,83.47,33.91,57.45,0,0.3716,0
522.28,125.49,30.72,65.48,0,0.5435,1
263.84,28.01,32.44,86.26,0,0.1211,0
257.54,6.31,27.71,69.85,0,0.0647,0
659.22,15.07,23.73,65.91,0,0.307,0
109.08,4.64,28.53,58.72,0,0.0355,0
365.41,43.66,40.08,92.4,0,0.2675,0
147.23,3.16,32.28,74.82,0,0.0651,0
303.47,20.62,25.23,84.36,0,0.0972,0
261.25,17.77,28.92,64.54,0,0.0709,0
183.9,10.29,32.02,66.87,0,0.0592,0
379.24,141.74,37.51,59.84,0,0.5655,1
144.1,1.79,22.95,63.58,0,0.032,0
366.99,60.38,49.64,63.22,0,0.4955,1
245.46,64.2,22.15,61.04,0,0.1649,0
192.46,0.0,19.65,68.15,0,0.0381,0
185.32,20.18,25.48,72.19,0,0.0562,0
4.11,2.9,26.45,62.98,0,0.0256,0
100.56,13.51,19.26,61.79,0,0.0297,0
129.59,10.37,26.03,57.43,0,0.0381,0
71.36,9.3,28.41,70.36,0,0.0393,0
153.95,33.18,27.04,65.12,0,0.0744,0
240.0,7.84,24.78,47.31,0,0.0482,0
526.06,37.93,29.83,71.3,0,0.2589,0
268.45,22.13,46.73,57.48,0,0.2278,0
8.12,27.96,23.75,48.27,0,0.0384,0
994.41,114.8,56.49,89.94,0,1.0,2
61.71,26.23,25.22,79.16,0,0.0546,0
388.01,162.86,33.8,60.09,0,0.4814,1
453.26,31.58,46.12,57.58,0,0.3887,1
176.67,27.76,21.14,62.07,0,0.0548,0
220.56,0.0,29.69,45.86,0,0.0556,0
839.47,45.07,36.3,55.13,0,0.5526,1
347.63,17.12,23.5,44.21,0,0.0859,0
92.65,2.92,31.21,72.71,0,0.0502,0
130.39,12.6,19.01,51.19,0,0.0295,0
435.28,20.15,34.27,52.83,0,0.1904,0
186.46,19.9,33.56,51.64,0,0.0703,0
237.77,13.37,27.85,59.41,0,0.0599,0
280.49,0.0,28.86,79.34,0,0.0772,0
377.13,1.29,21.9,56.86,0,0.0898,0
57.22,6.94,23.25,49.84,0,0.0241,0
283.04,24.59,22.48,76.67,0,0.0777,0
632.97,41.19,23.13,41.92,0,0.3128,0
532.74,34.32,39.1,41.55,0,0.3411,0
876.36,86.22,35.42,59.21,0,0.7449,2
174.96,14.39,22.45,76.7,0,0.0497,0
316.63,3.34,16.19,48.24,0,0.0619,0
190.98,8.97,29.26,46.47,0,0.0471,0
804.14,189.88,53.51,59.25,0,1.0,2
304.04,0.0,46.02,56.9,0,0.2159,0
130.6,14.31,29.2,65.62,0,0.0488,0
150.57,5.95,24.99,46.56,0,0.0332,0
155.15,7.09,26.0,51.86,0,0.0378,0
507.58,54.09,40.96,60.0,0,0.4224,1
26.03,15.39,24.61,39.12,0,0.0305,0
772.5,146.97,50.95,76.61,0,1.0,2
169.03,11.67,23.3,59.97,0,0.0358,0
175.39,7.18,22.5,76.07,0,0.0467,0
98.61,25.34,22.49,54.18,0,0.0404,0
182.25,19.84,25.36,70.19,0,0.0549,0
175.61,15.35,26.49,66.15,0,0.0468,0
357.97,48.2,56.87,79.33,0,0.4564,1
133.61,6.65,18.26,52.67,0,0.0278,0
910.53,83.52,51.83,35.91,1,1.0,2
50.71,10.75,28.59,26.76,0,0.0306,0
813.7,134.71,43.48,51.46,1,1.0,2
221.42,20.28,15.12,66.9,0,0.0525,0
483.13,43.26,36.27,68.69,0,0.3118,0
262.65,8.47,28.35,43.21,0,0.0604,0
996.6,89.31,51.08,64.19,0,1.0,2
203.32,21.66,32.26,58.32,0,0.0764,0
334.42,46.32,47.29,62.22,0,0.3398,0
316.94,84.43,21.21,72.85,0,0.2954,0
424.37,50.03,40.28,71.81,0,0.3341,0
254.74,13.83,23.12,54.13,0,0.0559,0
130.61,30.19,25.45,62.81,0,0.056,0
66.68,10.8,25.24,53.46,0,0.0296,0
414.4,24.07,43.77,63.06,0,0.3083,0
149.1,6.21,30.36,52.5,0,0.0461,0
386.96,30.68,29.88,56.79,0,0.1457,0
129.47,15.19,17.73,85.6,0,0.0488,0
89.44,16.67,21.93,43.97,0,0.0304,0
452.1,70.85,42.38,76.15,0,0.4877,1
230.09,15.38,31.02,87.39,0,0.089,0
746.59,197.66,46.85,45.84,1,1.0,2
94.59,13.66,25.9,62.07,0,0.0339,0
243.15,13.02,32.23,44.88,0,0.0753,0
434.74,36.7,27.94,70.51,0,0.1831,0
251.24,10.97,36.76,47.61,0,0.1045,0
137.05,32.58,20.9,51.19,0,0.0551,0
71.0,23.96,25.43,48.74,0,0.0415,0
99.66,13.75,32.51,58.48,0,0.0549,0
381.68,35.1,26.73,59.21,0,0.1301,0
14.67,8.99,29.32,54.4,0,0.0356,0
44.17,15.75,30.36,52.86,0,0.0434,0
300.48,63.04,26.52,66.0,0,0.2023,0
291.79,76.5,33.04,60.11,0,0.2791,0
141.23,18.39,12.62,37.91,0,0.032,0
98.54,9.54,21.88,31.55,0,0.0261,0
260.33,105.26,20.67,54.81,0,0.3218,0
173.55,25.68,28.59,62.23,0,0.0631,0
911.94,158.14,47.25,68.08,0,1.0,2
392.81,32.05,25.88,56.36,0,0.1321,0
225.97,20.37,27.93,80.88,0,0.0783,0
194.59,0.0,29.88,61.8,0,0.0516,0
222.49,19.1,22.1,64.3,0,0.0537,0
487.92,24.1,22.57,40.73,0,0.1746,0
92.11,10.69,32.0,63.63,0,0.0524,0
214.87,58.48,55.55,73.25,0,0.4505,1
70.42,0.51,27.46,39.87,0,0.0263,0
306.03,56.81,31.8,74.0,0,0.1978,0
129.08,37.32,28.94,41.28,0,0.083,0
284.57,18.72,21.5,43.25,0,0.0642,0
84.09,5.28,28.79,51.35,0,0.0323,0
141.79,19.67,19.98,81.99,0,0.0569,0
325.01,29.05,41.37,67.23,0,0.2175,0
148.76,12.76,26.12,86.03,0,0.0611,0
354.28,83.36,31.57,61.63,0,0.342,0
279.55,5.95,25.25,60.75,0,0.0605,0
82.01,12.72,20.37,85.49,0,0.043,0
161.01,33.19,29.98,50.38,0,0.0745,0
274.01,40.06,51.75,78.26,0,0.3427,0
164.45,5.35,25.05,65.32,0,0.0419,0
425.07,100.97,63.76,57.05,1,1.0,2
89.31,21.83,26.46,41.17,0,0.0398,0
191.72,12.59,31.71,77.22,0,0.0714,0
209.03,11.88,18.76,39.63,0,0.0366,0
398.39,28.48,45.22,83.8,0,0.3318,0
280.75,26.88,24.47,85.58,0,0.0993,0
139.09,21.77,23.25,78.8,0,0.0544,0
229.61,18.14,23.73,89.73,0,0.0744,0
83.92,17.42,35.37,77.12,0,0.077,0
182.03,17.28,27.39,58.85,0,0.0527,0
115.04,13.41,31.97,54.14,0,0.0587,0
158.69,14.53,25.39,38.56,0,0.041,0
91.06,14.05,22.29,78.63,0,0.0437,0
457.16,45.03,26.4,43.21,0,0.2184,0
199.63,26.23,46.23,79.83,0,0.23,0
103.31,2.26,17.99,59.04,0,0.0224,0
202.11,20.57,36.12,41.52,0,0.0957,0
1.43,6.47,22.04,78.4,0,0.0361,0
210.0,22.66,20.17,44.97,0,0.0472,0
284.81,24.67,28.6,76.78,0,0.1015,0
228.22,17.42,27.36,45.52,0,0.0584,0
165.66,9.77,26.28,57.34,0,0.0393,0
50.87,26.62,29.5,48.75,0,0.0552,0
96.2,13.51,20.95,50.16,0,0.028,0
16.42,20.15,22.17,61.02,0,0.0326,0
568.4,47.36,29.99,72.42,0,0.3243,0
436.82,200.56,38.76,44.68,0,0.6057,1
1088.18,141.57,55.66,34.86,1,1.0,2
283.01,31.23,39.72,56.53,0,0.164,0
268.29,66.27,22.99,73.72,0,0.1885,0
104.43,21.22,18.12,29.48,0,0.0335,0
262.9,44.19,37.61,71.13,0,0.1933,0
246.02,112.94,27.65,38.69,0,0.3499,1
144.42,14.55,30.99,76.53,0,0.0681,0
588.91,58.33,28.97,48.38,0,0.3629,0
190.1,17.71,23.98,84.94,0,0.0633,0
76.92,15.97,24.46,50.45,0,0.0327,0
88.61,4.8,29.81,69.57,0,0.0422,0
185.92,16.14,19.95,49.35,0,0.043,0
140.56,21.1,21.86,43.17,0,0.0405,0
290.81,19.12,28.14,55.62,0,0.0769,0
30.54,26.49,26.71,75.87,0,0.0571,0
225.65,22.59,44.53,60.21,0,0.1944,0
231.39,5.94,28.34,47.66,0,0.0527,0
287.96,20.8,42.13,43.51,0,0.1948,0
0.89,15.07,24.08,64.0,0,0.0318,0
359.59,26.74,44.03,67.99,0,0.2702,0
110.56,24.76,24.53,38.75,0,0.041,0
220.9,0.0,23.96,48.73,0,0.038,0
163.99,20.34,21.75,44.78,0,0.0393,0
214.59,2.59,26.43,33.8,0,0.0447,0
248.44,5.34,20.79,55.6,0,0.0456,0
194.21,2.53,26.33,67.58,0,0.0461,0
146.16,12.26,28.15,87.76,0,0.0637,0
711.55,173.25,47.64,82.03,0,1.0,2
301.07,39.28,39.14,82.13,0,0.2206,0
389.55,63.52,48.6,64.78,0,0.5039,1
205.76,85.43,27.58,44.96,0,0.2649,0
401.8,83.63,26.69,73.95,0,0.3486,0
203.77,34.16,28.33,45.19,0,0.0786,0
79.96,11.24,32.07,41.83,0,0.0478,0
231.62,53.08,35.03,55.2,0,0.2142,0
410.22,38.98,36.58,78.02,0,0.239,0
1055.34,56.6,33.28,79.37,0,0.6046,1
91.35,11.5,29.84,87.44,0,0.0664,0
126.26,22.75,24.95,69.95,0,0.0473,0
142.11,7.04,24.45,43.26,0,0.0321,0
191.72,12.15,22.18,54.64,0,0.039,0
809.4,180.88,51.84,34.31,1,1.0,2
385.31,35.58,34.98,66.91,0,0.1908,0
77.24,5.72,31.74,53.75,0,0.0437,0
261.53,6.72,31.11,88.95,0,0.0904,0
398.28,167.85,35.84,62.54,0,0.529,1
152.2,9.66,24.2,55.61,0,0.0341,0
317.88,36.82,49.15,52.21,0,0.3285,0
110.82,26.74,26.31,62.78,0,0.0543,0
63.77,23.4,22.39,61.49,0,0.039,0
192.99,4.87,23.47,51.55,0,0.0399,0
122.25,1.2,31.22,47.21,0,0.0373,0
303.87,5.97,20.16,42.28,0,0.0629,0
89.22,32.03,30.16,67.77,0,0.0719,0
239.19,12.11,25.88,83.72,0,0.0724,0
168.73,15.34,23.84,61.24,0,0.0385,0
369.3,36.82,37.95,67.61,0,0.2269,0
214.34,15.8,27.31,60.54,0,0.0547,0
186.5,12.78,29.93,59.05,0,0.0552,0
145.11,22.97,25.75,64.38,0,0.0503,0
236.37,14.64,21.68,57.17,0,0.0495,0
191.78,5.29,18.75,57.64,0,0.0329,0
295.47,21.66,22.33,58.56,0,0.0742,0
784.61,112.08,61.63,32.95,1,1.0,2
310.8,33.78,49.96,77.14,0,0.3244,0
369.85,22.73,28.84,61.74,0,0.1152,0
145.58,23.51,31.92,41.75,0,0.0689,0
48.31,7.82,18.06,68.77,0,0.0241,0
328.94,13.58,22.02,47.99,0,0.0767,0
209.2,7.43,30.15,41.54,0,0.0524,0
109.39,28.08,20.86,53.49,0,0.0419,0
188.59,19.0,21.78,68.79,0,0.0461,0
300.61,15.16,28.75,57.51,0,0.0784,0
14.01,6.45,26.65,79.28,0,0.0368,0
181.75,6.83,21.81,52.63,0,0.0363,0
107.46,19.14,23.64,31.4,0,0.0319,0
247.31,0.59,27.6,55.27,0,0.0513,0
0.0,6.34,20.77,45.45,0,0.0183,0
125.05,17.34,20.39,62.63,0,0.0372,0
67.75,10.66,28.79,83.44,0,0.0534,0
105.74,15.08,13.51,58.55,0,0.0301,0
49.16,8.83,25.21,39.23,0,0.0281,0
367.51,23.98,38.84,89.91,0,0.2129,0
282.38,25.77,21.37,54.44,0,0.075,0
190.48,86.38,26.64,63.1,0,0.2606,0
943.8,127.57,51.87,66.54,0,1.0,2
468.69,53.74,37.46,81.74,0,0.35,0
270.18,13.19,23.65,66.69,0,0.0637,0
209.23,19.13,25.5,22.79,0,0.0509,0
504.45,48.82,43.8,83.85,0,0.4483,1
318.56,8.39,23.03,73.13,0,0.0775,0
71.0,6.97,29.68,70.69,0,0.0454,0
564.57,34.77,34.67,45.02,0,0.3251,0
61.38,10.31,27.56,53.56,0,0.0308,0
162.77,28.78,26.7,55.43,0,0.0584,0
559.06,39.53,35.79,63.95,0,0.3427,0
508.15,39.82,37.91,75.26,0,0.3428,0
118.21,1.62,17.24,57.5,0,0.0224,0
328.74,68.7,38.33,64.54,0,0.3236,1
378.55,22.36,26.79,65.6,0,0.1224,0
266.16,24.2,29.17,83.6,0,0.0946,0
315.06,22.14,31.69,69.51,0,0.1061,0
392.24,64.17,29.05,58.84,0,0.2361,0
754.97,80.71,37.6,51.28,0,0.7298,2
286.52,64.25,27.55,49.72,0,0.1912,0
182.63,9.01,22.78,43.04,0,0.0358,0
831.99,139.06,54.15,86.24,0,1.0,2
515.36,36.15,26.82,51.53,0,0.2347,0
227.19,16.66,21.39,67.99,0,0.0504,0
229.43,85.6,36.32,70.38,0,0.3434,0
355.64,78.12,23.43,54.87,0,0.2747,0
502.47,30.9,36.69,72.25,0,0.3018,0
146.69,24.0,30.52,65.77,0,0.0688,0
360.61,32.66,47.81,74.26,0,0.3215,1
252.78,19.19,39.48,64.69,0,0.147,0
163.42,22.08,29.24,53.21,0,0.0587,0
187.48,7.99,27.56,74.64,0,0.054,0
332.76,45.58,58.7,71.31,0,0.415,1
239.82,22.1,25.98,37.03,0,0.0598,0
246.28,19.45,31.29,82.23,0,0.0992,0
139.47,17.27,20.35,55.14,0,0.0369,0
325.56,39.93,42.38,63.9,0,0.2485,0
690.38,182.64,61.01,38.26,1,1.0,2
892.32,29.56,33.8,49.74,0,0.4747,1
267.99,8.65,25.17,62.06,0,0.0622,0
83.96,10.53,31.66,34.85,0,0.0424,0
346.95,8.93,40.71,70.45,0,0.19,0
330.01,34.03,45.76,58.17,0,0.2773,0
164.94,14.48,27.18,52.6,0,0.0404,0
360.55,47.77,52.3,82.25,0,0.4338,1
649.73,26.72,31.66,44.73,0,0.3397,1
660.97,30.43,30.31,70.5,0,0.3596,0
199.06,21.16,20.79,59.69,0,0.0493,0
255.72,20.08,20.53,49.39,0,0.0572,0
286.56,56.41,32.11,93.78,0,0.2106,0
169.07,15.75,21.8,60.01,0,0.0391,0
18.27,26.06,22.76,58.7,0,0.039,0
418.28,43.09,42.38,81.49,0,0.3345,0
157.17,24.46,25.39,58.84,0,0.0512,0
988.22,90.81,44.89,84.48,0,1.0,2
76.09,28.68,20.02,29.66,0,0.0396,0
555.19,4.14,37.21,41.33,0,0.3196,0
198.22,17.26,26.15,63.45,0,0.0537,0
344.83,40.75,42.62,57.19,0,0.2638,0
374.29,55.43,41.29,84.98,0,0.3447,1
743.49,155.0,63.1,19.9,1,1.0,2
265.13,13.97,24.92,46.13,0,0.0605,0
268.49,20.07,23.82,72.95,0,0.0757,0
248.86,22.55,28.32,47.08,0,0.0658,0
250.82,24.95,29.95,87.0,0,0.1012,0
227.13,17.41,19.97,87.7,0,0.0716,0
312.05,132.26,26.06,55.58,0,0.3849,1
232.52,1.14,25.46,49.41,0,0.0436,0
61.2,37.57,31.71,56.51,0,0.0812,0
128.23,15.82,30.29,47.87,0,0.0458,0
621.7,217.95,38.6,56.0,0,0.7988,2
341.37,96.88,29.27,56.42,0,0.3559,1
301.07,22.91,27.76,70.28,0,0.0838,0
347.99,19.49,23.18,84.81,0,0.1104,0
129.22,15.9,22.42,61.03,0,0.0355,0
225.33,15.74,21.78,43.73,0,0.0494,0
234.34,13.45,28.58,77.0,0,0.0727,0
468.44,60.71,36.88,78.66,0,0.3593,0
1002.11,164.65,44.64,69.33,0,1.0,2
388.1,52.57,39.74,77.51,0,0.3197,0
165.42,16.19,12.76,61.61,0,0.0354,0
190.16,17.9,27.65,86.97,0,0.0737,0
142.34,21.66,30.49,65.72,0,0.057,0
339.07,12.87,31.55,51.56,0,0.1026,0
276.03,21.24,26.64,47.96,0,0.0704,0
112.67,9.37,29.6,85.23,0,0.0652,0
230.04,3.41,20.55,79.77,0,0.0549,0
79.03,23.42,30.64,73.22,0,0.0668,0
111.69,19.01,26.92,75.24,0,0.0531,0
81.7,5.5,21.7,48.67,0,0.0232,0
305.19,31.16,52.56,91.3,0,0.3557,1
608.05,152.37,56.09,44.3,1,1.0,2
198.57,19.14,15.71,40.6,0,0.0422,0
172.48,25.88,24.11,83.82,0,0.072,0
303.7,1.93,23.14,30.49,0,0.0605,0
498.56,94.32,26.15,61.63,0,0.4205,1
309.5,9.45,20.45,47.12,0,0.0641,0
131.11,7.09,25.18,51.68,0,0.0318,0
126.29,14.68,25.35,59.67,0,0.0376,0
250.03,15.66,26.59,58.73,0,0.0558,0
141.13,0.0,26.68,52.85,0,0.0305,0
559.51,36.06,36.56,76.91,0,0.3457,0
353.6,79.39,55.01,18.63,1,1.0,2
141.67,10.33,24.52,45.28,0,0.0352,0
301.79,140.35,33.18,73.09,0,0.4483,1
176.99,7.81,29.18,64.32,0,0.0448,0
134.87,16.34,30.84,89.34,0,0.0761,0
161.97,10.28,34.6,85.65,0,0.0915,0
289.87,47.17,45.07,57.59,0,0.2662,0
281.51,20.46,24.43,63.94,0,0.0709,0
195.0,30.64,19.06,64.98,0,0.0574,0
444.98,37.56,39.69,69.2,0,0.2969,0
297.78,22.29,50.11,72.53,0,0.2866,0
138.17,24.0,25.02,59.84,0,0.0508,0
370.48,48.78,51.47,75.75,0,0.4463,1
219.52,44.76,52.03,85.72,0,0.3466,0
145.87,12.1,25.31,75.91,0,0.0474,0
991.05,127.26,49.38,39.29,1,1.0,2
594.2,46.23,32.18,58.02,0,0.3555,0
173.67,19.87,10.77,41.31,0,0.0407,0
492.6,48.25,39.1,61.42,0,0.3531,1
193.7,18.77,27.46,36.41,0,0.0577,0
159.24,17.12,18.91,50.07,0,0.0374,0
550.82,42.51,29.55,41.76,0,0.2952,0
116.4,14.41,20.18,47.55,0,0.0296,0
392.48,17.3,44.29,67.65,0,0.2701,0
179.89,27.46,29.96,59.25,0,0.0685,0
205.61,12.02,37.77,51.6,0,0.1047,0
198.18,19.77,29.09,75.38,0,0.0687,0
33.48,4.94,27.15,35.58,0,0.0282,0
329.67,11.6,25.79,50.27,0,0.0807,0
66.71,11.92,21.28,45.41,0,0.0268,0
104.7,0.0,24.3,63.66,0,0.0279,0
175.78,33.7,26.4,45.4,0,0.0731,0
186.57,12.31,28.88,35.29,0,0.0487,0
124.64,5.48,29.69,63.05,0,0.0411,0
302.72,11.17,31.95,57.7,0,0.0883,0
101.91,8.64,19.5,54.71,0,0.0253,0
319.41,24.44,41.4,75.24,0,0.2124,0
274.61,7.81,15.63,54.36,0,0.0522,0
73.96,8.95,19.6,61.17,0,0.0267,0
372.8,51.78,34.51,72.76,0,0.228,0
15.08,8.79,16.54,79.17,0,0.0308,0
90.59,13.72,27.6,33.95,0,0.0349,0
253.32,29.32,20.11,47.5,0,0.0665,0
441.44,54.28,39.9,76.26,0,0.3613,1
274.38,1.58,26.15,65.64,0,0.0629,0
141.3,17.93,27.54,53.9,0,0.0435,0
290.57,31.73,21.99,46.48,0,0.0858,0
35.02,32.35,24.44,58.87,0,0.0549,0
183.09,34.8,26.53,49.89,0,0.0673,0
119.03,8.37,25.54,35.31,0,0.0298,0
155.23,1.23,26.41,47.8,0,0.032,0
48.33,9.32,24.61,59.83,0,0.0258,0
208.33,11.09,23.18,32.87,0,0.0405,0
411.86,48.91,36.36,63.51,0,0.2769,0
29.26,21.17,22.75,75.45,0,0.0414,0
1140.15,65.15,37.78,50.64,0,0.7171,2
224.68,8.16,20.93,58.97,0,0.0436,0
187.29,8.77,18.76,42.13,0,0.0335,0
243.27,17.7,26.28,58.06,0,0.0595,0
201.56,28.31,26.19,96.89,0,0.0914,0
353.33,25.51,24.8,87.82,0,0.1253,0
97.85,14.38,28.14,43.31,0,0.0398,0
222.15,25.97,29.84,54.18,0,0.0787,0
212.64,1.21,25.53,47.5,0,0.0425,0
377.16,33.02,47.87,66.4,0,0.3412,0
277.64,142.55,32.62,69.8,0,0.4407,1
214.65,11.48,21.71,40.14,0,0.0429,0
222.93,13.9,18.68,72.8,0,0.0558,0
210.92,2.47,19.85,46.61,0,0.0353,0
117.45,15.5,22.22,51.88,0,0.032,0
461.22,29.32,36.94,66.18,0,0.2487,0
181.8,15.32,18.9,38.55,0,0.0369,0
93.33,8.96,18.52,60.81,0,0.0272,0
6.6,6.57,21.16,62.9,0,0.0224,0
121.9,11.15,26.38,84.71,0,0.0545,0
211.91,24.09,29.88,80.15,0,0.0889,0
223.36,76.8,25.89,66.89,0,0.2383,0
299.41,9.74,23.94,33.47,0,0.0628,0
238.47,9.64,30.08,49.8,0,0.0614,0
204.83,0.0,31.72,65.31,0,0.0602,0
209.52,9.77,26.27,50.25,0,0.0437,0
296.12,10.32,27.84,48.38,0,0.0661,0
117.63,24.87,34.63,57.94,0,0.0843,0
487.52,43.27,42.01,74.83,0,0.3683,1
358.94,36.14,48.35,85.1,0,0.3539,1
199.95,14.41,29.25,69.99,0,0.0624,0
418.87,18.27,38.26,81.07,0,0.2408,0
96.57,22.2,29.46,46.45,0,0.0505,0
116.25,30.65,23.97,82.52,0,0.0731,0
402.15,55.93,34.97,40.95,0,0.28,0
138.33,9.75,36.87,44.12,0,0.0703,0
206.15,0.0,22.25,83.19,0,0.0533,0
108.19,10.38,27.29,57.48,0,0.0388,0
26.02,17.89,26.66,59.82,0,0.035,0
316.43,22.8,43.16,54.43,0,0.2102,0
109.09,10.93,24.93,57.27,0,0.0319,0
381.94,45.45,45.2,61.72,0,0.3721,1
205.81,13.5,26.31,63.46,0,0.0517,0
56.13,36.27,17.36,48.09,0,0.0526,0
161.47,7.18,30.14,70.59,0,0.0522,0
867.59,151.97,36.65,76.46,0,0.9237,2
121.13,24.96,21.23,42.13,0,0.0464,0
443.29,45.51,44.62,73.84,0,0.4078,1
2.06,16.38,18.76,54.16,0,0.0258,0
232.93,13.39,22.59,76.64,0,0.0596,0
155.77,28.88,23.28,56.09,0,0.0527,0
287.33,23.39,23.23,68.58,0,0.0728,0
259.25,32.56,40.73,56.37,0,0.1905,0
391.54,45.82,55.94,78.12,0,0.4793,1
207.02,0.0,22.03,42.34,0,0.0342,0
128.41,2.53,21.21,30.75,0,0.0243,0
422.94,38.9,41.08,71.85,0,0.3012,0
241.68,10.73,22.42,57.46,0,0.0503,0
215.52,0.0,30.57,67.07,0,0.0591,0
1306.92,92.2,42.92,49.1,0,1.0,2
394.95,130.14,28.65,52.8,0,0.4335,1
222.82,24.9,23.81,44.36,0,0.0575,0
97.02,20.74,19.44,43.11,0,0.0297,0
210.34,9.8,24.77,34.03,0,0.0418,0
367.94,55.8,42.77,68.06,0,0.3423,0
194.13,20.9,18.8,89.35,0,0.0674,0
313.22,19.58,28.05,58.17,0,0.0846,0
111.08,3.31,19.25,41.63,0,0.0232,0
253.42,15.91,32.97,61.53,0,0.0783,0
442.47,44.65,44.69,70.47,0,0.3979,1
818.79,171.87,48.22,85.88,0,1.0,2
59.43,3.24,26.12,49.58,0,0.0248,0
367.13,57.56,33.5,65.16,0,0.2234,0
197.39,14.2,25.22,71.91,0,0.055,0
120.39,21.93,20.68,49.98,0,0.0398,0
436.08,232.68,27.97,69.07,0,0.4631,1
62.27,6.25,15.18,61.45,0,0.0219,0
261.11,8.27,28.5,68.87,0,0.0685,0
59.93,19.11,24.18,66.81,0,0.0363,0
60.47,12.88,22.44,47.63,0,0.027,0
170.08,0.0,29.75,47.68,0,0.0466,0
217.77,33.83,39.79,76.79,0,0.174,0
665.66,49.65,27.02,67.43,0,0.3832,1
708.51,39.5,31.87,40.61,0,0.4119,1
1096.05,68.87,36.09,48.38,0,0.7097,1
205.79,15.11,23.48,43.94,0,0.0438,0
243.64,19.72,29.07,75.18,0,0.0763,0
199.83,16.82,28.72,70.35,0,0.0562,0
164.18,1.47,26.29,55.61,0,0.0361,0
165.58,22.19,27.27,51.59,0,0.0523,0
284.7,98.19,29.32,64.36,0,0.3429,1
138.55,11.54,25.55,59.28,0,0.0403,0
231.58,19.7,21.2,76.08,0,0.0642,0
79.61,10.44,23.87,72.86,0,0.0354,0
437.15,159.76,31.16,52.01,0,0.4913,1
635.67,131.71,55.42,32.06,1,1.0,2
113.41,25.19,21.66,50.38,0,0.0408,0
154.15,9.16,28.07,64.49,0,0.0432,0
370.63,47.23,39.1,67.5,0,0.2671,0
227.73,28.72,24.15,41.9,0,0.0659,0
279.0,17.08,21.84,82.45,0,0.0786,0
251.0,8.61,24.55,81.67,0,0.0663,0
399.31,55.53,53.47,78.39,0,0.5065,1
728.64,112.16,66.45,42.52,1,1.0,2
486.61,17.69,34.31,64.46,0,0.2323,0
134.01,7.91,26.65,53.16,0,0.0374,0
944.83,100.41,45.34,65.18,0,1.0,2
108.88,12.5,27.66,66.56,0,0.0431,0
213.95,1.16,27.88,42.97,0,0.0459,0
220.82,8.35,28.66,62.02,0,0.062,0
1023.14,157.78,48.3,62.85,0,1.0,2
243.81,22.28,53.64,90.08,0,0.3033,0
217.48,17.31,25.64,50.73,0,0.0517,0
187.01,15.5,20.43,85.22,0,0.0551,0
48.41,6.61,30.01,27.85,0,0.0329,0
285.08,20.15,29.01,82.59,0,0.1001,0
266.79,72.93,25.0,59.32,0,0.2293,0
208.63,7.44,21.4,53.16,0,0.0386,0
745.61,182.14,41.78,56.36,0,0.9867,2
115.87,33.41,22.28,49.22,0,0.0519,0
96.39,25.78,23.27,71.98,0,0.0497,0
80.72,8.61,20.89,64.21,0,0.0268,0
155.48,3.82,23.93,56.35,0,0.0324,0
302.3,41.82,40.16,81.41,0,0.2265,0
684.7,113.85,39.78,58.22,0,0.8278,2
80.65,21.6,23.98,35.04,0,0.0362,0
30.27,24.43,30.83,50.63,0,0.0511,0
26.03,14.34,25.56,49.74,0,0.0301,0
193.5,60.5,35.73,61.91,0,0.2177,0
74.76,17.07,26.21,76.78,0,0.0489,0
138.94,0.0,20.09,67.68,0,0.0277,0
429.73,22.89,46.55,94.71,0,0.38,0
54.06,17.89,24.41,67.54,0,0.0377,0
130.25,17.39,30.01,76.61,0,0.0643,0
157.26,3.12,23.93,55.43,0,0.0314,0
226.83,31.5,19.71,69.87,0,0.0726,0
108.16,16.6,24.83,52.73,0,0.0351,0
577.67,38.3,27.83,62.81,0,0.2904,0
149.55,17.13,28.32,38.91,0,0.0469,0
199.96,13.9,25.84,43.55,0,0.0474,0
300.59,10.68,21.68,62.85,0,0.0687,0
130.04,3.04,26.58,66.86,0,0.0343,0
254.51,96.41,37.01,60.78,0,0.4383,1
279.1,56.53,22.79,46.64,0,0.1475,0
245.92,26.37,25.35,27.37,0,0.0681,0
218.35,22.81,25.0,47.63,0,0.0578,0
236.08,20.64,32.7,63.07,0,0.0858,0
211.29,36.1,47.29,61.41,0,0.2446,0
206.43,13.01,25.42,51.69,0,0.0459,0
176.85,9.01,32.07,73.92,0,0.0676,0
197.6,19.96,37.1,52.46,0,0.1019,0
256.15,24.3,27.32,44.34,0,0.0703,0
389.14,36.55,52.01,88.13,0,0.4281,1
987.08,168.93,54.91,70.28,0,1.0,2
827.49,65.29,60.05,50.0,1,1.0,2
55.71,17.21,20.82,49.71,0,0.03,0
135.86,4.08,20.09,70.34,0,0.0312,0
98.26,22.53,28.96,61.24,0,0.0503,0
547.6,179.44,42.93,74.79,0,0.8749,2
192.73,74.17,33.86,60.69,0,0.2505,0
246.78,78.03,30.86,52.8,0,0.2576,0
250.1,2.73,26.88,55.78,0,0.0528,0
183.25,36.61,25.23,57.36,0,0.0816,0
37.87,2.69,31.33,50.55,0,0.0393,0
103.65,19.9,25.26,48.64,0,0.039,0
546.79,17.95,30.72,33.79,0,0.2449,0
987.79,158.42,58.48,27.4,1,1.0,2
444.77,34.13,36.19,67.28,0,0.2346,0
73.05,17.03,22.87,72.39,0,0.0364,0
276.92,0.0,24.99,77.08,0,0.0698,0
213.15,28.61,41.09,76.14,0,0.1793,0
256.87,22.05,23.98,73.56,0,0.0725,0
385.75,59.3,38.31,84.4,0,0.3439,0
179.27,28.96,28.4,62.13,0,0.0777,0
429.87,62.45,40.99,83.02,0,0.4199,1
160.51,10.13,15.87,43.77,0,0.0305,0
226.49,32.04,44.27,69.13,0,0.2056,0
623.97,28.45,32.56,59.63,0,0.3492,0
224.88,16.46,28.99,89.56,0,0.0869,0
1016.62,107.49,39.09,76.48,0,0.9637,2
188.2,25.8,19.02,61.25,0,0.0553,0
883.17,148.63,48.44,83.78,0,1.0,2
269.9,21.38,26.06,50.71,0,0.071,0
26.21,11.0,25.14,37.96,0,0.0285,0
238.94,3.63,12.91,37.8,0,0.0375,0
364.85,39.59,37.23,49.32,0,0.2209,0
225.36,13.48,20.4,55.3,0,0.0464,0
36.21,17.49,31.19,72.07,0,0.0537,0
339.8,0.64,22.79,63.03,0,0.0751,0
110.8,28.21,18.93,80.43,0,0.0555,0
810.51,37.6,35.03,77.33,0,0.5114,1
769.3,123.33,56.07,17.46,1,1.0,2
224.45,19.99,28.57,47.46,0,0.0602,0
279.87,11.19,18.93,73.63,0,0.0654,0
329.23,79.36,24.81,66.11,0,0.2847,0
231.69,14.84,21.07,61.54,0,0.0505,0
224.51,16.2,16.89,37.47,0,0.0454,0
278.77,14.39,24.5,44.36,0,0.0651,0
244.14,66.32,21.97,70.58,0,0.1923,0
89.48,10.37,25.57,54.88,0,0.029,0
358.77,141.5,48.46,25.74,1,1.0,2
361.8,38.33,40.08,89.07,0,0.2587,0
252.91,14.22,18.74,39.46,0,0.0493,0
96.55,15.0,35.88,36.01,0,0.0721,0
153.09,12.95,19.38,52.19,0,0.0321,0
249.58,72.88,28.21,66.34,0,0.2265,0
205.78,6.01,21.85,65.46,0,0.0416,0
44.24,20.56,29.63,59.07,0,0.0457,0
818.06,149.31,51.74,44.92,1,1.0,2
163.42,17.57,21.15,51.68,0,0.0389,0
288.4,57.07,28.23,65.61,0,0.173,0
139.85,18.05,33.76,53.42,0,0.068,0
154.87,10.84,24.78,31.27,0,0.0342,0
136.8,10.94,28.98,43.26,0,0.0453,0
181.99,15.22,31.65,57.78,0,0.0578,0
161.75,25.48,20.59,51.66,0,0.0457,0
165.12,4.05,20.87,44.45,0,0.0295,0
152.72,8.08,22.35,87.3,0,0.053,0
256.42,38.99,33.01,42.5,0,0.114,0
111.02,21.52,26.36,57.52,0,0.0485,0
996.6,106.52,35.03,47.3,0,0.7999,2
341.28,41.83,32.53,83.47,0,0.1748,0
636.79,173.42,37.78,65.12,0,0.7881,2
27.48,19.21,21.65,57.8,0,0.0327,0
221.66,20.23,20.27,60.66,0,0.049,0
108.56,13.6,28.05,54.7,0,0.0397,0
271.07,14.26,28.59,68.74,0,0.0732,0
165.01,16.72,21.59,42.29,0,0.0387,0
1128.84,144.88,43.47,89.4,0,1.0,2
845.11,159.97,43.76,60.7,0,1.0,2
189.65,9.96,33.35,61.81,0,0.0718,0
461.21,52.78,36.97,74.3,0,0.3292,0
55.49,4.72,21.36,65.29,0,0.0237,0
113.94,12.11,29.59,58.54,0,0.0437,0
663.75,105.16,54.08,60.43,1,1.0,2
158.73,10.58,32.5,71.13,0,0.0665,0
187.45,40.87,22.04,45.34,0,0.0733,0
388.12,38.18,39.4,78.84,0,0.2467,0
202.61,11.17,22.95,56.18,0,0.0449,0
859.3,109.0,47.84,64.98,0,1.0,2
460.21,27.9,41.17,67.81,0,0.3053,0
164.92,11.52,30.96,66.09,0,0.052,0
229.24,0.78,25.26,82.87,0,0.0594,0
794.02,63.32,35.54,60.63,0,0.6035,1
148.28,13.08,16.71,65.19,0,0.0359,0
232.48,5.27,20.39,23.2,0,0.0412,0
151.15,7.43,17.4,49.22,0,0.0275,0
242.61,26.87,27.5,78.9,0,0.088,0
832.9,104.34,52.27,45.3,1,1.0,2
157.0,23.58,27.19,57.61,0,0.0533,0
588.77,185.59,37.79,40.79,0,0.732,2
330.05,12.5,19.94,48.41,0,0.072,0
837.74,162.33,42.42,60.78,0,1.0,2
411.13,36.51,46.94,67.44,0,0.356,1
282.41,0.73,27.19,64.21,0,0.0663,0
228.18,12.48,29.45,87.35,0,0.0821,0
563.37,58.95,38.95,89.57,0,0.4928,1
873.37,202.0,47.82,32.95,1,1.0,2
155.3,3.27,30.77,41.76,0,0.05,0
945.18,89.05,43.0,83.08,0,1.0,2
869.7,40.75,38.75,51.61,0,0.6247,1
350.37,8.6,29.11,69.39,0,0.1091,0
127.33,14.16,22.12,45.45,0,0.0308,0
167.28,15.55,24.94,55.66,0,0.0394,0
356.2,25.65,45.16,76.86,0,0.2814,0
127.18,21.94,24.9,18.21,0,0.0426,0
640.58,28.68,31.83,56.92,0,0.3348,0
225.59,53.14,33.0,45.87,0,0.1568,0
149.1,5.65,18.33,74.74,0,0.0372,0
180.51,12.27,23.37,55.06,0,0.0386,0
499.38,115.46,50.03,59.65,0,0.9727,2
75.09,10.88,21.97,52.79,0,0.0249,0
1099.57,72.42,29.46,67.95,0,0.6029,1
458.33,36.55,28.45,66.2,0,0.1966,0
14.21,6.22,24.77,83.46,0,0.0394,0
223.96,71.49,37.59,66.7,0,0.3333,0
97.71,7.41,29.88,68.2,0,0.0446,0
78.63,19.13,20.3,63.49,0,0.0367,0
108.16,23.75,30.83,89.19,0,0.0868,0
798.0,163.59,56.0,41.93,1,1.0,2
459.57,32.15,27.9,52.64,0,0.1912,0
232.5,10.53,27.8,55.71,0,0.0536,0
115.12,29.72,27.71,62.13,0,0.0623,0
834.93,46.62,42.12,74.54,0,0.7062,1
75.07,1.21,20.65,61.27,0,0.0223,0
204.31,9.88,28.44,77.6,0,0.0623,0
218.79,17.95,20.76,38.5,0,0.0457,0
337.63,15.09,55.93,83.1,0,0.3433,0
313.56,23.26,41.96,86.67,0,0.215,0
145.0,23.86,25.02,62.02,0,0.0497,0
730.25,126.55,54.03,71.56,1,1.0,2
142.77,7.84,16.88,74.01,0,0.0333,0
194.13,10.45,21.37,63.84,0,0.0394,0
177.02,28.31,34.95,57.64,0,0.1048,0
133.35,84.62,34.52,58.9,0,0.3125,0
200.85,19.66,25.19,48.0,0,0.0556,0
158.47,22.6,22.95,56.97,0,0.0492,0
135.28,14.87,18.71,53.3,0,0.0308,0
460.86,156.66,43.6,57.78,0,0.7778,2
194.71,17.75,25.22,83.79,0,0.067,0
16.72,22.46,19.68,82.15,0,0.0468,0
222.09,23.9,34.08,76.29,0,0.0953,0
316.36,39.27,47.32,76.44,0,0.3311,0
332.2,42.09,40.12,63.88,0,0.2282,0
196.88,0.16,33.47,61.66,0,0.0627,0
155.21,16.51,18.73,48.13,0,0.0325,0
224.25,12.42,28.04,79.17,0,0.0673,0
151.92,23.28,23.69,83.3,0,0.0626,0
870.21,203.34,61.17,52.68,1,1.0,2
33.27,13.37,27.83,64.65,0,0.0374,0
271.21,27.0,37.02,66.83,0,0.149,0
318.46,26.38,44.32,56.76,0,0.2333,0
3.79,20.11,21.24,66.93,0,0.0325,0
273.49,22.07,40.13,46.18,0,0.1513,0
185.25,26.26,32.17,60.44,0,0.0915,0
252.29,24.19,45.52,65.97,0,0.2045,0
205.5,0.0,21.56,71.21,0,0.042,0
179.55,23.74,30.64,54.17,0,0.0668,0
217.39,34.22,56.39,77.69,0,0.3295,0
257.37,41.66,55.12,68.3,0,0.351,1
70.31,17.04,28.23,60.37,0,0.0464,0
203.36,20.25,27.79,84.6,0,0.0771,0
175.95,21.56,19.14,53.46,0,0.044,0
233.12,8.47,25.78,55.63,0,0.0503,0
230.48,4.94,21.89,50.79,0,0.0414,0
192.94,25.77,20.49,32.46,0,0.0487,0
76.11,2.91,30.46,50.63,0,0.0359,0
53.95,23.83,29.24,46.55,0,0.0482,0
217.77,20.14,32.67,59.17,0,0.0839,0
255.68,2.39,24.88,58.78,0,0.0515,0
267.9,1.07,28.35,56.75,0,0.0628,0
277.76,16.54,30.08,61.31,0,0.0759,0
102.76,8.94,22.17,23.08,0,0.0268,0
227.15,9.48,22.94,71.92,0,0.0528,0
975.93,14.76,38.23,66.88,0,0.5954,1
362.99,79.68,34.87,56.22,0,0.3524,1
485.11,54.23,45.04,78.49,0,0.5108,1
201.28,9.98,21.09,60.07,0,0.0402,0
172.49,14.13,20.17,42.92,0,0.0356,0
164.05,14.44,30.94,58.92,0,0.0586,0
195.2,72.05,30.14,83.55,0,0.2591,0
315.56,73.37,23.31,55.31,0,0.2513,0
416.71,5.35,26.48,71.55,0,0.1266,0
315.91,59.09,26.69,40.22,0,0.1849,0
188.82,9.81,29.77,46.04,0,0.0526,0
317.09,33.89,57.04,80.34,0,0.3737,1
84.76,8.31,17.48,70.06,0,0.0294,0
116.33,1.53,26.38,42.62,0,0.0299,0
68.08,0.79,25.08,54.63,0,0.0231,0
321.23,6.37,21.41,50.55,0,0.0678,0
182.35,8.67,34.94,65.58,0,0.0762,0
247.92,31.78,45.87,63.28,0,0.2354,0
433.64,196.37,21.8,50.64,0,0.4376,1
284.73,19.94,26.59,78.56,0,0.0915,0
352.88,26.63,46.36,85.37,0,0.3105,0
111.32,1.71,29.42,49.08,0,0.0382,0
204.17,30.43,19.84,70.92,0,0.0684,0
941.01,162.16,49.19,70.55,0,1.0,2
278.14,70.19,26.06,42.55,0,0.2244,0
69.35,0.0,22.36,55.23,0,0.0209,0
0.0,20.07,25.46,68.98,0,0.0391,0
169.3,21.04,24.16,63.57,0,0.0472,0
263.82,8.37,26.18,47.71,0,0.0569,0
178.98,2.2,25.79,80.99,0,0.0517,0
237.18,19.74,34.19,85.98,0,0.1148,0
121.05,0.23,18.72,68.17,0,0.0271,0
257.53,8.87,21.13,31.9,0,0.0494,0
469.47,158.73,37.78,73.99,0,0.651,1
85.06,15.22,28.9,60.34,0,0.0428,0
84.89,25.49,34.11,47.37,0,0.0714,0
149.89,5.26,33.23,40.86,0,0.0519,0
326.91,11.69,24.39,62.74,0,0.0854,0
1118.34,13.34,42.64,75.25,0,0.6908,1
193.05,12.78,27.72,43.07,0,0.0467,0
33.51,15.91,22.82,55.62,0,0.0295,0
13.17,6.53,28.48,52.07,0,0.0315,0
929.12,174.52,40.34,67.09,0,1.0,2
57.59,6.37,27.0,45.32,0,0.0294,0
236.93,23.96,20.57,65.48,0,0.0583,0
190.82,12.7,33.32,79.63,0,0.0777,0
398.59,149.29,38.04,59.9,0,0.5798,1
15.12,1.91,24.09,88.91,0,0.0426,0
384.54,36.29,36.74,67.69,0,0.2047,0
141.84,25.31,24.95,53.13,0,0.0486,0
113.16,20.2,24.8,43.4,0,0.0387,0
68.91,22.38,26.64,79.52,0,0.0551,0
81.94,5.71,21.64,63.29,0,0.0281,0
236.8,27.24,22.51,51.66,0,0.066,0
103.48,6.24,31.42,66.48,0,0.0513,0
127.44,13.49,20.99,19.65,0,0.032,0
445.02,66.1,44.44,68.71,0,0.4976,1
161.3,19.86,15.78,69.44,0,0.0441,0
114.24,17.35,25.63,38.42,0,0.0391,0
210.91,19.43,26.98,51.55,0,0.0573,0
580.15,165.94,51.38,29.64,1,1.0,2
211.49,24.69,21.59,75.05,0,0.0633,0
130.22,13.62,33.96,67.71,0,0.0679,0
344.68,10.6,40.31,68.2,0,0.1849,0
145.73,1.45,26.15,34.89,0,0.0331,0
377.11,80.27,30.61,70.29,0,0.3425,0
1058.94,54.69,32.05,55.41,0,0.5573,1
101.88,14.52,27.67,51.95,0,0.0382,0
103.39,12.23,27.72,45.74,0,0.0373,0
218.59,20.52,20.28,80.44,0,0.0645,0
102.19,18.48,21.66,58.16,0,0.0323,0
140.49,17.35,16.43,36.5,0,0.0343,0
284.38,7.86,21.6,41.13,0,0.0571,0
884.11,156.54,56.87,68.87,0,1.0,2
611.31,34.07,30.64,53.22,0,0.3239,0
333.17,59.9,43.78,62.11,0,0.3588,1
165.97,27.88,46.61,66.69,0,0.225,0
352.36,16.35,45.42,66.48,0,0.2538,0
155.47,19.86,26.48,53.89,0,0.0419,0
154.26,3.78,15.78,37.84,0,0.0252,0
119.78,10.4,33.1,40.04,0,0.0572,0
86.81,27.56,33.74,53.09,0,0.0764,0
152.63,0.0,24.0,77.9,0,0.0399,0
145.37,11.32,21.48,57.37,0,0.0355,0
460.01,176.6,27.56,54.75,0,0.4815,1
262.81,93.25,34.41,53.54,0,0.3623,0
416.26,36.84,36.37,82.89,0,0.2531,0
255.55,18.33,19.87,53.35,0,0.0512,0
324.21,101.68,28.98,63.25,0,0.3711,1
64.41,15.91,25.24,54.07,0,0.0317,0
242.8,31.77,23.17,53.01,0,0.0714,0
278.99,30.23,43.56,47.01,0,0.2032,0
303.77,44.63,28.03,81.1,0,0.1345,0
62.32,34.56,27.56,56.94,0,0.0684,0
857.68,118.43,53.87,28.1,1,1.0,2
566.96,148.72,32.66,75.87,0,0.6171,1
552.1,137.33,36.9,49.28,0,0.6953,2
191.2,0.0,24.53,74.09,0,0.0482,0
341.35,48.64,30.72,55.9,0,0.1801,0
322.53,46.76,56.93,76.6,0,0.4265,1
156.52,9.26,17.73,65.93,0,0.0328,0
175.33,9.01,13.29,64.25,0,0.0337,0
114.82,8.97,23.81,56.65,0,0.0323,0
94.78,11.04,26.21,45.41,0,0.0332,0
383.0,33.53,33.84,63.33,0,0.1788,0
235.25,32.47,26.39,78.6,0,0.0903,0
514.21,29.46,41.25,75.29,0,0.3744,0
129.26,1.01,29.64,49.11,0,0.0376,0
176.86,40.55,20.0,56.18,0,0.0767,0
77.96,15.57,23.82,56.93,0,0.0328,0
274.64,13.67,29.61,61.5,0,0.0732,0
163.27,8.48,24.05,61.48,0,0.0376,0
749.43,43.86,33.66,48.48,0,0.45,1
267.14,55.79,28.87,74.95,0,0.1587,0
97.36,9.73,31.1,55.25,0,0.0432,0
262.94,33.28,31.29,89.86,0,0.1304,0
132.77,0.0,28.51,59.04,0,0.0355,0
355.21,30.98,43.26,81.56,0,0.2656,0
181.38,2.59,22.75,62.31,0,0.0353,0
98.89,3.18,18.17,62.66,0,0.0232,0
140.24,13.23,24.85,44.36,0,0.0362,0
153.55,1.69,20.48,61.12,0,0.0291,0
70.75,22.29,25.55,47.65,0,0.0391,0
137.39,31.45,36.65,58.6,0,0.106,0
268.78,69.72,22.18,63.32,0,0.203,0
189.15,20.24,25.1,59.23,0,0.0529,0
94.16,20.98,18.79,46.75,0,0.0324,0
309.06,45.24,34.63,54.42,0,0.1797,0
327.67,52.08,52.62,75.39,0,0.4358,1
115.58,13.37,24.44,56.77,0,0.0351,0
309.24,26.18,40.36,72.36,0,0.1799,0
284.13,65.77,33.19,51.68,0,0.236,0
1117.38,49.94,46.81,52.46,0,0.9258,2
177.89,15.14,23.92,80.68,0,0.0583,0
221.16,0.32,24.82,41.41,0,0.0449,0
0.0,23.83,11.15,68.84,0,0.0367,0
116.22,39.54,21.4,43.07,0,0.0631,0
449.6,176.46,30.46,76.78,0,0.5004,1
181.88,12.82,26.48,36.11,0,0.0442,0
271.02,68.03,35.71,69.45,0,0.2606,0
190.85,19.75,19.91,62.56,0,0.0478,0
161.72,54.39,31.08,47.33,0,0.1351,0
377.06,158.45,38.4,64.26,0,0.5795,1
231.18,12.18,27.07,61.3,0,0.056,0
443.18,41.62,33.27,65.1,0,0.2371,0
548.09,49.46,35.27,68.9,0,0.3627,0
289.95,11.72,21.83,45.25,0,0.0602,0
178.71,9.24,27.49,46.62,0,0.0422,0
393.5,62.6,38.31,61.99,0,0.3313,0
132.62,21.44,33.12,67.26,0,0.0719,0
50.67,28.02,22.0,82.8,0,0.0607,0
62.79,26.01,29.41,58.9,0,0.0468,0
236.69,65.8,29.87,57.99,0,0.1983,0
320.03,42.47,48.77,72.66,0,0.3404,1
168.67,25.07,17.26,70.57,0,0.0503,0
234.99,75.74,26.86,44.58,0,0.2337,0
329.25,85.69,35.79,65.22,0,0.3935,1
761.26,120.24,43.59,56.85,0,1.0,2
872.35,33.21,39.66,70.7,0,0.6002,1
264.34,13.48,24.24,48.08,0,0.0528,0
289.12,40.51,54.22,69.02,0,0.3699,1
366.31,171.41,38.01,47.3,0,0.5505,1
207.32,3.3,26.9,59.76,0,0.044,0
154.51,14.5,25.4,60.53,0,0.0431,0
613.57,55.6,30.11,40.57,0,0.369,1
95.97,22.33,25.27,57.45,0,0.0418,0
509.24,38.22,25.09,68.39,0,0.2296,0
275.39,7.36,37.43,39.89,0,0.1113,0
392.18,122.25,35.06,55.99,0,0.4908,1
69.57,0.69,25.79,47.93,0,0.0252,0
174.57,6.75,27.92,44.48,0,0.0421,0
153.95,16.62,29.0,61.12,0,0.0545,0
316.71,47.15,63.37,77.36,0,0.4516,1
180.56,0.0,21.83,60.9,0,0.0353,0
475.35,7.41,33.26,64.16,0,0.1961,0
577.5,151.0,53.62,43.59,1,1.0,2
324.27,54.64,32.96,47.4,0,0.2292,0
471.0,49.16,40.23,99.39,0,0.384,1
105.2,19.45,26.69,52.83,0,0.043,0
170.81,21.89,24.75,37.19,0,0.0477,0
344.33,103.58,30.87,78.65,0,0.3988,1
268.94,28.6,27.87,60.9,0,0.0835,0
102.1,4.33,19.13,75.21,0,0.0342,0
508.6,136.0,55.73,15.24,1,1.0,2
298.66,15.48,30.51,55.25,0,0.0849,0
885.44,103.95,49.3,72.39,0,1.0,2
209.6,8.67,27.33,60.77,0,0.0516,0
137.38,23.24,17.7,72.26,0,0.0436,0
113.41,6.51,31.09,55.52,0,0.0442,0
147.86,20.04,25.78,54.67,0,0.0454,0
39.16,20.91,29.13,49.45,0,0.0411,0
245.32,32.73,18.14,55.11,0,0.0637,0
994.03,156.36,50.81,63.4,0,1.0,2
230.48,27.75,24.26,65.43,0,0.0641,0
80.33,0.75,21.85,79.6,0,0.0329,0
155.61,5.64,23.79,63.48,0,0.0343,0
185.29,21.26,21.32,57.55,0,0.0452,0
68.85,0.24,20.5,49.66,0,0.0195,0
442.12,33.21,49.33,77.02,0,0.4202,1
978.43,87.01,32.62,47.71,0,0.6896,1
137.56,1.9,23.67,56.03,0,0.0312,0
117.54,20.51,12.4,55.87,0,0.0354,0
146.33,10.66,28.44,54.52,0,0.0452,0
1198.21,146.88,43.54,69.25,0,1.0,2
191.48,18.17,22.29,64.93,0,0.0508,0
37.19,13.3,26.66,83.7,0,0.0489,0
198.34,30.68,22.47,50.98,0,0.0573,0
349.79,37.44,43.26,64.35,0,0.2508,0
192.44,22.31,20.73,65.65,0,0.0486,0
320.24,8.75,23.35,42.68,0,0.0736,0
140.17,10.82,23.28,57.81,0,0.0326,0
252.51,24.06,15.71,83.97,0,0.0766,0
908.08,143.9,48.96,34.7,1,1.0,2
221.15,3.95,28.97,44.94,0,0.0517,0
135.04,9.99,25.62,44.64,0,0.034,0
98.21,26.69,23.03,76.99,0,0.0486,0
571.15,34.01,19.07,51.88,0,0.2559,0
545.26,83.37,55.36,50.85,1,1.0,2
73.53,0.84,31.22,60.07,0,0.0413,0
182.48,13.74,29.38,70.59,0,0.0563,0
148.13,3.84,28.22,71.37,0,0.0478,0
134.77,27.39,26.18,29.13,0,0.0481,0
254.25,21.51,22.56,44.38,0,0.0567,0
332.85,11.66,24.14,39.98,0,0.0771,0
516.09,155.37,41.26,64.37,0,0.8007,2
102.37,17.2,26.65,65.76,0,0.0424,0
834.58,143.07,52.77,78.63,0,1.0,2
1095.37,111.72,53.2,45.73,0,1.0,2
72.93,23.79,25.68,51.75,0,0.0415,0
185.42,13.19,23.03,92.09,0,0.0668,0
198.05,9.08,43.5,79.0,0,0.1845,0
215.66,5.14,18.87,42.69,0,0.0359,0
791.25,56.41,33.32,72.42,0,0.5289,1
230.33,21.39,24.4,64.86,0,0.0623,0
7.59,16.38,32.1,37.74,0,0.0423,0
35.9,23.01,25.25,65.72,0,0.0401,0
186.69,14.99,29.96,97.99,0,0.084,0
780.77,120.35,52.25,38.7,1,1.0,2
78.77,15.37,30.19,49.94,0,0.0444,0
299.43,13.16,24.33,61.08,0,0.0725,0
255.65,19.97,27.16,59.18,0,0.0709,0
346.63,44.79,56.91,72.01,0,0.435,1
374.11,148.25,34.76,45.45,0,0.4864,1
236.82,27.25,17.13,54.9,0,0.0615,0
213.21,27.84,19.93,43.38,0,0.0587,0
140.44,17.41,20.86,65.27,0,0.0375,0
183.46,78.06,20.62,59.35,0,0.2228,0
242.08,12.48,18.28,50.53,0,0.048,0
112.04,5.09,16.47,42.66,0,0.0231,0
186.34,4.25,32.37,56.45,0,0.0629,0
773.19,160.61,59.04,71.11,1,1.0,2
263.57,12.1,21.88,58.28,0,0.0556,0
182.22,23.3,26.8,30.35,0,0.0542,0
240.92,7.55,21.2,49.47,0,0.0477,0
448.8,55.55,37.43,68.99,0,0.3389,1
283.17,23.5,22.67,60.68,0,0.0779,0
165.54,28.4,26.41,56.46,0,0.0593,0
283.15,16.98,16.59,59.56,0,0.0604,0
777.22,59.23,29.47,70.06,0,0.5091,1
754.47,190.94,62.33,17.36,1,1.0,2
226.97,0.0,26.76,68.81,0,0.0535,0
908.13,104.98,34.08,64.43,0,0.766,2
599.28,31.79,26.31,56.93,0,0.2904,0
198.1,14.76,32.56,67.49,0,0.0668,0
220.3,31.55,32.03,48.22,0,0.0914,0
455.85,37.42,37.96,81.14,0,0.3011,0
233.75,19.2,18.16,63.22,0,0.0542,0
87.22,18.83,21.73,35.37,0,0.0303,0
250.55,5.55,19.84,64.41,0,0.0506,0
163.08,9.05,22.48,68.44,0,0.0407,0
1142.58,168.93,63.05,35.25,1,1.0,2
189.57,19.51,25.5,72.71,0,0.054,0
222.94,20.99,22.14,48.98,0,0.0504,0
172.93,8.46,27.01,85.27,0,0.0599,0
490.87,42.97,37.66,81.55,0,0.3291,0
475.24,161.75,39.17,51.62,0,0.6617,1
176.05,7.4,22.05,65.88,0,0.0381,0
44.12,20.92,31.07,59.02,0,0.0517,0
197.84,9.8,25.21,57.91,0,0.044,0
164.9,0.0,22.0,54.29,0,0.0317,0
95.09,11.42,21.98,67.66,0,0.0323,0
71.53,31.01,16.67,38.06,0,0.0442,0
463.2,15.95,28.79,49.02,0,0.1679,0
316.96,7.06,31.03,80.55,0,0.1029,0
192.93,28.63,27.9,54.13,0,0.0644,0
234.92,26.95,17.93,42.94,0,0.0598,0
280.54,16.72,25.57,59.2,0,0.0696,0
95.6,4.61,26.69,72.95,0,0.0351,0
167.38,24.38,25.28,55.35,0,0.0506,0
91.62,1.24,27.45,71.97,0,0.0386,0
688.27,70.51,41.43,80.9,0,0.7229,2
194.85,6.58,23.28,70.36,0,0.0474,0
141.87,15.44,31.83,53.9,0,0.0537,0
30.15,12.5,28.08,58.73,0,0.0351,0
333.89,6.35,43.24,74.86,0,0.2141,0
199.77,22.07,25.8,56.65,0,0.053,0
381.58,42.02,32.72,83.35,0,0.1901,0
388.15,143.73,39.41,51.12,0,0.5788,1
283.18,166.27,33.26,50.1,0,0.44,1
351.87,67.4,42.22,88.53,0,0.427,1
153.25,21.54,16.14,67.0,0,0.0396,0
184.01,73.53,29.42,56.48,0,0.2259,0
937.27,90.82,36.28,53.51,0,0.7825,2
65.98,10.03,20.67,36.75,0,0.0229,0
66.63,3.25,26.3,65.13,0,0.0292,0
96.77,5.05,26.15,35.31,0,0.0271,0
197.01,22.74,15.76,54.52,0,0.045,0
162.96,21.26,28.66,89.82,0,0.078,0
1.53,6.04,23.0,66.05,0,0.0247,0
57.11,10.98,29.27,83.07,0,0.0537,0
166.96,15.97,26.6,65.63,0,0.0465,0
260.51,5.36,33.79,37.8,0,0.0837,0
238.6,24.36,25.62,63.65,0,0.0653,0
268.55,61.37,34.18,62.29,0,0.219,0
638.93,25.6,41.96,78.35,0,0.5253,1
177.6,15.87,29.63,54.48,0,0.0549,0
87.57,6.4,24.32,62.75,0,0.0281,0
223.04,11.35,17.11,80.48,0,0.0563,0
293.47,16.64,25.17,71.37,0,0.0755,0
547.85,25.73,36.05,71.48,0,0.3262,0
173.58,0.82,28.51,91.0,0,0.0659,0
87.88,0.0,15.48,66.07,0,0.0212,0
113.74,24.01,21.85,55.94,0,0.0404,0
235.59,0.72,29.17,49.69,0,0.0525,0
366.0,25.47,25.59,71.1,0,0.1099,0
250.2,17.32,22.03,61.62,0,0.0581,0
282.6,13.56,9.51,59.25,0,0.0553,0
148.92,28.29,26.56,35.01,0,0.0516,0
234.57,5.83,25.95,40.57,0,0.0508,0
210.49,24.66,29.36,66.39,0,0.0756,0
297.14,72.4,33.39,50.77,0,0.2777,0
378.04,2.93,26.93,69.84,0,0.1054,0
134.48,0.0,25.05,57.86,0,0.0302,0
263.44,15.97,22.36,46.34,0,0.0563,0
73.2,13.09,31.52,83.65,0,0.0688,0
563.92,123.09,65.28,23.05,1,1.0,2
95.27,0.0,23.89,35.77,0,0.0221,0
350.29,33.65,50.17,58.62,0,0.3352,0
733.63,30.95,32.53,55.06,0,0.4086,1
556.52,4.36,27.72,64.22,0,0.2288,0
22.89,1.71,25.13,78.91,0,0.0369,0
1013.94,58.51,35.06,47.65,0,0.6184,1
49.41,9.21,26.59,58.95,0,0.0318,0
83.64,17.07,26.11,91.78,0,0.0625,0
110.71,20.74,20.57,79.49,0,0.0516,0
7.0,11.5,23.54,52.06,0,0.0246,0
23.53,6.2,29.22,51.8,0,0.0298,0
117.14,3.88,21.63,68.13,0,0.0298,0
126.95,10.58,24.51,56.53,0,0.0323,0
78.21,12.6,20.65,53.31,0,0.0265,0
250.36,28.77,32.82,86.91,0,0.1251,0
20.13,18.05,24.29,64.07,0,0.033,0
606.31,31.53,31.08,37.66,0,0.313,0
861.72,162.17,72.12,16.88,1,1.0,2
102.97,1.71,23.14,69.26,0,0.0302,0
701.64,161.61,72.88,40.63,1,1.0,2
420.39,174.15,31.82,44.92,0,0.4991,1
124.64,13.68,29.28,94.26,0,0.0688,0
14.28,21.56,26.15,83.29,0,0.0545,0
129.82,0.97,26.43,54.81,0,0.0319,0
1189.94,2.73,27.45,57.51,0,0.4131,1
974.92,168.32,50.95,80.02,0,1.0,2
258.45,7.23,20.1,76.65,0,0.0575,0
133.13,12.87,27.36,53.59,0,0.0374,0
326.54,14.42,25.57,71.15,0,0.0869,0
304.1,15.36,28.33,88.62,0,0.1073,0
150.67,20.34,33.21,43.86,0,0.0683,0
94.89,21.96,18.78,36.77,0,0.0358,0
575.91,17.14,31.62,76.35,0,0.2954,0
285.09,34.28,43.86,72.53,0,0.2401,0
233.12,17.57,22.28,51.69,0,0.0555,0
255.72,14.63,24.75,82.24,0,0.0753,0
68.04,9.82,21.62,60.2,0,0.0257,0
177.06,9.09,29.73,63.02,0,0.0506,0
54.51,17.87,24.5,42.63,0,0.0317,0
102.83,29.33,23.83,69.31,0,0.053,0
675.57,17.39,27.27,52.87,0,0.325,0
109.6,20.24,31.01,28.59,0,0.0519,0
255.57,23.11,22.8,54.58,0,0.0664,0
285.89,17.28,25.99,89.87,0,0.0951,0
37.62,27.16,22.87,42.25,0,0.038,0
295.95,6.74,21.33,59.46,0,0.0658,0
486.0,151.93,27.85,65.39,0,0.5031,1
484.67,39.12,37.63,49.15,0,0.2974,0
190.94,29.8,29.34,52.34,0,0.0758,0
410.62,59.65,38.79,84.01,0,0.363,1
780.96,162.63,50.02,44.06,1,1.0,2
181.34,26.96,26.6,44.82,0,0.0529,0
366.87,35.56,39.69,78.76,0,0.2249,0
8.36,12.7,26.75,72.95,0,0.0376,0
152.68,2.49,26.27,54.65,0,0.0336,0
304.71,2.48,40.71,61.67,0,0.1516,0
70.23,26.68,25.26,65.7,0,0.0519,0
463.44,27.09,41.82,58.5,0,0.3086,0
424.42,157.25,20.76,73.65,0,0.4362,1
120.39,6.16,19.32,61.25,0,0.028,0
180.72,2.02,24.31,63.71,0,0.0391,0
468.83,29.07,36.82,83.74,0,0.2566,0
753.89,186.21,62.01,23.29,1,1.0,2
387.11,28.28,32.23,77.08,0,0.1675,0
271.27,26.12,31.16,94.69,0,0.1178,0
1263.07,68.45,35.25,55.02,0,0.682,2
373.91,58.03,52.41,73.07,0,0.5,1
150.55,26.52,24.79,82.82,0,0.0712,0
318.83,6.39,30.07,42.87,0,0.0818,0
417.27,42.13,34.76,76.16,0,0.2283,0
178.98,14.18,10.36,52.79,0,0.037,0
210.22,12.91,17.49,63.52,0,0.0411,0
912.73,164.69,53.16,12.99,1,1.0,2
174.19,13.79,29.44,86.72,0,0.0727,0
196.48,17.91,23.95,81.99,0,0.0612,0
304.68,65.1,32.68,40.88,0,0.2326,0
18.1,16.74,23.91,71.63,0,0.0349,0
156.66,26.92,23.04,98.0,0,0.0793,0
728.03,128.64,65.58,44.61,1,1.0,2
303.19,68.12,53.13,77.63,0,0.5433,1
224.88,27.13,20.65,51.29,0,0.0568,0
239.59,20.85,25.3,88.02,0,0.0796,0
350.26,19.72,52.31,55.98,0,0.3296,0
119.92,21.35,33.18,50.69,0,0.0688,0
173.39,36.43,33.05,90.1,0,0.1244,0
397.97,79.29,31.33,66.03,0,0.3262,0
113.47,13.1,20.98,36.49,0,0.0265,0
96.28,9.22,25.08,65.8,0,0.0351,0
906.44,130.86,48.4,63.16,0,1.0,2
408.16,55.93,35.22,70.21,0,0.2478,0
72.55,21.65,15.99,50.55,0,0.0357,0
148.01,26.99,15.23,43.99,0,0.0449,0
222.8,1.04,26.45,65.83,0,0.0499,0
996.71,41.98,34.13,90.73,0,0.5903,1
141.37,5.36,29.57,44.12,0,0.0416,0
309.39,21.22,20.37,50.06,0,0.0733,0
502.15,31.77,35.36,49.09,0,0.2858,0
225.61,16.12,33.9,58.02,0,0.0798,0
527.47,36.7,32.73,54.14,0,0.2741,0
132.54,13.23,29.71,32.95,0,0.0472,0
131.68,25.47,29.17,49.17,0,0.0546,0
167.12,4.69,18.46,62.33,0,0.0311,0
471.39,177.26,38.42,49.1,0,0.679,1
83.19,32.57,20.47,55.91,0,0.0516,0
435.46,34.97,36.34,72.49,0,0.246,0
107.17,24.11,26.31,66.18,0,0.0453,0
568.43,27.23,31.81,47.66,0,0.2876,0
153.74,27.51,32.2,53.33,0,0.0773,0
242.48,7.74,32.94,41.95,0,0.0752,0
205.08,15.36,30.23,55.05,0,0.0601,0
202.97,43.05,49.02,54.64,0,0.2812,0
212.07,6.87,21.12,46.44,0,0.038,0
190.66,5.81,21.28,75.91,0,0.0451,0
184.56,9.43,19.83,37.1,0,0.0349,0
43.31,0.0,29.41,43.16,0,0.0311,0
834.73,208.57,48.8,42.14,1,1.0,2
1253.04,46.68,44.38,67.25,0,0.8356,2
214.72,17.18,26.91,71.24,0,0.0629,0
263.31,66.33,35.81,47.88,0,0.239,0
180.35,20.43,24.97,99.28,0,0.0799,0
193.28,24.77,21.19,60.7,0,0.0577,0
357.95,86.26,33.31,51.03,0,0.3697,1
695.31,32.77,33.84,58.22,0,0.4169,1
311.27,38.6,39.86,26.2,0,0.2071,0
250.58,3.82,28.15,54.07,0,0.0608,0
706.89,128.52,54.64,27.27,1,1.0,2
400.31,47.44,38.94,89.34,0,0.2962,0
197.94,23.53,28.52,48.82,0,0.063,0
1093.41,58.5,21.62,68.58,0,0.5109,1
86.03,8.99,21.46,71.85,0,0.0297,0
345.12,82.64,32.89,59.86,0,0.3366,1
250.1,15.84,26.72,63.64,0,0.0613,0
831.71,125.19,50.81,37.89,1,1.0,2
226.55,0.0,23.67,86.61,0,0.0626,0
145.95,16.29,17.57,50.4,0,0.0312,0
206.03,25.47,22.35,78.67,0,0.0665,0
139.9,7.69,31.07,53.06,0,0.047,0
329.67,12.76,20.03,60.14,0,0.0766,0
515.96,31.47,33.95,57.98,0,0.2604,0
94.54,0.7,25.6,66.5,0,0.03,0
344.59,20.02,49.94,63.36,0,0.3054,0
177.68,16.32,29.71,32.3,0,0.0533,0
188.47,3.34,25.76,59.41,0,0.0413,0
414.16,49.87,33.66,65.68,0,0.2321,0
226.07,24.29,19.96,68.78,0,0.0611,0
352.48,47.64,26.28,41.74,0,0.1564,0
198.35,25.13,24.16,62.68,0,0.0534,0
213.05,38.43,54.61,70.91,0,0.3159,0
97.06,29.53,29.0,80.76,0,0.072,0
291.35,5.82,25.97,37.44,0,0.0626,0
722.42,154.14,59.84,32.92,1,1.0,2
440.71,34.32,58.57,66.46,0,0.4813,1
318.02,24.9,23.57,92.61,0,0.1099,0
223.22,10.8,29.6,49.34,0,0.0558,0
354.6,18.95,48.65,88.51,0,0.3222,0
197.22,26.36,62.37,79.64,0,0.3087,0
74.7,15.95,23.2,56.71,0,0.0368,0
279.46,33.1,50.44,81.75,0,0.3175,0
303.9,85.81,31.06,48.53,0,0.3297,0
158.81,9.9,15.35,52.33,0,0.0312,0
267.99,83.99,32.49,50.75,0,0.3244,1
278.89,18.28,41.18,64.48,0,0.1658,0
428.38,34.71,48.32,83.17,0,0.4183,1
200.88,12.48,29.66,41.94,0,0.0551,0
274.81,12.79,40.58,74.71,0,0.1533,0
120.51,27.05,22.99,46.12,0,0.0452,0
46.79,9.14,22.79,47.51,0,0.0247,0
264.61,17.11,31.74,65.39,0,0.0846,0
147.0,0.0,28.61,69.26,0,0.0421,0
224.66,17.57,30.43,76.44,0,0.0816,0
155.86,23.85,22.87,59.12,0,0.0496,0
501.88,39.71,37.62,38.1,0,0.3394,0
757.54,94.22,56.56,22.56,1,1.0,2
737.78,103.05,38.3,44.69,0,0.7752,2
239.27,0.0,18.17,53.26,0,0.0388,0
135.52,22.29,19.72,80.95,0,0.0548,0
316.75,42.49,37.81,83.54,0,0.2351,0
280.71,0.19,25.61,62.47,0,0.0584,0
257.66,9.48,25.17,64.15,0,0.058,0
426.01,41.65,28.47,47.25,0,0.1842,0
363.86,35.21,44.84,75.49,0,0.306,0
491.9,168.96,38.46,58.82,0,0.6455,1
273.18,9.45,20.7,62.48,0,0.0557,0
204.49,19.98,28.11,54.52,0,0.0626,0
152.23,12.23,22.33,44.61,0,0.0338,0
267.03,18.32,24.44,64.63,0,0.0653,0
329.44,31.52,47.01,51.93,0,0.2796,0
0.0,14.76,28.85,62.93,0,0.0379,0
198.29,9.95,24.48,82.1,0,0.0588,0
176.68,9.28,30.13,61.36,0,0.0561,0
306.58,21.02,49.21,48.42,0,0.2567,0
201.71,0.0,22.07,56.15,0,0.0375,0
112.33,14.31,29.06,42.93,0,0.042,0
659.82,46.98,35.16,68.0,0,0.4519,1
208.29,5.7,29.15,30.08,0,0.0527,0
229.8,15.65,22.21,57.97,0,0.0484,0
141.49,9.92,23.63,54.83,0,0.0306,0
298.57,31.06,29.73,54.64,0,0.1026,0
452.92,62.63,36.79,78.95,0,0.3436,0
298.41,13.3,15.2,32.92,0,0.0627,0
100.5,2.75,26.1,56.97,0,0.0301,0
162.99,26.65,23.04,53.74,0,0.0495,0
126.29,19.42,32.87,51.21,0,0.0643,0
283.9,26.12,25.65,74.49,0,0.0841,0
157.12,24.62,27.3,40.73,0,0.0537,0
57.38,24.02,25.3,62.63,0,0.0419,0
306.42,53.56,57.16,65.77,0,0.4513,1
373.31,108.76,32.8,60.21,0,0.4302,1
129.77,28.29,29.75,59.51,0,0.067,0
204.8,13.49,23.79,72.22,0,0.0537,0
119.18,30.3,33.34,65.68,0,0.0793,0
170.68,4.43,36.91,77.96,0,0.0937,0
100.39,0.0,21.61,29.44,0,0.0226,0
163.4,18.15,27.66,64.86,0,0.0546,0
52.85,6.83,23.13,43.77,0,0.0256,0
259.91,13.33,19.69,24.53,0,0.0519,0
126.63,30.18,28.03,48.6,0,0.0605,0
156.88,16.44,25.01,50.99,0,0.0426,0
85.17,19.89,26.27,77.84,0,0.0553,0
43.87,18.62,15.17,38.24,0,0.0243,0
195.28,1.84,24.06,76.63,0,0.0473,0
790.06,106.0,57.9,57.55,1,1.0,2
502.11,68.65,23.81,60.19,0,0.34,0
407.07,25.16,41.48,55.42,0,0.2657,0
335.2,115.27,36.81,51.73,0,0.4942,1
942.83,136.45,45.89,61.63,0,1.0,2
747.95,22.01,35.96,52.2,0,0.4711,1
126.39,16.76,17.5,48.28,0,0.0293,0
11.01,14.81,29.51,81.57,0,0.0576,0
791.97,114.1,44.22,51.77,0,1.0,2
483.66,38.61,41.58,79.16,0,0.3644,1
12.69,22.05,25.57,73.12,0,0.0453,0
74.02,17.46,22.84,54.93,0,0.0317,0
141.46,16.3,22.3,30.65,0,0.037,0
476.18,119.8,59.1,44.44,1,1.0,2
123.51,14.12,23.75,82.21,0,0.0503,0
228.02,3.15,25.95,83.02,0,0.0631,0
131.21,19.06,32.44,34.72,0,0.0637,0
389.17,23.5,47.8,81.41,0,0.3309,0
69.27,32.64,20.52,71.46,0,0.0542,0
345.17,18.04,16.28,52.32,0,0.0769,0
159.62,21.21,24.63,53.47,0,0.043,0
212.1,15.91,24.38,84.28,0,0.0667,0
99.18,0.0,27.51,36.71,0,0.0307,0
227.69,86.97,36.2,47.94,0,0.3502,0
473.26,11.69,36.34,56.03,0,0.2251,0
204.72,30.47,18.66,52.93,0,0.0619,0
260.32,14.71,16.81,59.04,0,0.0528,0
182.44,9.19,34.89,59.91,0,0.0666,0
137.89,2.54,25.5,61.71,0,0.0347,0
83.67,29.9,30.62,63.65,0,0.0654,0
275.97,41.15,46.36,44.39,0,0.2626,0
254.55,0.0,24.76,68.67,0,0.0529,0
134.82,9.77,19.39,64.27,0,0.0319,0
959.12,116.34,73.77,14.53,1,1.0,2
66.63,12.05,22.23,81.46,0,0.0422,0
394.32,48.91,35.82,71.4,0,0.2279,0
182.07,14.01,27.51,49.66,0,0.0456,0
123.46,27.12,21.3,53.55,0,0.0477,0
230.07,12.68,28.57,50.86,0,0.059,0
156.25,5.58,23.33,62.74,0,0.0344,0
124.09,2.02,23.22,54.43,0,0.0264,0
117.63,20.79,25.09,55.64,0,0.0443,0
120.96,3.89,33.75,75.96,0,0.0682,0
512.25,34.34,28.09,75.02,0,0.2266,0
205.78,14.56,23.01,74.37,0,0.054,0
343.42,94.4,21.04,73.95,0,0.3388,0
823.75,195.34,46.83,33.36,1,1.0,2
377.61,56.92,33.93,79.47,0,0.2654,0
508.09,176.63,34.65,63.47,0,0.5923,1
868.64,144.12,53.06,91.81,0,1.0,2
355.96,78.05,34.74,68.86,0,0.3458,0
405.28,72.31,33.89,60.0,0,0.3404,0
192.22,24.18,24.14,48.13,0,0.051,0
424.86,46.96,37.85,65.66,0,0.2897,0
87.47,19.01,28.56,46.8,0,0.0424,0
517.77,22.53,31.96,53.69,0,0.2346,0
138.72,19.99,28.66,62.27,0,0.0499,0
358.51,37.02,39.12,65.07,0,0.2251,0
557.37,67.39,38.08,51.96,0,0.4936,1
101.18,0.0,26.16,49.63,0,0.0276,0
652.57,124.96,31.86,56.19,0,0.6616,1
702.19,133.41,34.27,49.05,0,0.7238,2
465.52,20.39,38.76,67.33,0,0.2717,0
26.88,16.1,29.64,37.93,0,0.0416,0
210.98,0.94,27.73,53.68,0,0.0444,0
250.49,2.97,25.11,65.87,0,0.053,0
445.05,40.63,40.77,78.3,0,0.3214,0
72.4,4.23,19.41,77.59,0,0.0333,0
207.92,25.3,16.23,80.27,0,0.0639,0
284.15,16.19,54.42,80.01,0,0.2958,0
157.67,12.9,17.22,61.44,0,0.0321,0
169.01,16.24,27.54,60.37,0,0.0491,0
164.55,17.56,20.24,56.78,0,0.042,0
160.99,0.0,32.17,40.46,0,0.0517,0
492.09,40.2,31.1,62.38,0,0.243,0
484.41,42.07,39.71,81.63,0,0.3562,0
140.63,13.64,35.13,74.5,0,0.0854,0
123.76,10.24,27.75,60.12,0,0.0392,0
99.16,4.19,21.58,59.95,0,0.0261,0
54.81,16.35,18.63,52.0,0,0.0256,0
97.58,24.26,22.07,56.82,0,0.038,0
400.22,63.7,28.34,54.49,0,0.2504,0
747.47,118.88,50.35,57.64,0,1.0,2
275.02,10.2,22.81,57.93,0,0.0576,0
179.04,42.7,29.17,58.46,0,0.0919,0
113.88,16.82,21.72,57.44,0,0.0338,0
1183.58,160.97,43.27,51.31,0,1.0,2
249.64,11.53,27.89,64.49,0,0.062,0
446.25,49.06,43.58,80.76,0,0.4314,1
103.96,24.52,22.5,56.65,0,0.0435,0
154.61,1.29,24.54,61.61,0,0.0333,0
333.24,79.77,34.95,49.36,0,0.3368,0
7.13,21.63,25.69,56.3,0,0.038,0
465.99,48.73,35.39,53.37,0,0.2792,0
268.09,19.49,26.56,33.97,0,0.0677,0
121.54,11.57,21.38,46.72,0,0.0329,0
174.47,20.13,25.81,69.25,0,0.0541,0
372.78,31.94,44.67,69.98,0,0.2993,0
420.75,250.03,37.03,54.84,0,0.5773,1
389.95,52.44,42.86,86.41,0,0.3611,0
178.37,3.23,20.79,57.76,0,0.0343,0
183.8,37.11,21.11,50.77,0,0.0783,0
117.63,29.28,22.35,45.54,0,0.0466,0
359.93,30.81,51.11,64.84,0,0.3306,0
233.24,9.1,24.78,77.6,0,0.0589,0
338.82,197.42,31.13,46.83,0,0.4352,1
821.93,93.91,46.28,55.11,1,1.0,2
174.75,16.76,14.22,60.17,0,0.0388,0
1394.74,34.61,39.64,52.12,0,0.6527,1
998.69,131.44,44.33,50.43,0,1.0,2
242.88,22.95,19.83,74.85,0,0.0643,0
63.1,22.34,24.13,48.87,0,0.0349,0
205.02,10.16,27.29,58.53,0,0.0485,0
1088.14,79.02,36.36,54.83,0,0.7483,2
231.67,65.38,30.73,73.3,0,0.2117,0
165.65,29.26,22.01,48.72,0,0.0537,0
323.44,55.42,46.96,67.77,0,0.3824,1
131.32,2.75,20.63,53.45,0,0.0265,0
901.09,151.26,47.63,58.45,0,1.0,2
182.72,20.76,25.62,43.35,0,0.0473,0
195.04,19.54,31.66,54.28,0,0.0607,0
380.32,29.19,40.32,81.22,0,0.2362,0
336.08,18.37,30.56,41.96,0,0.1025,0
155.27,73.37,28.35,50.17,0,0.2104,0
391.86,19.69,42.5,77.75,0,0.2655,0
132.67,26.55,22.38,61.16,0,0.0489,0
402.91,55.88,42.62,64.47,0,0.3759,1
297.5,3.91,27.03,85.43,0,0.0845,0
132.71,21.48,28.64,85.64,0,0.0747,0
493.59,184.95,38.01,51.26,0,0.6414,1
961.06,171.06,41.94,60.87,0,1.0,2
284.7,73.94,29.69,49.22,0,0.2491,0
151.91,4.2,24.2,46.51,0,0.0304,0
149.24,8.26,30.59,78.5,0,0.0616,0
209.47,15.45,33.66,60.48,0,0.0741,0
99.68,9.59,22.8,80.06,0,0.0446,0
238.02,13.39,22.52,70.97,0,0.055,0
81.31,7.74,19.4,67.23,0,0.0289,0
191.72,27.75,26.97,53.07,0,0.0548,0
18.05,13.36,27.53,62.73,0,0.0373,0
158.99,84.46,30.7,64.02,0,0.2903,0
772.98,95.28,53.99,42.06,1,1.0,2
87.43,19.25,25.91,25.93,0,0.0374,0
564.76,41.05,33.42,58.53,0,0.3251,0
268.52,21.72,23.98,59.54,0,0.0653,0
968.04,64.81,46.41,49.49,0,0.9499,2
413.18,66.65,53.83,88.18,0,0.6408,1
99.04,2.91,26.01,33.07,0,0.0274,0
236.94,19.3,22.01,43.39,0,0.0533,0
88.78,10.33,29.56,43.65,0,0.0399,0
996.0,128.03,44.32,68.32,0,1.0,2
213.18,1.22,29.5,37.56,0,0.0545,0
871.8,116.66,50.0,42.42,0,1.0,2
185.35,15.91,28.06,41.03,0,0.0493,0
237.06,23.24,24.63,63.93,0,0.0697,0
504.33,46.26,32.21,50.53,0,0.2747,0
332.99,25.6,29.44,80.14,0,0.1226,0
175.84,20.36,25.58,59.99,0,0.0482,0
513.94,63.26,35.04,47.78,0,0.3786,1
250.46,65.76,28.87,55.24,0,0.1961,0
407.22,48.93,49.82,77.75,0,0.4843,1
13.82,10.39,25.8,42.87,0,0.0239,0
413.72,219.25,33.92,61.54,0,0.5117,1
326.52,40.04,49.34,58.65,0,0.3358,0
244.79,13.44,47.4,56.88,0,0.2123,0
44.39,7.6,16.59,56.11,0,0.0187,0
832.61,179.91,40.78,24.71,1,1.0,2
249.86,40.48,44.36,60.99,0,0.2322,0
123.73,23.3,16.35,49.6,0,0.0386,0
243.21,7.77,18.74,55.0,0,0.0461,0
200.68,25.4,22.63,35.51,0,0.05,0
217.13,2.6,30.52,41.92,0,0.057,0
273.65,49.61,56.78,74.36,0,0.4338,1
91.57,20.14,21.35,70.73,0,0.0368,0
329.79,18.48,20.69,41.35,0,0.0757,0
3.66,10.16,17.42,43.92,0,0.0183,0
118.36,16.5,30.18,90.05,0,0.0744,0
166.02,2.59,29.24,58.89,0,0.0465,0
60.78,14.75,21.45,61.06,0,0.0309,0
812.09,141.08,42.39,50.95,0,1.0,2
942.87,75.69,30.72,42.76,0,0.6305,1
92.06,5.62,30.95,68.94,0,0.049,0
9.86,19.43,18.87,50.1,0,0.026,0
255.46,15.45,34.86,67.16,0,0.0992,0
82.95,32.12,19.9,45.99,0,0.0487,0
280.5,47.7,48.91,39.09,0,0.3551,1
207.96,8.23,20.65,57.32,0,0.04,0
161.01,17.16,17.75,44.66,0,0.0349,0
158.49,4.2,18.25,39.16,0,0.0266,0
635.0,40.28,35.06,65.68,0,0.3936,1
680.45,179.77,47.1,72.66,0,1.0,2
243.71,14.75,18.5,65.03,0,0.0506,0
9.8,21.33,27.25,55.25,0,0.0417,0
712.86,47.63,31.53,47.68,0,0.4356,1
118.92,11.73,30.43,47.12,0,0.0466,0
246.86,22.7,46.8,74.44,0,0.2266,0
328.7,28.22,32.68,84.53,0,0.1414,0
710.73,150.45,43.78,72.29,0,1.0,2
274.83,17.07,23.29,54.37,0,0.0591,0
916.68,169.95,50.52,20.29,1,1.0,2
307.03,12.8,30.13,47.12,0,0.0841,0
346.3,16.92,47.0,68.06,0,0.2742,0
219.12,0.21,23.84,57.85,0,0.0407,0
42.78,26.81,25.33,65.19,0,0.0474,0
106.23,18.09,28.76,52.45,0,0.0498,0
198.12,10.49,28.47,51.66,0,0.0496,0
253.03,23.7,22.28,56.6,0,0.064,0
234.2,0.0,24.07,81.95,0,0.0642,0
140.18,15.91,27.41,49.7,0,0.039,0
1119.29,105.69,45.73,61.03,0,1.0,2
105.04,19.84,26.82,68.3,0,0.0506,0
493.1,18.31,46.54,71.63,0,0.4221,1
386.33,46.08,36.76,68.09,0,0.2496,0
300.31,0.94,28.47,44.78,0,0.0705,0
185.94,21.42,23.77,62.7,0,0.0493,0
138.88,13.34,26.24,48.42,0,0.0399,0
542.62,33.34,22.71,52.76,0,0.2401,0
293.67,164.24,42.15,40.79,0,0.6059,1
152.7,13.39,24.7,41.21,0,0.0356,0
190.94,12.02,25.3,52.89,0,0.0432,0
95.26,7.22,24.06,82.56,0,0.0437,0
431.26,44.73,37.76,74.78,0,0.2937,0
127.33,35.97,30.45,66.36,0,0.0778,0
184.72,10.43,19.34,67.41,0,0.0386,0
98.21,9.28,30.36,58.28,0,0.0449,0
170.76,13.86,32.21,79.4,0,0.0795,0
103.76,6.24,25.16,59.42,0,0.0285,0
251.83,11.31,20.9,65.39,0,0.0512,0
143.87,18.09,22.51,39.98,0,0.0354,0
228.61,17.06,22.71,75.6,0,0.062,0
240.71,8.79,25.37,42.78,0,0.048,0
0.08,32.28,28.9,38.38,0,0.0577,0
190.2,16.75,34.39,80.38,0,0.0986,0
119.06,0.06,19.8,56.44,0,0.0243,0
150.77,18.26,23.73,82.65,0,0.0632,0
101.44,7.24,24.41,56.62,0,0.0294,0
202.9,27.3,32.79,89.8,0,0.1092,0
273.75,21.56,23.17,37.34,0,0.064,0
349.27,13.17,28.31,75.17,0,0.1054,0
16.92,5.39,20.69,58.68,0,0.0197,0
1064.16,75.7,41.12,56.38,0,0.8787,2
157.02,5.73,27.42,49.29,0,0.0373,0
218.95,24.53,22.27,94.32,0,0.0824,0
93.94,22.26,31.55,38.99,0,0.0665,0
154.13,25.91,17.44,64.53,0,0.0432,0
252.84,16.91,24.23,75.39,0,0.0685,0
198.24,17.9,31.76,48.49,0,0.0735,0
426.58,55.05,36.37,75.83,0,0.2905,0
183.74,2.65,19.27,46.46,0,0.0322,0
101.99,29.03,24.78,51.84,0,0.0488,0
370.51,33.22,32.38,72.59,0,0.162,0
71.9,17.16,23.6,82.72,0,0.0469,0
124.92,2.58,22.33,58.75,0,0.0259,0
262.12,14.96,14.02,64.88,0,0.0565,0
857.84,217.01,54.7,59.47,0,1.0,2
279.79,72.14,29.74,68.24,0,0.2532,0
135.79,26.97,44.48,42.39,0,0.179,0
244.19,18.81,50.15,50.45,0,0.2456,0
202.9,14.27,22.02,62.65,0,0.0447,0
49.53,26.7,26.26,59.79,0,0.0488,0
282.39,5.46,21.58,30.07,0,0.0536,0
279.45,2.61,21.32,53.78,0,0.0532,0
109.04,0.0,20.62,38.73,0,0.0218,0
310.5,45.1,50.65,75.59,0,0.3708,1
266.19,10.77,18.81,64.25,0,0.0548,0
88.2,23.57,29.11,78.62,0,0.0731,0
190.34,34.27,25.1,83.75,0,0.0821,0
0.0,10.17,21.71,62.71,0,0.0238,0
6.53,20.93,21.8,73.27,0,0.0418,0
157.19,3.98,31.26,52.13,0,0.0506,0
349.72,48.11,32.24,72.35,0,0.1941,0
248.5,22.5,24.79,46.99,0,0.0647,0
581.83,35.77,31.85,52.4,0,0.3128,0
288.85,9.49,17.98,40.2,0,0.0545,0
213.18,11.78,18.31,54.86,0,0.0381,0
217.96,6.2,19.27,47.64,0,0.0404,0
93.52,31.89,22.2,68.72,0,0.0587,0
647.38,49.27,40.36,63.33,0,0.5515,1
407.96,34.78,47.8,68.84,0,0.3658,0
575.16,51.33,33.52,57.3,0,0.3841,0
0.0,20.61,25.09,40.01,0,0.0326,0
4.6,16.18,24.38,32.51,0,0.0273,0
141.79,11.11,30.23,90.96,0,0.0699,0
189.31,10.57,24.77,41.33,0,0.0413,0
1072.85,52.98,33.16,35.04,0,0.5546,1
262.51,24.26,25.99,40.6,0,0.0721,0
236.75,28.67,31.34,56.08,0,0.0781,0
104.18,0.06,28.45,41.99,0,0.0332,0
42.36,11.85,30.41,64.58,0,0.0445,0
540.38,55.57,22.63,52.42,0,0.2915,0
881.4,72.04,34.11,71.89,0,0.6592,1
135.87,2.73,15.96,37.75,0,0.0227,0
332.45,29.08,40.87,54.83,0,0.1951,0
613.15,22.66,37.08,71.14,0,0.3766,0
156.9,11.41,29.0,64.9,0,0.048,0
176.76,15.6,28.56,38.02,0,0.0503,0
211.18,4.33,23.68,55.53,0,0.0381,0
63.19,17.42,17.55,44.71,0,0.024,0
220.07,0.0,19.17,51.75,0,0.0373,0
1211.83,91.34,37.3,68.31,0,0.8323,2
127.42,9.64,22.43,65.8,0,0.0324,0
60.46,18.19,16.36,54.73,0,0.0297,0
456.15,55.08,34.54,74.99,0,0.3017,0
175.41,5.46,31.71,76.01,0,0.0655,0
251.48,22.64,24.53,78.98,0,0.075,0
369.53,113.65,29.8,59.89,0,0.4079,1
523.61,36.56,33.23,59.65,0,0.2954,0
615.94,25.81,32.79,37.46,0,0.3381,0
105.9,19.38,30.11,34.33,0,0.048,0
74.2,19.12,27.29,65.52,0,0.0453,0
238.14,108.41,32.88,65.46,0,0.3989,1
505.15,34.04,35.11,55.61,0,0.2799,0
171.91,15.77,29.72,49.54,0,0.054,0
994.13,146.33,48.86,62.81,0,1.0,2
410.55,25.56,37.95,55.14,0,0.2299,0
252.46,41.67,42.0,70.72,0,0.2324,0
151.62,14.09,22.07,83.37,0,0.0559,0
272.91,98.79,29.68,63.27,0,0.3429,0
141.37,12.04,30.62,37.33,0,0.0547,0
906.48,109.41,55.37,49.32,1,1.0,2
97.9,21.02,18.45,63.07,0,0.0363,0
879.54,145.26,44.05,54.14,0,1.0,2
147.32,21.7,25.07,89.18,0,0.0637,0
372.73,50.06,34.95,77.13,0,0.2197,0
182.05,22.11,17.67,56.56,0,0.0434,0
123.04,8.21,22.03,42.73,0,0.0277,0
183.94,23.92,26.59,49.32,0,0.0564,0
417.97,17.04,53.85,74.66,0,0.406,1
173.69,19.58,24.49,53.94,0,0.0449,0
609.33,42.97,34.95,62.02,0,0.3796,1
588.36,24.27,35.52,48.93,0,0.3262,0
282.88,23.72,19.82,85.66,0,0.0846,0
141.37,21.02,23.33,70.52,0,0.0481,0
192.79,26.1,31.61,53.08,0,0.0704,0
82.37,14.11,31.38,67.24,0,0.056,0
144.14,19.52,31.9,62.03,0,0.0654,0
87.75,7.02,29.19,67.56,0,0.0401,0
389.96,118.68,38.94,88.3,0,0.5835,1
336.53,32.09,29.85,47.17,0,0.1223,0
152.27,4.43,19.87,60.16,0,0.0294,0
969.01,136.79,48.83,81.65,0,1.0,2
141.2,15.63,26.05,61.99,0,0.0403,0
364.03,21.67,32.41,79.61,0,0.1421,0
187.44,68.24,30.33,55.95,0,0.2089,0
755.42,197.88,55.82,31.46,1,1.0,2
78.13,13.56,25.97,46.11,0,0.0314,0
265.71,16.99,21.39,58.14,0,0.0556,0
316.66,29.16,50.93,97.52,0,0.3262,0
451.45,48.95,34.12,82.29,0,0.2822,0
174.49,35.6,31.29,95.29,0,0.1204,0
587.11,38.7,38.4,70.56,0,0.4164,1
99.44,0.95,18.69,53.06,0,0.0219,0
160.75,15.2,22.64,50.61,0,0.0374,0
337.91,45.51,19.84,73.28,0,0.1343,0
273.6,6.28,24.34,65.27,0,0.0603,0
174.46,6.32,31.24,69.61,0,0.0568,0
756.97,201.61,74.33,49.41,1,1.0,2
177.41,30.14,31.83,36.75,0,0.0792,0
158.37,27.79,26.92,40.95,0,0.0551,0
196.7,64.17,26.63,51.29,0,0.1834,0
236.87,18.23,21.08,39.53,0,0.0517,0
133.56,4.31,23.91,44.51,0,0.0292,0
181.65,26.96,18.4,46.2,0,0.0488,0
191.61,38.26,22.16,64.13,0,0.0737,0
320.12,188.09,36.3,56.48,0,0.496,1
8.29,17.8,28.09,48.21,0,0.0374,0
154.93,17.25,21.24,76.36,0,0.0472,0
179.44,2.61,27.07,71.91,0,0.0446,0
147.83,2.2,19.92,73.36,0,0.0337,0
739.03,181.28,34.21,52.46,0,0.7583,2
594.39,47.14,32.61,56.35,0,0.3588,1
307.76,164.6,28.77,35.72,0,0.4038,1
165.99,26.34,20.4,69.16,0,0.0548,0
62.24,28.6,24.27,62.59,0,0.0504,0
472.43,27.74,40.27,100.0,0,0.3455,0
124.05,71.73,25.51,60.28,0,0.1783,0
536.69,94.29,64.03,22.65,1,1.0,2
188.25,15.41,23.84,81.92,0,0.0578,0
151.97,38.87,23.4,69.07,0,0.0754,0
320.63,3.45,26.45,44.51,0,0.072,0
136.37,13.72,28.59,59.76,0,0.0423,0
603.57,57.85,33.3,53.91,0,0.4036,1
445.33,39.28,38.61,75.4,0,0.2911,0
658.26,34.73,25.93,68.3,0,0.3398,0
256.61,25.45,24.91,85.57,0,0.0943,0
61.36,4.29,29.32,70.84,0,0.0412,0
212.21,30.69,26.3,62.57,0,0.0705,0
124.55,22.11,22.29,41.47,0,0.0384,0
311.87,29.89,40.62,60.8,0,0.1932,0
133.23,6.31,30.06,46.17,0,0.0443,0
419.72,39.22,37.62,76.77,0,0.2564,0
362.97,34.78,39.54,83.18,0,0.2534,0
283.98,7.61,22.04,44.18,0,0.0544,0
201.81,16.48,22.54,49.81,0,0.0451,0
144.42,40.43,25.49,85.26,0,0.1013,0
446.36,50.52,28.79,78.3,0,0.2446,0
187.7,23.95,31.55,47.23,0,0.0742,0
319.21,200.39,31.44,50.74,0,0.4251,1
281.53,4.68,27.52,33.89,0,0.0643,0
173.01,53.43,28.2,60.01,0,0.1223,0
54.06,34.74,26.05,65.88,0,0.0695,0
173.36,24.43,28.98,51.53,0,0.0601,0
167.37,17.61,17.89,47.49,0,0.0384,0
485.12,146.21,48.63,58.87,1,1.0,2
201.93,30.75,19.49,62.54,0,0.0604,0
345.83,21.6,55.75,85.53,0,0.3622,1
102.29,7.91,24.53,56.3,0,0.0307,0
288.84,158.7,38.3,57.71,0,0.5009,1
397.7,29.38,45.29,74.18,0,0.3369,0
944.64,190.87,40.85,74.91,0,1.0,2
129.74,11.63,22.08,41.73,0,0.0286,0
150.55,22.34,31.68,52.89,0,0.0585,0
199.91,2.84,18.22,66.18,0,0.0356,0
89.76,20.89,27.37,69.45,0,0.0481,0
280.51,10.43,31.57,51.5,0,0.0815,0
261.65,8.05,22.55,63.97,0,0.0554,0
195.01,0.0,26.54,64.06,0,0.0423,0
187.14,11.82,20.04,47.07,0,0.0392,0
64.4,23.46,17.66,58.34,0,0.0351,0
205.62,24.62,17.08,54.7,0,0.0488,0
196.33,7.66,26.63,72.06,0,0.0533,0
131.39,14.85,28.86,44.65,0,0.0422,0
674.12,140.39,40.6,60.31,0,0.9418,2
138.14,19.05,29.89,46.69,0,0.0488,0
430.77,22.58,30.61,48.91,0,0.169,0
295.88,22.85,38.33,78.45,0,0.1737,0
293.71,103.44,41.6,53.39,0,0.507,1
143.34,15.48,26.01,62.91,0,0.0448,0
21.28,28.39,24.8,60.81,0,0.0418,0
238.82,20.49,21.82,48.41,0,0.0541,0
142.43,9.63,10.8,55.57,0,0.0289,0
379.01,54.29,40.08,71.53,0,0.3141,0
24.35,8.85,21.88,53.04,0,0.0234,0
270.15,36.84,45.56,83.93,0,0.259,0
240.08,4.63,28.08,40.87,0,0.0513,0
198.03,2.77,21.42,43.19,0,0.0362,0
206.81,25.07,20.56,62.82,0,0.0581,0
1044.28,63.02,33.41,68.43,0,0.6309,1
350.66,28.08,25.0,92.76,0,0.1367,0
300.74,17.16,49.25,53.32,0,0.2696,0
215.31,18.72,26.48,80.56,0,0.0715,0
124.6,24.71,26.02,61.44,0,0.0505,0
444.47,53.93,41.5,80.48,0,0.3767,1
284.16,7.34,33.39,60.01,0,0.0951,0
220.24,15.26,33.7,60.15,0,0.0809,0
124.0,18.15,25.43,59.86,0,0.0426,0
156.73,19.21,27.23,57.98,0,0.0488,0
230.6,11.63,32.51,60.16,0,0.0698,0
71.24,11.24,24.72,41.72,0,0.0297,0
820.97,194.04,46.02,20.73,1,1.0,2
725.02,116.8,50.92,33.79,1,1.0,2
89.09,22.2,26.6,60.16,0,0.0457,0
298.11,30.19,49.18,70.24,0,0.2882,0
316.8,53.97,43.9,56.47,0,0.3346,0
182.78,1.9,26.47,60.79,0,0.0388,0
246.77,51.19,30.35,53.71,0,0.1384,0
128.37,0.86,35.15,59.21,0,0.0593,0
580.5,23.48,32.54,58.85,0,0.289,0
753.43,138.34,32.66,52.29,0,0.7305,2
327.55,22.09,47.16,61.24,0,0.2593,0
247.89,2.2,16.02,68.18,0,0.045,0
176.92,0.0,24.71,65.11,0,0.0405,0
253.72,4.8,28.26,49.34,0,0.0612,0
310.48,24.34,26.51,53.33,0,0.0853,0
367.65,24.91,49.27,68.08,0,0.3392,0
949.17,29.24,46.3,52.25,0,0.7838,2
841.38,129.22,54.6,73.55,1,1.0,2
195.03,4.13,19.49,57.56,0,0.0345,0
509.55,44.57,38.42,74.12,0,0.3538,1
434.64,21.91,42.79,73.42,0,0.3067,0
249.19,28.37,35.66,44.7,0,0.1186,0
257.02,21.77,26.3,57.48,0,0.0664,0
620.11,38.66,23.68,49.39,0,0.3118,0
80.56,22.67,24.89,63.3,0,0.0459,0
126.08,17.91,19.53,60.86,0,0.0389,0
197.77,11.63,23.6,58.85,0,0.0443,0
288.08,9.67,30.01,41.28,0,0.0734,0
128.97,8.53,22.0,82.23,0,0.0441,0
365.12,6.22,28.54,63.1,0,0.099,0
232.77,18.31,29.68,65.67,0,0.0686,0
267.23,89.34,34.77,63.12,0,0.3559,1
5.53,18.54,31.56,56.89,0,0.0544,0
137.08,6.3,23.58,64.11,0,0.0304,0
108.72,12.05,24.61,67.83,0,0.0415,0
126.6,9.84,28.49,54.75,0,0.0382,0
49.49,8.54,16.61,57.34,0,0.0206,0
189.09,18.99,23.63,51.02,0,0.0464,0
473.96,46.19,36.69,58.5,0,0.3127,0
118.7,12.07,27.61,52.02,0,0.0376,0
95.18,15.03,17.53,48.93,0,0.0263,0
276.39,78.23,32.57,50.02,0,0.2664,0
535.5,34.69,37.58,60.18,0,0.3246,0
223.36,10.56,30.93,60.25,0,0.0664,0
202.42,21.32,23.74,76.27,0,0.0619,0
181.62,1.49,22.09,40.27,0,0.031,0
139.91,18.6,25.82,68.43,0,0.0473,0
62.27,23.16,24.27,48.83,0,0.0377,0
55.97,4.55,27.07,62.02,0,0.0295,0
271.5,58.18,36.62,52.98,0,0.2234,0
834.83,97.72,53.96,72.91,0,1.0,2
229.58,26.93,46.08,65.0,0,0.2315,0
225.45,35.2,20.71,51.96,0,0.0736,0
405.62,55.56,39.51,77.03,0,0.3552,0
104.57,6.32,25.72,57.45,0,0.03,0
644.56,119.07,74.99,34.49,1,1.0,2
290.16,21.91,11.75,51.94,0,0.0648,0
118.74,0.0,36.34,52.6,0,0.0677,0
86.32,12.49,28.32,50.0,0,0.0361,0
6.75,16.86,25.97,34.65,0,0.0296,0
303.03,17.12,29.94,32.93,0,0.0838,0
196.39,24.54,24.55,52.05,0,0.051,0
98.54,21.29,24.34,44.5,0,0.0361,0
437.73,55.97,38.45,74.02,0,0.3564,1
185.7,17.7,23.46,70.78,0,0.053,0
208.4,6.98,24.36,59.16,0,0.0435,0
221.32,20.77,23.7,41.46,0,0.0549,0
196.92,5.11,26.57,63.61,0,0.0442,0
55.01,11.99,21.31,50.93,0,0.0262,0
353.39,17.79,23.71,93.59,0,0.1194,0
277.95,23.88,23.35,41.36,0,0.0723,0
303.5,11.6,22.27,58.93,0,0.0679,0
486.94,226.4,32.53,41.62,0,0.537,1
50.86,18.91,16.91,51.41,0,0.0272,0
342.82,39.44,42.84,45.7,0,0.2554,0
309.36,89.33,31.36,62.39,0,0.3372,1
999.61,98.15,35.46,61.39,0,0.8063,2
141.05,8.09,28.62,42.26,0,0.039,0
814.6,175.82,46.15,67.18,0,1.0,2
12.31,15.7,27.45,52.59,0,0.0307,0
159.04,9.66,26.6,65.25,0,0.0391,0
354.83,34.51,55.99,83.89,0,0.4086,1
277.61,5.68,48.32,59.54,0,0.2357,0
455.55,45.19,34.36,49.43,0,0.2544,0
232.61,8.42,29.5,70.18,0,0.0638,0
237.71,21.06,28.75,39.78,0,0.0646,0
330.89,38.69,41.12,71.34,0,0.2521,0
116.01,11.01,30.51,82.04,0,0.0626,0
368.57,37.9,34.65,73.2,0,0.1888,0
478.13,45.44,34.63,73.68,0,0.3007,0
475.11,50.11,39.13,78.85,0,0.3704,1
293.17,27.48,23.38,62.63,0,0.0815,0
57.5,11.11,22.62,56.93,0,0.0265,0
258.12,27.71,23.39,84.57,0,0.0931,0
489.19,44.28,54.6,80.24,0,0.5999,1
308.82,85.99,32.09,79.78,0,0.3492,1
226.06,25.73,21.25,53.32,0,0.06,0
3.0,6.74,22.64,50.91,0,0.0224,0
141.79,16.24,21.04,75.54,0,0.0436,0
3.85,9.83,24.33,67.5,0,0.0279,0
352.67,31.63,37.85,49.86,0,0.1842,0
196.61,14.64,25.05,63.5,0,0.0531,0
78.19,10.57,22.73,61.29,0,0.0298,0
113.15,27.68,21.16,48.57,0,0.0498,0
145.97,20.66,22.45,61.31,0,0.0421,0
264.4,57.92,29.56,49.52,0,0.1502,0
275.1,28.94,24.67,82.19,0,0.0981,0
167.02,12.4,29.85,46.15,0,0.0466,0
280.3,25.49,47.7,65.26,0,0.2605,0
70.1,11.23,26.14,55.13,0,0.0331,0
150.11,29.15,32.6,40.54,0,0.0695,0
991.7,116.7,56.94,74.06,0,1.0,2
246.66,21.7,26.63,64.13,0,0.067,0
199.36,0.74,24.09,81.11,0,0.0555,0
313.96,9.48,23.03,94.74,0,0.1003,0
236.73,90.14,43.0,75.4,0,0.5032,1
1114.81,58.61,31.71,57.87,0,0.5606,1
372.87,16.94,28.05,45.54,0,0.1174,0
155.13,29.11,19.3,52.43,0,0.0474,0
101.25,9.54,23.04,77.35,0,0.0411,0
850.03,159.13,62.09,55.45,1,1.0,2
122.93,23.57,23.16,49.79,0,0.0438,0
396.79,179.54,24.51,68.7,0,0.4309,1
81.97,31.16,20.27,32.22,0,0.0448,0
962.41,147.48,47.27,76.65,0,1.0,2
475.43,149.74,35.58,64.55,0,0.582,1
431.03,54.44,37.34,73.01,0,0.3229,0
773.7,45.22,44.82,62.28,0,0.7412,2
53.78,0.53,18.27,45.14,0,0.0168,0
118.74,17.54,21.72,70.04,0,0.0371,0
1292.79,62.32,31.02,60.78,0,0.5867,1
139.46,19.72,27.26,34.55,0,0.0444,0
128.76,21.71,22.47,51.24,0,0.038,0
215.92,12.13,21.6,59.36,0,0.0431,0
120.61,8.64,22.55,38.1,0,0.0296,0
123.43,3.58,21.71,63.43,0,0.0302,0
37.38,4.52,22.94,42.69,0,0.0203,0
258.63,240.22,39.5,56.22,0,0.5342,1
840.27,129.49,46.66,27.65,1,1.0,2
233.41,20.07,25.91,53.21,0,0.0611,0
400.27,23.75,44.86,91.52,0,0.3381,0
915.34,114.31,47.98,65.68,0,1.0,2
53.44,9.45,23.28,41.45,0,0.0236,0
102.82,22.7,21.98,58.82,0,0.0393,0
129.48,10.24,15.23,51.72,0,0.0281,0
843.23,75.03,54.13,88.48,0,1.0,2
428.71,49.37,32.56,96.57,0,0.2635,0
228.01,14.1,22.77,87.85,0,0.0708,0
214.62,110.38,29.86,56.03,0,0.3667,0
343.38,46.95,38.76,84.31,0,0.2624,0
271.27,17.65,20.24,66.36,0,0.0654,0
163.17,59.04,53.7,90.59,0,0.4556,1
237.7,9.41,23.26,42.21,0,0.0469,0
125.33,9.42,31.64,44.26,0,0.0538,0
791.39,0.15,47.45,56.1,1,1.0,2
210.91,6.0,26.39,52.6,0,0.0411,0
146.79,3.62,24.61,38.74,0,0.0336,0
94.97,26.79,31.5,74.39,0,0.0707,0
205.05,12.0,25.02,48.7,0,0.0456,0
283.04,4.86,23.48,44.99,0,0.0558,0
173.2,7.9,32.43,69.8,0,0.0645,0
236.9,25.43,25.66,83.34,0,0.0846,0
271.65,28.88,47.44,81.88,0,0.2462,0
234.93,8.99,21.31,87.94,0,0.0719,0
164.65,0.0,26.66,73.39,0,0.0434,0
272.59,21.33,21.03,59.18,0,0.066,0
233.54,10.18,20.48,58.56,0,0.0447,0
1053.14,119.6,45.52,68.74,0,1.0,2
302.25,24.22,45.39,55.93,0,0.2319,0
750.15,188.03,48.51,24.22,1,1.0,2
184.33,3.36,24.46,52.32,0,0.0373,0
156.03,43.68,30.81,59.76,0,0.1094,0
189.61,20.92,22.56,61.48,0,0.0543,0
200.32,0.0,25.34,60.09,0,0.0392,0
188.27,25.47,26.58,66.66,0,0.0617,0
375.26,52.36,40.04,60.73,0,0.2958,0
1064.81,131.23,50.43,72.09,0,1.0,2
401.37,33.3,39.74,69.79,0,0.2416,0
1008.62,64.39,44.88,72.98,0,0.9573,2
97.54,11.05,30.82,48.99,0,0.0419,0
238.35,21.96,21.6,87.0,0,0.0817,0
257.75,2.26,22.26,47.62,0,0.0483,0
563.48,31.66,32.24,67.63,0,0.2933,0
65.57,11.39,27.97,46.36,0,0.0377,0
218.37,12.92,21.04,46.02,0,0.0421,0
222.13,64.7,32.56,65.1,0,0.1914,0
161.57,24.02,23.2,65.01,0,0.0498,0
127.85,12.36,30.23,40.66,0,0.049,0
1027.84,60.82,23.23,62.3,0,0.5228,1
16.52,21.7,29.11,62.04,0,0.0467,0
56.97,8.85,34.7,74.3,0,0.064,0
155.47,15.9,20.44,38.75,0,0.0323,0
99.66,30.6,19.04,41.91,0,0.0481,0
413.42,24.19,31.79,32.92,0,0.1533,0
116.98,5.23,26.92,83.75,0,0.0491,0
214.08,7.97,34.82,75.12,0,0.0884,0
148.06,19.88,35.06,59.85,0,0.0732,0
116.75,4.89,24.17,43.96,0,0.0307,0
727.74,66.73,37.56,61.13,0,0.6291,1
208.61,25.13,15.97,49.92,0,0.046,0
294.1,35.91,29.74,77.66,0,0.127,0
252.17,9.26,21.84,73.65,0,0.0562,0
112.39,4.81,24.08,82.73,0,0.0445,0
208.61,15.18,25.39,65.13,0,0.0518,0
301.44,25.93,38.5,72.43,0,0.1656,0
443.69,45.09,52.37,69.68,0,0.52,1
296.88,40.13,41.33,52.75,0,0.2375,0
268.4,47.69,50.24,82.39,0,0.3694,0
164.49,0.0,29.07,61.2,0,0.0442,0
94.31,6.3,29.89,45.26,0,0.0381,0
148.68,11.11,46.98,50.61,0,0.1868,0
431.5,43.32,40.74,76.22,0,0.3263,1
974.83,115.54,46.62,22.4,1,1.0,2
132.22,20.1,34.64,49.38,0,0.0752,0
104.0,15.47,31.89,65.49,0,0.0548,0
180.92,16.97,21.64,82.06,0,0.0589,0
417.83,35.46,40.04,77.29,0,0.2957,0
223.29,7.84,20.22,61.23,0,0.043,0
96.2,6.64,24.9,44.26,0,0.0273,0
264.0,1.24,23.93,66.75,0,0.0552,0
269.75,12.3,42.94,54.83,0,0.1802,0
190.27,8.97,21.64,37.99,0,0.0389,0
162.41,21.39,18.39,78.63,0,0.0531,0
85.34,0.48,27.11,44.63,0,0.0283,0
86.08,23.5,28.08,55.49,0,0.0491,0
267.72,12.75,43.93,63.85,0,0.1843,0
453.08,53.35,36.39,75.07,0,0.3018,0
220.22,28.31,22.47,56.57,0,0.0606,0
71.61,20.18,19.26,53.7,0,0.0293,0
125.29,13.86,28.77,74.13,0,0.0509,0
304.17,3.67,30.45,66.97,0,0.0825,0
339.19,2.65,31.42,55.18,0,0.1016,0
266.32,35.02,31.8,61.92,0,0.117,0
271.32,66.04,31.95,56.75,0,0.2384,0
64.58,19.87,25.03,65.76,0,0.0387,0
334.83,70.09,28.12,67.68,0,0.2478,0
70.81,10.79,22.58,43.85,0,0.0258,0
423.18,55.66,39.01,83.96,0,0.3494,0
430.06,36.79,46.09,73.47,0,0.3845,1
80.9,1.09,25.94,68.94,0,0.031,0
289.63,188.97,32.25,37.3,0,0.4416,1
25.67,0.34,29.86,74.9,0,0.038,0
198.69,27.51,23.33,50.54,0,0.0543,0
769.02,74.08,53.96,33.63,1,1.0,2
161.22,17.97,30.53,71.42,0,0.0604,0
137.62,13.99,28.68,89.82,0,0.0651,0
330.13,28.55,41.56,40.41,0,0.2008,0
339.12,46.18,37.07,82.57,0,0.2215,0
323.61,8.71,28.08,38.38,0,0.086,0
47.78,16.29,23.72,38.46,0,0.0295,0
697.87,113.25,46.91,27.39,1,1.0,2
206.09,4.03,29.87,59.8,0,0.0556,0
152.12,28.04,29.77,80.89,0,0.0769,0
272.3,8.71,38.95,44.92,0,0.1311,0
171.01,0.0,24.56,56.08,0,0.0328,0
231.06,14.03,26.56,51.47,0,0.0567,0
638.43,46.54,59.68,35.45,1,1.0,2
305.36,19.48,15.87,49.38,0,0.0663,0
5.0,0.74,23.74,62.72,0,0.0212,0
119.39,20.11,18.4,42.99,0,0.033,0
165.94,17.44,27.85,53.47,0,0.046,0
196.69,0.0,20.59,67.83,0,0.0355,0
372.3,51.61,31.79,51.75,0,0.1934,0
269.98,88.83,24.38,44.77,0,0.2881,0
110.19,5.05,23.1,55.98,0,0.0273,0
70.73,7.9,34.61,69.86,0,0.0699,0
209.15,11.47,31.34,80.12,0,0.081,0
253.61,12.25,20.74,50.07,0,0.0494,0
305.98,0.42,23.6,58.74,0,0.0666,0
746.16,118.18,49.52,28.79,1,1.0,2
268.86,72.27,37.32,35.36,0,0.299,0
978.03,74.53,46.88,73.97,0,1.0,2
163.88,30.27,31.23,87.19,0,0.0951,0
401.78,53.56,40.85,73.73,0,0.3224,0
150.82,1.26,17.74,86.21,0,0.0467,0
197.17,15.52,33.65,72.44,0,0.0827,0
275.38,27.33,29.61,49.61,0,0.0859,0
83.56,15.54,21.85,51.91,0,0.0306,0
901.7,61.14,34.33,70.66,0,0.6118,1
218.81,4.31,23.9,50.24,0,0.0406,0
987.16,68.22,23.54,54.27,0,0.528,1
173.4,14.76,29.37,66.49,0,0.0566,0
207.44,16.38,28.87,70.32,0,0.0647,0
113.43,22.58,23.43,57.97,0,0.0411,0
174.87,10.8,21.42,62.23,0,0.036,0
369.01,18.25,44.81,61.56,0,0.2651,0
203.89,5.45,28.11,47.49,0,0.0493,0
227.89,1.49,31.97,64.49,0,0.0668,0
156.05,14.67,28.32,47.89,0,0.0473,0
235.83,13.5,28.54,47.6,0,0.0577,0
475.35,47.18,31.88,58.78,0,0.2669,0
425.53,26.51,56.14,82.94,0,0.4561,1
236.34,17.43,30.91,50.56,0,0.0776,0
473.93,187.61,25.28,60.48,0,0.4817,1
224.56,10.63,34.23,42.83,0,0.0736,0
300.24,33.45,29.56,71.19,0,0.1075,0
198.45,14.4,32.39,88.7,0,0.0937,0
380.59,30.56,56.92,78.11,0,0.4032,1
756.95,133.21,49.58,59.01,1,1.0,2
389.52,23.32,45.01,53.62,0,0.2879,0
342.95,14.29,45.81,53.19,0,0.2599,0
299.07,7.9,30.54,88.16,0,0.1028,0
70.09,14.93,20.2,60.99,0,0.0299,0
1056.57,55.1,35.54,63.26,0,0.6133,1
13.17,2.91,31.18,61.74,0,0.0448,0
211.94,20.02,30.71,44.59,0,0.0613,0
100.6,34.1,28.14,51.91,0,0.0612,0
166.27,9.54,31.38,63.76,0,0.0545,0
154.84,14.45,26.34,65.63,0,0.0417,0
250.42,24.95,27.83,34.24,0,0.0697,0
216.22,57.32,31.32,66.75,0,0.1695,0
553.96,105.02,39.34,67.55,0,0.6954,1
554.48,107.39,50.86,44.92,1,1.0,2
227.79,8.99,29.28,89.32,0,0.081,0
374.39,112.37,31.3,67.29,0,0.4388,1
261.65,40.51,28.96,77.73,0,0.1195,0
279.42,22.48,28.3,61.89,0,0.0782,0
977.39,51.95,35.58,67.92,0,0.6032,1
532.79,202.01,38.11,54.18,0,0.6959,2
182.89,8.79,21.74,80.16,0,0.0478,0
428.3,37.71,35.68,58.44,0,0.2236,0
217.8,14.66,26.17,74.76,0,0.0593,0
226.71,14.39,26.08,79.67,0,0.0661,0
442.2,52.09,38.76,71.71,0,0.3405,1
468.19,42.99,32.03,54.36,0,0.2454,0
599.04,100.98,48.64,31.61,1,1.0,2
4.65,14.87,22.13,80.84,0,0.0417,0
9.32,9.59,23.65,55.54,0,0.0249,0
368.86,40.62,40.62,74.82,0,0.2476,0
137.5,27.48,20.15,79.3,0,0.0612,0
267.1,17.25,19.49,65.43,0,0.0596,0
243.69,18.62,16.08,51.01,0,0.0489,0
365.62,121.39,55.22,52.04,1,1.0,2
204.56,14.8,29.55,53.59,0,0.0593,0
54.07,18.04,10.69,45.07,0,0.0284,0
371.86,69.36,56.64,86.1,0,0.6311,1
228.15,23.49,22.68,70.67,0,0.0585,0
361.66,37.48,38.67,67.47,0,0.2047,0
198.63,17.75,24.7,57.33,0,0.0494,0
343.54,15.7,43.68,55.99,0,0.2281,0
548.25,40.84,26.55,78.09,0,0.2754,0
243.7,6.48,23.75,58.84,0,0.0494,0
152.6,0.0,26.89,76.64,0,0.0428,0
189.91,9.66,33.29,75.37,0,0.075,0
565.93,200.42,34.66,50.83,0,0.6439,2
97.82,22.22,28.99,48.86,0,0.0468,0
101.14,7.69,23.59,59.01,0,0.0293,0
34.65,18.15,27.49,49.27,0,0.037,0
429.83,29.92,35.16,87.04,0,0.2299,0
460.35,145.42,32.11,61.12,0,0.5137,1
277.99,0.18,21.05,71.05,0,0.0564,0
219.64,12.47,36.5,51.04,0,0.0838,0
212.84,18.2,29.85,65.72,0,0.0681,0
215.27,82.78,33.56,67.22,0,0.3071,0
252.24,0.0,20.62,55.87,0,0.0444,0
235.02,12.87,18.54,73.31,0,0.0499,0
414.89,61.66,49.81,73.86,0,0.562,1
285.87,16.69,29.09,56.5,0,0.0788,0
468.46,45.93,38.24,82.51,0,0.3418,0
129.04,7.19,16.74,65.47,0,0.0272,0
389.77,44.8,38.63,73.31,0,0.2708,0
1032.7,71.27,31.19,63.3,0,0.6103,1
58.05,18.1,37.26,46.07,0,0.0863,0
220.39,22.69,31.32,86.9,0,0.0935,0
148.43,16.98,25.63,48.1,0,0.0431,0
388.52,25.61,38.42,70.14,0,0.2141,0
187.59,13.25,25.48,48.83,0,0.0449,0
512.52,18.83,36.53,71.16,0,0.2705,0
75.42,10.04,28.07,60.44,0,0.0375,0
305.47,17.06,28.56,45.85,0,0.0796,0
180.83,13.13,26.76,63.73,0,0.0443,0
44.05,22.36,26.05,58.04,0,0.0378,0
496.82,42.72,41.1,66.07,0,0.4108,1
131.73,22.85,15.8,80.22,0,0.0551,0
20.37,10.05,21.9,61.74,0,0.023,0
205.8,20.87,29.59,43.22,0,0.0603,0
668.54,19.23,31.47,82.19,0,0.3607,0
1012.47,170.92,50.26,86.81,0,1.0,2
271.61,18.29,30.24,92.21,0,0.1081,0
455.31,33.92,30.8,69.52,0,0.2031,0
1124.67,105.11,40.54,80.75,0,0.9823,2
479.92,15.72,27.69,66.69,0,0.1783,0
100.06,3.92,27.13,46.4,0,0.0308,0
35.81,9.48,24.8,42.39,0,0.0256,0
0.79,9.33,25.97,52.19,0,0.026,0
63.24,5.48,30.65,39.84,0,0.0443,0
418.03,30.54,44.35,70.42,0,0.3127,0
179.53,11.41,28.71,84.42,0,0.0648,0
123.69,24.83,29.39,54.64,0,0.0542,0
570.38,36.67,33.05,78.33,0,0.3276,0
50.67,25.48,17.72,48.21,0,0.0357,0
90.88,24.55,22.96,53.43,0,0.0399,0
6.06,13.69,23.61,48.7,0,0.0255,0
154.59,12.41,24.64,64.1,0,0.0409,0
377.14,37.68,17.69,76.67,0,0.1337,0
194.08,1.9,24.08,57.87,0,0.0367,0
75.11,0.0,20.98,59.17,0,0.0212,0
304.15,11.94,27.68,83.3,0,0.093,0
145.03,42.88,56.82,91.57,0,0.3483,1
258.26,6.06,18.03,30.32,0,0.0457,0
389.75,47.71,31.19,76.49,0,0.1945,0
101.76,0.58,27.39,54.19,0,0.0315,0
965.47,92.44,32.4,46.79,0,0.7277,2
156.66,8.82,27.49,59.16,0,0.0421,0
71.83,8.83,20.0,59.26,0,0.0235,0
40.55,20.45,30.28,49.32,0,0.0459,0
64.67,3.73,29.91,44.5,0,0.0392,0
1141.87,121.67,47.89,50.96,0,1.0,2
96.46,11.98,22.1,72.24,0,0.0339,0
79.8,29.22,27.23,76.91,0,0.0635,0
247.65,4.71,24.4,84.5,0,0.0637,0
171.19,14.72,32.08,70.47,0,0.0769,0
382.54,53.31,36.2,85.23,0,0.2762,0
256.35,32.32,52.66,69.81,0,0.3069,0
25.0,12.7,25.85,52.88,0,0.0292,0
980.69,108.9,41.04,80.73,0,1.0,2
254.24,17.57,28.8,49.27,0,0.0686,0
52.48,20.53,22.29,89.06,0,0.0567,0
282.55,42.25,42.62,58.93,0,0.2428,0
893.26,54.52,37.63,45.45,0,0.6466,1
507.78,163.75,37.21,54.76,0,0.6476,1
78.58,0.0,26.87,37.77,0,0.0275,0
216.98,16.34,23.85,44.15,0,0.0469,0
187.51,28.48,21.18,42.82,0,0.0542,0
285.77,15.83,25.25,55.28,0,0.0676,0
329.47,34.34,33.22,75.17,0,0.154,0
247.28,36.56,47.09,51.51,0,0.2731,0
370.19,184.7,38.22,55.97,0,0.5506,1
156.15,22.27,24.74,44.24,0,0.0457,0
274.98,70.59,30.71,47.18,0,0.2451,0
642.85,136.95,40.49,60.97,0,0.8697,2
108.27,10.48,21.29,82.02,0,0.0462,0
71.91,0.19,31.2,60.1,0,0.0387,0
1033.22,6.18,30.18,67.39,0,0.4448,1
222.12,64.57,40.25,55.56,0,0.2998,0
170.88,12.98,24.24,51.8,0,0.0404,0
183.15,0.0,26.93,54.64,0,0.0414,0
151.89,14.88,27.86,41.79,0,0.0441,0
193.98,27.81,25.95,42.01,0,0.0636,0
199.66,9.62,28.24,34.48,0,0.0481,0
114.42,30.42,26.98,70.97,0,0.061,0
154.3,8.55,24.18,70.1,0,0.0419,0
250.35,11.94,23.38,41.46,0,0.0557,0
256.43,24.72,31.78,83.0,0,0.1057,0
426.97,13.86,39.82,61.58,0,0.2142,0
168.63,7.78,29.3,59.73,0,0.0474,0
319.76,34.39,42.91,82.33,0,0.263,0
147.98,26.14,32.89,38.73,0,0.0694,0
187.42,14.95,22.04,48.43,0,0.041,0
87.06,15.75,34.16,73.1,0,0.0661,0
208.28,8.7,30.76,33.36,0,0.0579,0
156.89,11.08,28.96,51.83,0,0.0441,0
177.22,0.3,33.21,84.04,0,0.0772,0
226.39,10.92,21.6,77.64,0,0.0569,0
177.38,19.85,27.55,73.23,0,0.0561,0
382.22,151.8,37.31,50.86,0,0.5365,1
476.48,166.73,26.29,44.43,0,0.4807,1
278.33,43.55,45.89,58.53,0,0.3016,0
91.09,18.77,22.42,51.81,0,0.0339,0
205.03,25.72,28.95,34.39,0,0.0643,0
108.12,6.57,22.98,37.27,0,0.0265,0
334.75,42.38,38.68,80.59,0,0.2242,0
365.26,19.54,20.44,56.01,0,0.095,0
156.88,8.79,30.2,49.23,0,0.0452,0
232.89,14.81,26.98,56.34,0,0.0602,0
147.76,22.01,15.41,36.12,0,0.0373,0
167.89,17.5,17.93,65.67,0,0.041,0
194.69,53.95,33.37,67.79,0,0.1627,0
312.47,28.03,45.04,49.2,0,0.2299,0
27.04,8.58,25.28,83.63,0,0.0427,0
714.97,57.68,43.71,63.79,0,0.729,2
119.8,25.0,23.42,51.52,0,0.0429,0
545.72,48.54,35.39,61.78,0,0.3451,1
20.88,26.32,25.63,37.28,0,0.0407,0
276.69,98.24,28.76,55.22,0,0.3425,1
440.05,169.47,32.41,67.88,0,0.519,1
92.74,18.77,23.56,69.33,0,0.0426,0
140.87,15.76,24.22,56.74,0,0.0406,0
351.9,12.96,31.69,63.0,0,0.1057,0
63.46,17.04,16.17,55.89,0,0.0284,0
1019.18,23.52,39.31,63.02,0,0.6229,1
107.88,13.52,35.53,91.51,0,0.0979,0
264.13,16.19,33.33,34.22,0,0.0889,0
484.69,48.17,46.75,77.48,0,0.498,1
461.28,52.6,38.58,84.67,0,0.3527,0
230.6,22.52,23.78,94.08,0,0.0853,0
215.13,6.91,22.55,63.35,0,0.0432,0
83.76,16.35,23.33,44.91,0,0.0321,0
235.04,0.86,20.96,37.53,0,0.04,0
167.13,1.16,22.59,58.89,0,0.0322,0
126.07,4.17,17.64,66.47,0,0.0287,0
429.46,23.06,38.49,52.06,0,0.2336,0
159.16,25.23,27.73,98.34,0,0.0881,0
194.63,20.43,24.47,90.17,0,0.073,0
198.3,9.36,27.52,58.05,0,0.0486,0
121.08,15.24,22.68,63.18,0,0.0392,0
76.35,2.76,25.38,75.96,0,0.0366,0
173.13,22.49,24.62,75.89,0,0.0598,0
148.14,5.48,22.67,48.26,0,0.0302,0
157.0,15.76,31.14,68.45,0,0.0611,0
634.12,34.25,23.83,68.63,0,0.3099,0
545.03,43.07,35.8,63.81,0,0.3385,0
851.26,127.83,69.79,55.43,1,1.0,2
288.93,24.07,20.43,73.21,0,0.0783,0
1044.07,96.87,45.27,59.52,0,1.0,2
257.05,30.14,30.55,86.46,0,0.114,0
57.54,19.01,28.87,74.74,0,0.0462,0
936.99,85.73,34.05,67.53,0,0.7293,2
245.08,16.37,33.27,40.95,0,0.0797,0
671.24,28.89,34.28,70.94,0,0.3939,1
954.33,179.19,58.26,15.99,1,1.0,2
146.03,2.66,26.66,55.9,0,0.0331,0
151.32,13.43,24.32,69.01,0,0.0409,0
844.89,96.82,45.25,68.14,0,1.0,2
203.53,18.33,18.06,65.11,0,0.0484,0
150.0,11.31,22.59,76.5,0,0.0432,0
24.36,24.67,30.19,62.3,0,0.0525,0
159.75,11.42,30.61,45.25,0,0.0506,0
1056.83,156.74,40.16,60.68,0,1.0,2
318.95,16.31,40.79,78.92,0,0.1783,0
188.28,31.08,21.39,80.52,0,0.0735,0
129.39,8.12,27.44,48.49,0,0.0376,0
653.74,19.55,36.27,69.43,0,0.3963,0
289.62,70.11,15.24,57.12,0,0.2075,0
206.35,17.35,21.96,49.61,0,0.0459,0
288.52,0.28,25.37,54.75,0,0.0597,0
84.3,8.8,28.66,58.91,0,0.0362,0
14.93,6.59,27.87,41.84,0,0.0272,0
180.67,15.03,29.09,59.9,0,0.0517,0
505.61,32.99,36.24,47.14,0,0.2694,0
527.73,48.0,32.5,70.61,0,0.3275,0
319.18,42.76,36.52,68.06,0,0.1883,0
312.56,36.07,40.39,74.04,0,0.24,0
196.98,16.72,27.2,84.75,0,0.0687,0
666.58,21.46,33.17,46.75,0,0.3691,0
132.35,5.69,19.57,71.65,0,0.0316,0
373.46,53.91,40.17,62.94,0,0.3068,0
538.68,24.51,47.12,32.64,1,1.0,2
102.67,26.35,31.7,50.07,0,0.0643,0
115.58,28.76,27.0,89.59,0,0.0825,0
233.69,30.16,20.89,73.61,0,0.0673,0
128.93,13.81,21.03,61.02,0,0.0356,0
129.27,6.1,26.99,45.3,0,0.0362,0
500.03,46.42,33.65,58.45,0,0.3024,0
215.45,8.29,20.47,60.71,0,0.0415,0
159.57,26.22,39.39,85.58,0,0.14,0
182.66,14.57,15.48,55.52,0,0.035,0
53.63,18.47,21.8,59.44,0,0.0297,0
124.18,11.7,21.59,66.72,0,0.0372,0
731.45,118.58,44.9,47.93,1,1.0,2
91.68,4.85,26.91,55.54,0,0.0309,0
273.71,63.21,31.97,59.97,0,0.2137,0
284.2,34.37,43.31,57.99,0,0.2418,0
392.25,27.69,35.93,62.73,0,0.2005,0
7.62,0.0,25.78,51.2,0,0.0225,0
121.69,28.15,24.06,79.1,0,0.0649,0
286.7,12.95,17.34,56.04,0,0.0555,0
9.18,8.55,26.35,63.81,0,0.0289,0
157.63,6.98,21.05,62.62,0,0.0321,0
263.08,85.9,32.99,63.57,0,0.3284,0
204.89,25.19,20.77,53.19,0,0.0524,0
190.16,11.75,28.43,62.22,0,0.0511,0
456.65,41.24,33.72,70.67,0,0.2491,0
147.96,10.68,25.61,59.16,0,0.0376,0
386.65,51.28,37.96,70.17,0,0.2775,0
901.36,133.72,50.22,70.1,0,1.0,2
216.66,15.91,41.43,40.38,0,0.1557,0
927.16,176.75,46.79,58.05,0,1.0,2
273.65,21.15,47.71,61.62,0,0.2384,0
64.6,19.68,21.68,74.57,0,0.0421,0
162.68,12.72,21.64,62.9,0,0.0397,0
179.53,7.15,18.95,28.14,0,0.033,0
255.25,27.19,43.08,60.35,0,0.1959,0
947.05,73.93,32.07,61.56,0,0.6379,1
305.25,34.36,36.53,91.03,0,0.1899,0
720.3,29.97,41.13,59.8,0,0.542,1
145.86,23.9,24.86,69.12,0,0.0518,0
181.29,37.99,19.15,41.92,0,0.0654,0
165.21,17.76,28.6,49.84,0,0.0525,0
1068.87,122.79,40.95,55.28,0,1.0,2
186.25,17.99,26.49,41.55,0,0.0488,0
276.64,15.91,26.13,56.41,0,0.0689,0
834.67,107.96,57.49,58.08,1,1.0,2
135.97,2.46,26.35,62.35,0,0.0339,0
177.4,22.73,30.5,48.82,0,0.0593,0
132.32,18.1,22.94,78.97,0,0.05,0
388.39,46.46,32.94,67.09,0,0.1986,0
256.28,18.54,26.66,56.1,0,0.0709,0
254.18,14.39,27.67,55.07,0,0.0617,0
319.83,16.23,29.27,80.95,0,0.107,0
462.18,50.91,35.71,65.05,0,0.3074,0
213.8,8.56,25.84,89.55,0,0.0706,0
417.14,31.59,32.36,42.07,0,0.1836,0
743.58,170.7,39.68,72.34,0,0.9509,2
421.11,37.79,56.14,66.45,0,0.4605,1
142.35,14.82,35.47,72.42,0,0.0873,0
124.98,16.53,25.44,54.56,0,0.0366,0
286.56,67.32,33.76,65.9,0,0.2687,0
138.69,21.62,16.24,66.97,0,0.042,0
378.26,183.45,40.21,75.92,0,0.6304,1
247.55,25.65,50.25,93.56,0,0.2819,0
181.81,5.92,14.53,86.41,0,0.053,0
615.25,24.35,32.24,53.96,0,0.3084,0
393.65,27.06,39.66,48.65,0,0.2158,0
91.39,4.69,27.11,37.24,0,0.03,0
70.12,26.46,27.78,39.59,0,0.0458,0
256.22,92.65,32.76,44.19,0,0.3246,0
275.98,7.56,46.69,54.38,0,0.2088,0
156.33,14.56,32.03,85.44,0,0.0812,0
306.53,10.76,19.11,53.38,0,0.0652,0
1207.52,34.02,31.07,59.88,0,0.4786,1
70.23,2.15,26.42,49.88,0,0.0238,0
330.68,27.33,41.35,68.19,0,0.2019,0
271.75,36.48,28.33,41.37,0,0.0981,0
158.7,10.21,23.06,51.32,0,0.0344,0
592.86,35.5,33.53,69.96,0,0.333,0
235.08,3.13,22.17,60.97,0,0.0444,0
220.9,19.41,24.52,84.05,0,0.0716,0
128.74,15.48,24.65,16.29,0,0.0369,0
343.24,33.72,43.09,56.91,0,0.2459,0
96.39,13.37,27.96,50.37,0,0.036,0
184.35,13.87,24.73,49.27,0,0.0452,0
265.87,72.0,27.88,72.87,0,0.2493,0
522.18,194.9,33.64,65.6,0,0.6066,1
172.38,20.56,15.2,53.47,0,0.0378,0
883.12,18.76,56.74,47.79,1,1.0,2
629.57,57.14,26.88,64.83,0,0.4015,1
244.88,18.63,21.83,69.27,0,0.0628,0
242.13,10.09,26.59,25.73,0,0.0532,0
40.72,10.37,28.67,30.36,0,0.0346,0
86.69,3.58,24.55,69.85,0,0.0311,0
156.4,25.86,26.93,60.57,0,0.0522,0
941.47,164.12,46.67,72.58,0,1.0,2
9.45,0.57,19.85,66.06,0,0.0209,0
347.09,47.13,34.48,78.01,0,0.2113,0
103.84,15.81,25.17,64.06,0,0.0392,0
216.3,11.79,25.32,48.4,0,0.047,0
249.9,33.05,23.42,56.95,0,0.0773,0
292.71,49.32,51.09,100.0,0,0.4142,1
153.16,23.17,23.91,73.49,0,0.054,0
513.79,40.87,48.88,74.04,0,0.5551,1
543.2,38.52,23.98,62.43,0,0.2443,0
833.44,153.93,45.04,64.03,0,1.0,2
272.19,15.84,27.46,31.22,0,0.0642,0
335.5,15.44,41.21,63.42,0,0.1841,0
263.09,19.04,20.32,75.84,0,0.0672,0
132.64,30.94,33.46,59.18,0,0.0791,0
210.74,4.74,23.82,55.71,0,0.04,0
358.07,41.15,52.5,77.68,0,0.4096,1
1046.79,196.63,74.68,19.13,1,1.0,2
236.36,0.74,22.74,61.88,0,0.0438,0
198.95,13.57,23.34,41.5,0,0.0434,0
248.59,31.0,26.6,90.34,0,0.1025,0
272.9,3.46,24.45,42.37,0,0.0506,0
273.84,10.85,23.08,63.25,0,0.0611,0
234.74,14.49,16.35,61.23,0,0.0465,0
156.4,19.41,24.49,72.17,0,0.0534,0
258.7,12.07,26.27,70.21,0,0.0675,0
808.04,45.73,30.48,48.79,0,0.4596,1
465.63,34.61,37.64,68.34,0,0.2688,0
5.08,8.05,24.95,58.18,0,0.0248,0
55.89,4.43,27.08,76.31,0,0.0401,0
169.5,8.39,18.78,36.16,0,0.031,0
140.47,24.01,29.73,61.73,0,0.0676,0
69.96,3.61,31.89,54.26,0,0.0402,0
177.72,10.49,27.01,61.32,0,0.0461,0
48.2,0.0,20.1,59.63,0,0.0195,0
454.96,58.64,37.23,75.52,0,0.3845,1
372.67,22.58,48.48,48.61,0,0.3079,0
151.77,24.49,25.52,69.09,0,0.054,0
178.64,10.46,26.36,58.64,0,0.0417,0
248.83,27.18,29.84,85.88,0,0.1029,0
244.97,23.34,23.6,63.83,0,0.0603,0
141.11,16.31,26.11,84.05,0,0.0619,0
149.02,6.77,24.71,62.88,0,0.0352,0
402.22,45.63,54.21,59.0,0,0.4751,1
169.65,4.83,22.87,64.14,0,0.0342,0
352.15,8.07,23.23,45.87,0,0.0852,0
260.25,13.84,29.49,59.48,0,0.0671,0
98.11,12.6,27.61,57.69,0,0.0397,0
854.77,57.2,46.17,75.18,0,0.8802,2
142.23,12.23,18.94,51.41,0,0.0295,0
202.21,12.18,28.84,37.39,0,0.0509,0
168.19,20.89,23.36,60.22,0,0.0484,0
1139.3,162.92,42.09,72.72,0,1.0,2
48.43,28.75,23.68,50.83,0,0.0397,0
286.85,53.25,29.2,53.55,0,0.1637,0
88.64,10.03,20.47,74.79,0,0.0371,0
332.41,61.09,28.0,71.03,0,0.2106,0
286.17,22.28,41.07,78.18,0,0.1833,0
259.25,9.52,19.73,48.37,0,0.047,0
114.01,10.01,26.37,56.0,0,0.0349,0
385.55,43.83,58.23,79.83,0,0.4841,1
45.14,13.8,25.58,64.48,0,0.0332,0
314.65,54.37,48.52,88.76,0,0.4043,1
273.58,86.28,23.73,48.31,0,0.2695,0
119.63,0.51,29.52,50.66,0,0.0373,0
230.18,10.71,20.42,48.42,0,0.0426,0
208.11,93.7,22.12,48.49,0,0.2757,0
235.69,26.52,32.09,73.31,0,0.0934,0
33.43,9.77,29.0,78.74,0,0.0423,0
856.18,182.05,42.6,72.99,0,1.0,2
165.61,24.95,32.33,74.04,0,0.0778,0
205.09,9.09,29.49,62.5,0,0.06,0
167.45,17.7,27.25,67.81,0,0.0512,0
101.4,12.24,28.53,78.49,0,0.054,0
639.46,64.92,33.43,52.81,0,0.4765,1
497.06,177.97,31.6,43.14,0,0.5547,1
186.38,9.65,19.52,41.68,0,0.0343,0
590.6,46.38,22.22,63.31,0,0.3026,0
183.28,5.91,29.36,61.62,0,0.0511,0
1188.66,53.13,34.44,60.3,0,0.604,1
239.87,6.55,20.01,48.83,0,0.0444,0
119.05,13.48,28.67,67.36,0,0.0499,0
72.19,18.54,25.82,65.54,0,0.0414,0
202.99,6.59,26.54,59.04,0,0.0467,0
333.93,0.0,15.38,56.05,0,0.067,0
203.26,5.85,29.13,31.12,0,0.0496,0
97.13,14.21,22.86,51.61,0,0.0316,0
483.93,38.01,31.55,72.15,0,0.243,0
576.01,135.78,42.79,47.62,0,0.8873,2
160.21,10.34,23.12,48.39,0,0.0329,0
820.11,150.11,51.98,67.5,0,1.0,2
358.79,33.5,43.37,67.32,0,0.2681,0
112.3,8.15,26.4,52.06,0,0.0341,0
104.02,0.0,28.34,78.25,0,0.0449,0
223.5,3.68,24.23,68.44,0,0.0496,0
9.31,17.41,26.4,51.56,0,0.0359,0
268.36,82.93,17.74,52.69,0,0.2604,0
538.73,34.23,37.62,53.84,0,0.353,1
91.14,17.11,30.29,47.81,0,0.0409,0
272.43,64.39,28.06,55.09,0,0.1954,0
60.19,6.84,25.25,54.99,0,0.0276,0
203.55,8.93,32.53,54.88,0,0.0659,0
335.75,62.71,38.87,64.63,0,0.3219,1
278.99,12.36,16.92,90.42,0,0.0802,0
153.79,3.4,20.96,45.14,0,0.0292,0
276.67,26.45,26.78,58.88,0,0.0809,0
100.08,5.65,25.55,64.38,0,0.0337,0
313.87,27.69,26.35,77.8,0,0.103,0
135.91,17.7,24.49,66.51,0,0.0438,0
636.26,230.49,56.72,37.93,1,1.0,2
122.13,18.82,25.82,86.4,0,0.0608,0
192.72,23.22,22.19,95.25,0,0.0789,0
343.99,26.61,43.67,41.54,0,0.2436,0
125.38,11.49,24.93,78.79,0,0.0456,0
58.62,30.88,16.97,49.04,0,0.0416,0
651.66,23.85,31.13,77.67,0,0.358,0
539.08,142.75,59.99,25.88,1,1.0,2
140.6,17.26,25.37,76.4,0,0.0529,0
170.82,17.7,16.87,42.57,0,0.0365,0
348.22,47.71,43.12,64.43,0,0.2958,0
252.94,16.01,32.57,61.68,0,0.0866,0
316.28,23.0,49.24,53.46,0,0.2844,0
488.87,51.33,39.71,72.89,0,0.3712,1
178.33,4.43,25.82,52.1,0,0.0377,0
169.52,25.0,33.25,89.42,0,0.1079,0
255.1,15.47,23.52,87.49,0,0.0759,0
127.79,5.5,25.4,46.51,0,0.0291,0
322.83,7.74,22.7,54.21,0,0.0713,0
84.08,21.5,21.09,38.4,0,0.0314,0
178.93,15.77,18.7,62.49,0,0.0409,0
1049.79,147.29,51.83,50.94,0,1.0,2
449.39,41.7,36.57,70.1,0,0.2647,0
206.92,0.0,27.83,70.68,0,0.0486,0
138.69,11.12,21.17,51.38,0,0.0295,0
139.82,11.9,26.81,42.14,0,0.0378,0
647.6,42.89,34.61,47.02,0,0.4041,1
90.93,10.87,30.66,55.92,0,0.0441,0
320.89,59.31,30.51,68.97,0,0.2006,0
264.09,11.58,25.7,40.9,0,0.0591,0
517.98,50.75,37.07,88.56,0,0.3715,1
386.03,177.5,43.12,53.04,0,0.686,2
290.28,2.48,37.14,83.79,0,0.133,0
145.78,8.61,29.05,45.51,0,0.0425,0
241.29,19.45,20.77,59.46,0,0.0595,0
108.6,33.12,25.06,82.79,0,0.0767,0
181.72,29.84,56.87,73.6,0,0.2867,0
117.57,15.18,29.86,65.67,0,0.0499,0
218.3,21.3,18.07,43.12,0,0.0479,0
28.81,15.37,25.37,65.09,0,0.0331,0
91.17,10.52,29.55,57.12,0,0.043,0
180.65,17.05,30.04,54.47,0,0.0591,0
339.51,161.89,35.89,57.39,0,0.5043,1
212.07,16.5,20.22,45.57,0,0.0445,0
96.32,13.52,21.48,31.35,0,0.0268,0
896.23,75.32,36.03,60.62,0,0.6922,1
115.58,8.13,27.02,62.77,0,0.0357,0
359.65,0.0,21.96,64.46,0,0.0845,0
215.94,2.37,24.7,46.15,0,0.0423,0
155.44,23.14,23.24,83.34,0,0.0611,0
923.93,164.61,44.82,46.77,0,1.0,2
735.48,153.78,29.99,59.1,0,0.7054,2
283.04,74.2,18.68,60.57,0,0.2271,0
258.76,30.61,50.47,86.53,0,0.3009,0
301.66,33.27,50.19,80.46,0,0.3241,0
112.64,23.32,24.43,36.59,0,0.0392,0
202.54,22.52,22.0,52.62,0,0.0506,0
178.51,10.77,30.41,89.44,0,0.0768,0
210.28,93.31,29.72,52.05,0,0.308,0
136.34,0.0,24.11,57.39,0,0.0302,0
180.93,11.79,29.92,69.78,0,0.0639,0
388.15,84.39,42.76,44.37,0,0.532,1
686.13,141.9,34.47,55.72,1,1.0,2
72.6,21.38,29.27,53.8,0,0.046,0
104.5,13.65,14.17,63.12,0,0.0296,0
428.27,42.77,37.86,80.92,0,0.2879,0
176.71,8.04,31.49,45.58,0,0.0557,0
55.39,29.67,24.87,86.48,0,0.0671,0
448.57,165.07,25.78,49.88,0,0.4582,1
113.92,1.12,24.37,60.78,0,0.0286,0
985.06,158.81,48.11,71.58,0,1.0,2
289.87,17.72,35.46,60.04,0,0.1123,0
209.17,33.12,25.69,53.99,0,0.0765,0
43.53,19.28,28.66,47.31,0,0.0409,0
248.35,0.55,26.73,14.74,0,0.0493,0
234.79,9.01,35.57,67.45,0,0.0973,0
53.34,4.47,33.25,47.96,0,0.0453,0
412.87,44.85,39.04,61.13,0,0.2782,0
253.64,79.02,24.91,56.22,0,0.2597,0
245.12,32.52,28.95,64.29,0,0.0891,0
127.67,22.95,21.62,50.64,0,0.0418,0
151.21,17.39,25.78,26.81,0,0.0406,0
253.72,26.62,23.37,62.35,0,0.0677,0
1361.74,59.49,30.8,58.04,0,0.5798,1
138.09,3.11,34.01,54.9,0,0.0609,0
577.66,23.06,33.78,66.24,0,0.3045,0
197.96,24.08,31.66,88.47,0,0.0941,0
173.24,11.81,21.89,47.52,0,0.0371,0
273.49,11.6,26.64,46.24,0,0.067,0
513.18,46.29,27.81,71.04,0,0.258,0
310.11,70.74,36.82,78.55,0,0.3354,0
101.14,9.59,36.31,65.01,0,0.0701,0
605.28,148.59,59.12,42.71,1,1.0,2
125.75,16.05,27.68,64.01,0,0.0472,0
388.28,38.62,43.99,75.08,0,0.3226,0
136.52,2.93,31.25,48.65,0,0.0397,0
312.53,3.04,31.11,86.85,0,0.1079,0
100.54,11.16,22.48,80.46,0,0.0444,0
90.67,13.54,25.28,24.83,0,0.0331,0
244.37,19.2,21.31,37.19,0,0.0526,0
171.39,6.12,33.3,48.77,0,0.0619,0
392.94,135.37,27.97,58.16,0,0.4317,1
369.7,43.66,34.04,67.81,0,0.1875,0
364.28,19.68,46.35,82.83,0,0.2824,0
459.74,59.83,36.28,69.19,0,0.3376,0
466.17,135.39,35.5,64.03,0,0.5679,1
287.38,3.49,16.36,68.78,0,0.0582,0
177.44,16.06,17.24,84.65,0,0.0563,0
122.17,5.21,30.29,45.39,0,0.0463,0
485.05,176.53,29.21,49.23,0,0.5053,1
208.11,25.01,23.6,80.38,0,0.0715,0
216.63,35.28,45.11,51.06,0,0.2164,0
329.06,11.57,40.95,80.17,0,0.2039,0
122.21,12.56,29.65,76.18,0,0.0604,0
87.0,14.35,23.29,68.33,0,0.0355,0
230.37,38.31,55.99,70.91,0,0.3162,0
72.81,28.11,27.21,48.63,0,0.0471,0
158.34,25.67,23.52,39.34,0,0.0494,0
122.69,19.9,23.99,44.58,0,0.0357,0
67.05,4.5,25.06,83.52,0,0.0442,0
95.35,4.67,26.18,55.21,0,0.0302,0
401.25,32.54,29.9,55.66,0,0.1486,0
178.95,20.6,27.47,49.96,0,0.056,0
131.09,1.47,28.24,68.32,0,0.0394,0
202.07,1.06,14.82,54.44,0,0.0327,0
84.28,15.9,19.23,67.61,0,0.0323,0
197.68,15.44,22.03,45.77,0,0.0405,0
286.97,41.54,43.23,53.96,0,0.2336,0
365.69,35.03,47.73,84.18,0,0.3487,0
307.31,19.06,33.56,59.38,0,0.1075,0
229.19,17.29,20.27,87.56,0,0.0664,0
102.48,30.79,22.8,60.69,0,0.0553,0
373.83,30.49,45.03,60.38,0,0.3233,1
213.2,10.94,30.34,57.3,0,0.059,0
454.82,48.09,37.79,78.85,0,0.306,0
242.84,27.17,30.75,50.14,0,0.0851,0
938.76,68.58,31.83,62.02,0,0.5895,1
289.28,29.57,28.8,43.38,0,0.0911,0
445.68,40.27,37.02,69.2,0,0.2491,0
12.35,3.81,24.54,52.34,0,0.0228,0
13.05,16.61,25.63,74.42,0,0.0429,0
357.55,80.66,31.46,62.11,0,0.3314,0
98.42,14.97,21.41,66.96,0,0.0326,0
281.82,8.69,17.61,39.19,0,0.0546,0
416.34,26.42,44.62,64.86,0,0.3124,0
338.45,33.44,46.14,73.78,0,0.3009,0
181.6,1.85,13.99,67.19,0,0.0306,0
150.43,9.07,26.53,52.51,0,0.0355,0
95.01,24.29,23.08,62.2,0,0.0463,0
148.18,5.42,22.62,34.14,0,0.0302,0
237.69,38.85,54.73,72.72,0,0.3295,0
155.8,16.55,25.54,50.68,0,0.0428,0
313.93,41.86,29.7,89.12,0,0.151,0
333.09,43.34,47.29,62.06,0,0.334,1
272.47,18.56,12.48,81.04,0,0.0691,0
243.36,6.14,24.17,73.18,0,0.0587,0
306.91,29.34,54.42,80.56,0,0.3501,1
948.05,108.99,48.96,70.73,0,1.0,2
109.94,8.87,14.23,53.36,0,0.0238,0
69.82,23.04,30.12,60.54,0,0.0538,0
380.19,20.18,33.02,61.74,0,0.1402,0
936.36,181.05,48.95,56.08,0,1.0,2
243.62,25.56,22.88,51.51,0,0.0604,0
260.77,22.13,27.08,68.57,0,0.0718,0
212.31,19.23,21.63,84.06,0,0.067,0
117.99,22.95,18.4,67.9,0,0.0406,0
1323.45,79.79,30.94,70.77,0,0.674,2
183.67,35.09,24.71,41.88,0,0.0631,0
520.52,190.34,41.31,60.61,0,0.7947,2
236.7,26.59,51.86,70.96,0,0.2738,0
209.82,12.59,32.63,79.24,0,0.0889,0
236.54,15.67,27.22,82.91,0,0.0744,0
114.63,5.56,36.35,69.18,0,0.0805,0
203.61,11.5,21.29,60.43,0,0.0431,0
538.76,41.19,24.6,56.27,0,0.25,0
326.63,23.46,47.02,57.14,0,0.2645,0
126.07,0.0,25.4,33.99,0,0.0288,0
413.51,158.29,33.39,46.22,0,0.5056,1
383.95,18.24,16.76,65.85,0,0.1099,0
146.99,9.15,24.79,61.82,0,0.0383,0
229.34,3.98,32.74,72.45,0,0.0745,0
395.14,44.35,41.08,97.85,0,0.3184,0
189.68,5.18,17.51,50.98,0,0.0326,0
65.47,23.56,23.1,45.73,0,0.0378,0
377.79,68.99,37.56,84.46,0,0.3593,0
229.22,26.56,18.72,76.21,0,0.0696,0
309.02,12.7,27.67,73.54,0,0.0882,0
316.3,60.57,54.42,79.18,0,0.5006,1
268.96,15.78,33.36,44.95,0,0.0851,0
124.74,7.52,24.26,78.22,0,0.0444,0
686.87,33.55,24.77,49.24,0,0.3391,1
159.88,12.69,31.45,35.94,0,0.053,0
694.5,47.86,34.35,65.56,0,0.479,1
103.56,33.57,28.12,28.87,0,0.0589,0
184.28,7.98,27.43,42.92,0,0.0438,0
234.5,57.75,41.24,65.21,0,0.279,0
331.29,27.84,22.84,57.69,0,0.0925,0
82.08,3.05,18.82,74.27,0,0.0292,0
275.76,29.65,48.46,59.62,0,0.2747,0
172.79,27.66,32.16,93.61,0,0.1089,0
1116.16,67.32,29.25,69.98,0,0.6013,1
120.47,23.02,29.64,57.26,0,0.0526,0
314.28,48.31,42.57,52.93,0,0.2785,0
597.64,33.68,36.03,41.05,0,0.3522,0
487.94,189.62,30.83,66.95,0,0.5236,1
181.54,17.62,30.37,44.53,0,0.0537,0
221.62,7.93,22.8,23.44,0,0.0432,0
467.3,44.75,39.27,72.94,0,0.3101,0
129.15,25.43,25.69,66.59,0,0.0552,0
11.32,3.85,23.79,39.31,0,0.0179,0
308.32,45.72,37.3,60.46,0,0.2102,0
55.87,33.15,21.1,52.71,0,0.0469,0
485.4,142.76,30.73,38.46,0,0.5134,1
384.9,50.14,41.42,93.28,0,0.3387,1
215.61,15.3,23.14,63.95,0,0.0496,0
541.29,25.71,30.69,70.2,0,0.2676,0
403.98,37.65,40.58,84.75,0,0.2763,0
125.92,9.32,27.74,55.74,0,0.0385,0
315.22,28.42,47.47,85.88,0,0.3001,0
405.17,58.26,36.28,76.05,0,0.2946,0
121.61,32.59,24.81,62.59,0,0.0615,0
188.14,13.04,30.67,41.19,0,0.0527,0
170.07,11.33,28.77,63.98,0,0.0498,0
414.56,52.96,34.72,61.77,0,0.276,0
184.54,6.55,24.18,66.37,0,0.0381,0
359.35,23.61,24.97,70.63,0,0.1115,0
150.26,0.69,24.75,54.42,0,0.0314,0
802.36,139.28,49.56,65.84,0,1.0,2
137.65,8.02,31.02,51.97,0,0.0469,0
500.93,30.26,31.34,73.24,0,0.2468,0
23.72,24.77,27.74,50.64,0,0.0426,0
130.36,5.29,19.22,68.26,0,0.029,0
234.98,105.11,40.04,61.12,0,0.4851,1
212.31,13.38,23.15,47.35,0,0.0397,0
253.84,49.85,32.07,54.98,0,0.1447,0
312.4,25.8,42.83,41.66,0,0.2045,0
187.54,16.79,21.61,40.94,0,0.0421,0
166.4,13.08,26.97,57.67,0,0.0446,0
472.62,26.44,34.06,83.79,0,0.2289,0
210.99,23.6,22.32,69.94,0,0.0614,0
263.5,50.86,25.08,53.4,0,0.1339,0
237.11,15.39,18.78,48.33,0,0.0466,0
139.55,21.63,28.72,64.67,0,0.0521,0
88.9,3.42,30.14,49.56,0,0.0345,0
54.84,6.62,21.18,55.24,0,0.0208,0
134.62,17.59,19.53,59.5,0,0.0364,0
114.91,12.45,26.34,79.25,0,0.051,0
137.77,19.06,23.92,59.35,0,0.0411,0
266.18,14.45,29.34,68.57,0,0.0756,0
247.03,43.26,49.01,79.68,0,0.3158,0
201.31,20.64,27.06,82.44,0,0.0727,0
167.02,8.37,27.26,49.66,0,0.0424,0
526.12,38.02,28.9,56.6,0,0.2423,0
20.43,16.6,24.11,30.79,0,0.0304,0
361.74,34.22,47.08,71.85,0,0.3186,0
249.09,17.04,27.59,49.69,0,0.0599,0
250.63,5.18,23.12,74.42,0,0.0537,0
166.14,18.0,30.53,59.08,0,0.056,0
175.87,26.96,26.97,30.39,0,0.0548,0
603.64,137.43,33.7,48.34,0,0.6625,1
278.66,137.17,27.87,44.19,0,0.3787,1
155.03,16.22,14.73,50.71,0,0.0345,0
69.1,19.11,27.35,66.37,0,0.0406,0
80.56,9.91,20.92,52.25,0,0.0257,0
225.59,19.48,22.88,44.84,0,0.0536,0
329.46,23.32,26.38,57.22,0,0.1001,0
125.19,18.48,28.09,58.39,0,0.0471,0
108.51,2.17,23.98,54.64,0,0.026,0
227.08,0.0,20.95,38.1,0,0.0368,0
162.43,27.5,20.77,49.09,0,0.05,0
296.85,25.47,26.0,59.96,0,0.0789,0
241.02,12.38,29.84,50.29,0,0.0657,0
511.16,175.13,39.25,38.78,0,0.7117,2
138.03,17.61,24.99,77.65,0,0.0539,0
385.4,44.43,33.15,72.33,0,0.1921,0
177.55,63.24,32.17,49.88,0,0.1959,0
196.04,18.85,23.42,50.19,0,0.047,0
192.13,8.81,22.54,45.9,0,0.0354,0
876.1,54.61,40.61,71.46,0,0.7308,2
381.5,17.52,19.98,74.59,0,0.1072,0
270.03,13.96,28.4,46.45,0,0.0648,0
436.47,33.71,42.35,63.37,0,0.3209,0
265.72,0.0,22.37,78.15,0,0.0615,0
243.63,17.54,26.71,91.28,0,0.0853,0
329.04,33.77,43.1,78.94,0,0.2515,0
188.01,3.68,33.84,47.34,0,0.0592,0
260.3,4.09,27.18,63.11,0,0.0566,0
416.66,33.41,41.36,53.06,0,0.2774,0
255.9,11.62,44.1,67.44,0,0.1745,0
277.97,52.01,34.48,71.79,0,0.2098,0
156.97,9.73,29.04,85.21,0,0.0612,0
433.29,32.49,25.79,58.35,0,0.1587,0
246.88,7.24,24.24,42.68,0,0.0493,0
387.51,23.02,54.44,71.58,0,0.3829,1
612.07,28.1,35.9,63.25,0,0.3663,1
314.69,8.56,19.99,59.07,0,0.0672,0
334.78,85.44,24.39,58.59,0,0.3042,0
16.36,21.21,29.08,23.22,0,0.0461,0
138.06,27.85,21.75,63.7,0,0.0527,0
107.14,9.97,26.64,61.81,0,0.0359,0
196.05,24.61,22.55,30.71,0,0.0515,0
169.52,27.93,30.48,66.9,0,0.0746,0
141.08,13.34,25.48,42.09,0,0.0374,0
992.74,148.12,39.71,73.56,0,0.9969,2
185.52,17.89,24.84,57.33,0,0.0466,0
0.0,11.45,17.58,55.05,0,0.0203,0
851.99,141.13,57.36,70.9,0,1.0,2
299.86,17.43,24.9,78.86,0,0.0853,0
298.06,23.19,49.46,72.18,0,0.2808,0
268.49,17.05,22.61,80.0,0,0.0772,0
594.18,24.3,31.19,48.52,0,0.2763,0
486.72,153.73,36.93,73.37,0,0.6353,1
1214.25,38.81,30.04,51.71,0,0.4956,1
364.76,41.89,41.9,79.41,0,0.292,0
668.19,36.11,32.57,56.26,0,0.3965,1
235.02,13.06,27.24,81.27,0,0.074,0
202.92,18.09,35.17,53.95,0,0.0872,0
119.33,5.61,28.85,56.36,0,0.0375,0
217.12,22.46,29.88,60.79,0,0.0689,0
331.73,97.54,30.72,62.7,0,0.359,0
192.49,19.22,28.38,58.41,0,0.0543,0
153.46,1.98,26.74,54.5,0,0.034,0
10.0,2.73,23.76,53.01,0,0.0197,0
107.9,12.48,24.8,63.13,0,0.033,0
313.34,18.72,38.76,38.81,0,0.1519,0
148.09,11.55,14.13,50.67,0,0.0311,0
168.85,12.93,29.96,44.1,0,0.0481,0
151.61,17.38,22.82,47.01,0,0.0418,0
108.0,16.85,23.53,38.54,0,0.0352,0
153.18,23.84,17.87,38.2,0,0.0416,0
144.47,9.73,21.25,38.81,0,0.0305,0
142.06,16.57,24.01,60.7,0,0.0393,0
654.15,37.85,35.66,64.98,0,0.4226,1
276.96,2.61,21.9,38.57,0,0.0512,0
360.54,32.27,49.99,87.66,0,0.3747,0
10.2,24.98,19.5,50.75,0,0.0341,0
249.86,22.15,24.73,43.71,0,0.0611,0
125.04,27.16,20.2,67.6,0,0.0466,0
437.19,44.22,52.5,83.17,0,0.5209,1
1001.23,69.45,39.44,68.68,0,0.7635,2
278.61,23.35,41.4,77.57,0,0.1875,0
302.24,34.86,41.74,56.01,0,0.2192,0
156.41,5.47,24.76,49.33,0,0.0319,0
237.48,32.4,26.65,67.49,0,0.0754,0
245.53,19.41,27.48,58.09,0,0.0693,0
402.58,55.68,38.56,89.5,0,0.3413,0
176.14,0.0,34.26,58.44,0,0.0702,0
129.06,16.57,14.46,65.32,0,0.0356,0
198.91,27.7,19.49,65.18,0,0.0583,0
111.48,18.36,30.44,63.98,0,0.047,0
95.53,18.56,29.42,84.06,0,0.0618,0
240.24,23.31,33.56,56.34,0,0.088,0
169.08,21.5,18.34,32.3,0,0.0423,0
249.04,53.97,32.41,56.96,0,0.1459,0
88.48,11.89,28.06,87.19,0,0.0554,0
172.24,15.96,24.39,49.3,0,0.045,0
530.08,140.81,30.41,62.48,0,0.5505,1
398.68,36.27,36.84,60.27,0,0.2223,0
122.56,4.88,27.96,43.66,0,0.0357,0
368.88,133.96,31.19,61.26,0,0.4476,1
72.34,24.56,21.98,62.57,0,0.0449,0
357.42,12.4,42.2,41.29,0,0.2253,0
403.22,27.2,30.49,62.35,0,0.1612,0
478.4,40.14,30.53,64.09,0,0.2285,0
125.14,4.9,29.75,48.55,0,0.0382,0
138.62,6.55,21.99,53.04,0,0.0301,0
129.81,8.2,21.1,75.22,0,0.0395,0
279.56,15.45,45.63,71.54,0,0.2192,0
555.64,25.79,26.24,58.87,0,0.2551,0
146.9,0.0,24.12,66.11,0,0.0335,0
287.51,20.93,46.65,68.98,0,0.234,0
128.35,8.3,19.49,38.78,0,0.0261,0
300.11,37.37,36.04,84.17,0,0.1612,0
858.84,194.78,53.39,75.37,0,1.0,2
235.83,19.61,23.92,61.19,0,0.0565,0
156.62,5.65,20.1,37.16,0,0.0288,0
1048.88,60.99,33.36,73.6,0,0.5933,1
419.81,39.66,25.99,51.11,0,0.1676,0
204.71,23.51,23.78,55.4,0,0.0549,0
265.66,10.66,21.01,63.68,0,0.0564,0
708.93,190.73,46.13,66.54,0,1.0,2
278.81,25.0,47.42,63.19,0,0.2498,0
212.96,24.39,29.58,79.22,0,0.0822,0
365.15,51.04,55.71,93.54,0,0.4932,1
92.2,39.17,26.76,63.44,0,0.0671,0
468.67,30.88,30.62,61.66,0,0.1956,0
116.87,22.93,26.15,43.97,0,0.0438,0
94.37,5.55,20.3,58.95,0,0.0245,0
921.83,148.34,61.5,46.07,1,1.0,2
843.58,211.02,57.81,24.55,1,1.0,2
507.24,33.62,35.24,53.99,0,0.2625,0
318.2,109.54,29.55,67.01,0,0.3863,0
109.0,20.98,28.63,66.63,0,0.0498,0
78.2,15.35,20.4,52.35,0,0.0283,0
147.15,7.88,17.79,50.08,0,0.0276,0
114.01,11.27,23.89,52.1,0,0.0311,0
290.11,4.62,24.83,71.13,0,0.0665,0
243.79,27.96,28.52,53.39,0,0.0721,0
154.62,18.37,19.64,70.51,0,0.0422,0
281.46,13.67,18.61,75.87,0,0.0692,0
279.76,21.1,33.3,50.27,0,0.0944,0
203.8,7.64,36.4,49.63,0,0.0888,0
447.29,39.76,35.93,40.93,0,0.2514,0
1014.81,150.16,45.73,50.79,0,1.0,2
114.66,13.18,15.16,42.37,0,0.0255,0
74.64,5.27,30.59,48.99,0,0.0374,0
269.49,15.83,30.68,77.11,0,0.0888,0
48.94,2.95,29.06,61.41,0,0.0361,0
990.96,101.64,53.65,71.67,0,1.0,2
163.66,3.71,29.08,67.33,0,0.0489,0
535.31,174.98,36.48,49.14,0,0.6551,1
172.2,19.52,27.95,58.34,0,0.0548,0
113.39,9.35,16.62,51.76,0,0.0257,0
136.69,40.61,20.0,61.97,0,0.0707,0
238.1,12.01,28.56,45.35,0,0.0598,0
240.94,6.08,25.0,69.38,0,0.0559,0
173.51,19.68,27.85,79.34,0,0.065,0
228.82,4.45,30.97,41.9,0,0.0598,0
60.17,14.26,28.45,57.64,0,0.0392,0
217.51,37.3,25.27,90.79,0,0.1012,0
117.18,7.55,23.12,68.3,0,0.035,0
192.62,7.58,22.38,55.44,0,0.0382,0
123.11,5.53,20.06,51.71,0,0.0264,0
217.34,30.21,27.59,53.01,0,0.0764,0
80.18,13.16,27.1,64.62,0,0.0382,0
193.82,10.22,26.89,62.3,0,0.0494,0
264.01,12.95,21.36,64.87,0,0.0584,0
13.93,12.09,26.22,53.72,0,0.0298,0
415.57,29.6,23.63,67.47,0,0.1431,0
270.78,32.31,23.73,55.24,0,0.0831,0
462.92,163.15,33.91,48.98,0,0.5372,1
1073.42,173.15,49.93,72.19,0,1.0,2
325.76,44.11,44.19,51.14,0,0.2753,0
274.0,33.03,32.32,60.18,0,0.1135,0
490.58,31.42,35.19,60.92,0,0.2504,0
606.52,71.4,69.4,67.72,1,1.0,2
675.02,173.51,49.42,60.59,0,1.0,2
243.93,11.33,30.22,41.6,0,0.0649,0
259.16,0.0,24.75,69.86,0,0.0607,0
362.77,26.61,28.37,84.67,0,0.1392,0
147.45,20.26,26.91,85.28,0,0.065,0
173.07,17.1,26.93,46.48,0,0.0453,0
389.97,24.95,38.03,59.76,0,0.2039,0
158.75,7.58,14.47,35.73,0,0.0292,0
593.34,23.65,46.51,62.15,0,0.543,1
151.13,25.6,26.41,54.18,0,0.0532,0
176.39,88.52,21.54,49.45,0,0.2616,0
174.1,14.46,27.42,57.15,0,0.0439,0
243.23,14.32,23.43,68.69,0,0.0568,0
98.45,3.48,28.36,48.02,0,0.0307,0
6.39,11.6,25.15,84.41,0,0.0461,0
433.96,45.94,38.74,85.43,0,0.3237,1
344.28,34.27,36.34,73.28,0,0.1709,0
178.76,21.8,34.29,47.14,0,0.079,0
169.15,23.36,23.47,57.41,0,0.0466,0
123.55,0.0,20.25,43.45,0,0.0228,0
196.57,26.01,35.41,89.11,0,0.119,0
209.54,1.29,26.05,51.34,0,0.0431,0
213.81,22.28,18.01,57.91,0,0.0507,0
388.67,55.15,32.88,71.66,0,0.2481,0
1019.35,45.29,38.37,65.96,0,0.629,1
461.16,29.9,36.87,77.95,0,0.2465,0
145.48,0.16,22.93,64.15,0,0.0317,0
302.5,8.03,24.01,84.38,0,0.0822,0
425.2,35.14,39.83,96.57,0,0.2955,0
398.49,61.35,41.01,73.94,0,0.3765,1
37.64,4.61,22.78,38.97,0,0.0194,0
664.79,70.92,49.6,51.6,1,1.0,2
105.86,0.0,30.31,76.22,0,0.0526,0
294.49,13.72,23.37,84.87,0,0.0859,0
138.83,12.45,27.59,65.19,0,0.0463,0
218.4,20.97,25.36,58.44,0,0.0562,0
141.43,4.56,25.45,55.17,0,0.034,0
252.65,8.94,24.35,72.96,0,0.0586,0
111.64,23.2,25.82,45.26,0,0.042,0
89.67,19.43,23.71,83.74,0,0.056,0
421.3,36.04,40.71,56.82,0,0.2856,0
355.82,22.99,30.86,65.1,0,0.1292,0
209.02,24.13,25.24,48.21,0,0.0599,0
473.83,34.93,28.57,91.24,0,0.2304,0
172.24,29.39,18.81,42.15,0,0.0543,0
163.38,27.64,24.88,61.56,0,0.054,0
311.91,9.54,29.0,77.07,0,0.0966,0
50.18,21.01,34.08,65.38,0,0.0728,0
211.32,16.41,24.58,43.35,0,0.0498,0
353.73,56.8,53.19,74.51,0,0.4961,1
79.39,1.22,23.26,70.02,0,0.03,0
313.19,10.06,27.79,93.61,0,0.106,0
198.03,12.9,21.09,43.7,0,0.0451,0
346.36,36.98,50.65,59.44,0,0.3435,1
270.62,41.24,29.8,63.61,0,0.1178,0
649.75,44.91,45.45,51.26,0,0.636,1
185.41,6.74,25.37,45.04,0,0.0396,0
192.32,10.46,22.84,44.73,0,0.0389,0
270.69,26.34,19.66,21.32,0,0.0634,0
1167.19,61.36,43.09,59.39,0,0.8645,2
22.13,17.67,21.62,59.74,0,0.0304,0
450.2,58.37,38.23,77.15,0,0.3582,1
454.68,39.81,38.94,60.46,0,0.3298,1
98.63,31.81,37.01,76.5,0,0.1187,0
661.4,45.26,38.09,56.61,0,0.4908,1
226.64,19.37,34.29,46.23,0,0.0881,0
49.17,30.13,23.42,46.26,0,0.0471,0
274.9,12.46,23.42,52.21,0,0.0611,0
1316.0,37.35,45.3,53.0,0,0.8128,2
195.66,13.15,21.37,48.32,0,0.0405,0
265.07,4.0,29.89,49.38,0,0.0683,0
437.24,45.93,39.08,69.62,0,0.3016,0
579.21,34.12,22.02,64.08,0,0.2709,0
122.83,7.83,29.21,64.3,0,0.0442,0
188.17,75.22,32.24,55.51,0,0.2578,0
264.56,21.95,26.99,58.89,0,0.0727,0
306.11,46.54,27.04,52.95,0,0.1361,0
224.01,52.2,27.06,75.82,0,0.1299,0
475.19,48.12,34.89,83.25,0,0.2918,0
254.12,6.29,21.52,37.48,0,0.0491,0
865.67,137.11,53.12,34.39,1,1.0,2
121.99,10.92,16.58,40.5,0,0.0264,0
188.56,10.73,25.21,51.75,0,0.0435,0
969.41,194.46,46.76,74.27,0,1.0,2
139.33,17.27,23.6,49.72,0,0.0408,0
130.14,1.11,22.22,58.43,0,0.027,0
1105.38,144.77,47.55,77.67,0,1.0,2
192.03,30.42,29.75,69.65,0,0.0779,0
96.6,0.0,21.85,44.22,0,0.0221,0
152.19,21.51,24.73,44.39,0,0.0411,0
209.11,4.33,23.48,60.58,0,0.0444,0
91.33,9.51,26.85,67.13,0,0.0389,0
211.36,9.47,26.27,54.7,0,0.046,0
274.93,7.41,25.41,34.44,0,0.0573,0
153.74,32.76,24.98,53.99,0,0.0599,0
313.21,135.34,37.23,45.36,0,0.4913,1
419.45,43.64,40.71,97.41,0,0.3249,1
227.73,3.0,22.95,71.85,0,0.0524,0
69.7,24.51,29.64,32.81,0,0.0516,0
159.54,7.34,28.66,61.22,0,0.0459,0
173.14,1.97,24.82,33.39,0,0.0321,0
98.48,30.35,30.87,55.1,0,0.0731,0
1310.9,89.88,21.11,51.33,0,0.6267,1
227.36,24.85,23.82,41.8,0,0.0557,0
91.92,45.24,28.28,88.12,0,0.1257,0
1023.03,73.96,48.45,56.81,0,1.0,2
356.26,40.96,38.88,65.7,0,0.233,0
155.74,18.96,27.94,50.98,0,0.0478,0
277.06,0.0,28.01,52.74,0,0.0611,0
288.93,14.58,28.88,64.64,0,0.0758,0
180.11,2.2,29.09,51.33,0,0.0422,0
199.3,10.16,24.0,51.87,0,0.0411,0
193.96,23.69,22.48,52.74,0,0.0539,0
85.35,13.53,27.37,52.61,0,0.0358,0
186.0,7.91,34.12,54.82,0,0.0657,0
388.47,34.22,44.35,64.87,0,0.3034,0
134.02,0.0,19.62,71.44,0,0.0314,0
165.82,17.72,22.94,69.24,0,0.0432,0
209.92,19.88,21.15,80.38,0,0.0644,0
178.82,15.78,26.52,73.09,0,0.0533,0
638.38,115.73,52.51,36.73,1,1.0,2
435.54,59.42,37.36,64.98,0,0.3389,0
364.88,170.67,70.11,34.5,1,1.0,2
407.51,14.7,44.35,69.32,0,0.3021,0
107.07,4.75,19.67,53.11,0,0.0236,0
217.32,27.42,20.92,61.56,0,0.0586,0
336.26,66.2,47.98,97.79,0,0.5453,1
183.27,7.04,25.39,46.35,0,0.0391,0
213.59,17.69,12.09,41.54,0,0.0424,0
174.29,11.05,21.51,40.52,0,0.0367,0
128.76,23.43,21.77,74.54,0,0.0473,0
275.31,14.14,16.21,64.13,0,0.0548,0
161.28,27.48,22.62,90.07,0,0.0771,0
216.6,18.0,26.6,42.89,0,0.0546,0
162.89,9.69,26.79,42.43,0,0.0379,0
233.71,18.27,26.66,68.37,0,0.0634,0
243.63,29.02,21.76,75.4,0,0.0838,0
928.03,99.79,67.58,32.22,1,1.0,2
167.77,18.81,22.81,36.4,0,0.0418,0
423.68,47.12,40.14,75.79,0,0.3051,0
218.78,81.71,29.86,39.64,0,0.2773,0
157.16,10.83,14.47,38.32,0,0.028,0
492.99,44.45,29.17,67.73,0,0.2475,0
849.25,121.9,45.68,73.07,0,1.0,2
336.68,8.73,18.07,81.37,0,0.0889,0
630.38,151.24,63.01,26.47,1,1.0,2
885.62,93.56,52.9,62.1,0,1.0,2
102.06,13.98,24.0,43.95,0,0.0343,0
170.45,22.34,32.71,58.62,0,0.0727,0
222.13,15.29,36.28,36.26,0,0.0928,0
29.83,3.1,23.96,47.9,0,0.0216,0
71.54,26.99,18.54,59.12,0,0.0411,0
32.29,22.83,27.63,36.99,0,0.0402,0
256.04,38.82,25.06,89.97,0,0.1138,0
118.37,0.0,26.16,47.58,0,0.0295,0
766.5,145.44,54.01,50.97,1,1.0,2
104.21,10.88,30.0,69.98,0,0.0507,0
126.45,28.59,24.08,26.84,0,0.0498,0
124.21,5.32,26.26,58.55,0,0.0349,0
217.9,15.23,27.61,79.33,0,0.0707,0
206.62,20.42,28.3,83.6,0,0.0795,0
200.99,8.28,22.24,57.97,0,0.0427,0
413.81,48.8,35.68,67.01,0,0.2554,0
0.0,24.72,23.11,63.57,0,0.0372,0
295.54,73.0,26.31,57.05,0,0.2344,0
6.41,20.42,24.8,86.21,0,0.0523,0
1042.78,6.64,45.45,61.42,0,0.7449,2
771.71,171.07,46.67,59.53,0,1.0,2
131.49,0.0,20.71,59.14,0,0.0247,0
467.31,262.15,30.36,61.29,0,0.5107,1
235.01,16.07,21.68,58.09,0,0.0495,0
486.86,37.51,34.1,89.08,0,0.2874,0
286.67,47.22,36.81,76.24,0,0.1921,0
769.57,102.93,33.34,60.34,1,1.0,2
262.04,11.6,29.56,83.9,0,0.0866,0
181.33,3.81,31.02,47.01,0,0.0516,0
226.14,13.18,25.8,52.9,0,0.0526,0
330.48,38.91,49.05,67.49,0,0.3325,0
772.33,39.75,35.93,67.95,0,0.5228,1
95.45,2.21,32.27,58.89,0,0.0446,0
573.08,17.82,32.25,55.85,0,0.2774,0
9.43,24.75,35.1,54.88,0,0.0694,0
218.71,34.36,30.34,78.69,0,0.0936,0
573.7,32.64,24.02,55.42,0,0.2616,0
200.11,14.64,13.83,40.86,0,0.037,0
84.08,19.16,18.52,74.73,0,0.0388,0
203.28,29.6,24.27,88.02,0,0.0875,0
236.24,27.5,46.58,64.52,0,0.2143,0
245.48,2.1,19.66,52.69,0,0.0445,0
141.25,1.05,24.36,67.57,0,0.0334,0
716.58,97.55,44.61,64.03,0,1.0,2
191.54,18.23,27.55,65.01,0,0.0546,0
5.41,15.09,27.98,65.0,0,0.0358,0
266.08,17.12,25.38,64.53,0,0.0664,0
5.71,14.0,30.25,72.16,0,0.0474,0
387.02,19.29,46.24,92.29,0,0.3121,0
428.55,44.27,28.57,64.99,0,0.2067,0
133.3,11.75,19.59,35.67,0,0.0309,0
466.26,40.17,27.38,26.94,0,0.2045,0
499.42,6.22,26.13,65.75,0,0.1824,0
102.25,24.19,25.5,57.69,0,0.0453,0
188.81,18.79,30.25,49.95,0,0.0596,0
135.87,1.45,29.65,35.03,0,0.038,0
315.16,28.99,38.23,75.79,0,0.171,0
44.0,19.99,26.37,54.56,0,0.0378,0
157.8,5.16,23.66,34.65,0,0.0321,0
377.44,29.44,54.38,90.9,0,0.4076,1
174.14,16.78,27.63,55.69,0,0.0454,0
262.83,17.57,26.42,56.54,0,0.0682,0
9.16,14.63,26.4,41.15,0,0.0296,0
32.27,25.59,24.55,47.48,0,0.0404,0
343.99,30.39,32.46,75.02,0,0.1498,0
101.94,18.25,21.57,63.01,0,0.0359,0
115.26,17.02,24.83,70.12,0,0.0427,0
129.08,5.8,20.98,57.2,0,0.0284,0
182.43,7.32,26.89,59.23,0,0.0446,0
203.91,83.6,23.39,55.03,0,0.2622,0
84.33,6.13,24.35,32.61,0,0.0263,0
433.24,35.89,29.45,78.55,0,0.1935,0
233.45,13.25,18.59,50.09,0,0.0473,0
393.92,190.72,35.02,46.46,0,0.5245,1
135.1,17.57,24.35,39.75,0,0.0358,0
98.96,25.29,27.13,56.45,0,0.0508,0
146.55,16.21,15.81,37.57,0,0.0344,0
170.55,14.43,26.72,49.76,0,0.0462,0
206.45,41.39,29.65,52.46,0,0.0994,0
143.09,4.58,22.2,62.73,0,0.0341,0
302.77,64.62,20.68,79.88,0,0.2114,0
194.46,2.75,32.14,46.4,0,0.0596,0
311.66,143.88,37.44,54.17,0,0.5201,1
607.78,34.54,38.43,69.85,0,0.4235,1
737.66,23.1,25.31,71.61,0,0.3615,1
158.37,22.52,19.93,43.11,0,0.043,0
210.51,13.17,24.34,62.84,0,0.0455,0
112.4,20.82,28.45,49.14,0,0.0464,0
386.98,56.04,42.09,80.77,0,0.3596,0
168.85,26.79,32.65,51.12,0,0.0808,0
165.5,14.4,36.73,66.14,0,0.0914,0
347.45,38.36,57.18,59.57,0,0.4155,1
310.72,2.22,25.76,52.38,0,0.0687,0
1.76,12.41,31.53,65.62,0,0.0457,0
364.43,0.34,27.13,68.9,0,0.1006,0
154.75,14.86,24.71,55.81,0,0.0397,0
879.65,126.11,46.64,59.15,0,1.0,2
162.54,12.25,29.29,65.2,0,0.0511,0
133.09,5.7,15.92,70.59,0,0.0323,0
425.26,59.82,37.3,62.88,0,0.334,1
308.73,30.84,37.62,60.16,0,0.1698,0
247.94,0.11,23.97,56.46,0,0.0467,0
444.26,131.59,36.32,57.21,0,0.5484,1
745.96,107.69,40.25,67.87,1,1.0,2
51.52,37.13,20.35,54.33,0,0.055,0
108.57,30.04,21.09,57.78,0,0.0471,0
111.93,4.54,31.52,84.85,0,0.0662,0
297.01,44.49,43.93,54.34,0,0.2828,0
294.49,12.62,30.32,52.33,0,0.0788,0
930.04,75.56,30.46,58.97,0,0.61,1
248.21,20.92,24.22,39.89,0,0.0594,0
179.42,6.33,20.95,60.71,0,0.035,0
124.66,9.22,26.6,60.4,0,0.0365,0
423.44,65.03,30.44,85.28,0,0.2966,0
147.23,29.5,21.51,47.83,0,0.0486,0
350.01,35.52,36.92,77.33,0,0.1947,0
147.23,20.17,25.0,63.83,0,0.0471,0
296.02,36.43,36.52,85.1,0,0.1721,0
212.3,13.16,27.26,47.21,0,0.0512,0
882.04,59.82,52.09,37.26,1,1.0,2
90.26,11.99,33.22,48.68,0,0.0544,0
130.59,15.91,29.05,49.12,0,0.045,0
381.93,23.43,36.93,49.27,0,0.1777,0
897.42,49.42,40.27,54.01,0,0.6884,1
0.0,16.62,24.41,51.96,0,0.0304,0
176.86,20.15,27.22,64.3,0,0.0573,0
440.86,183.59,31.51,71.07,0,0.519,1
89.18,20.11,29.1,57.32,0,0.0495,0
192.25,20.37,20.04,61.51,0,0.0496,0
237.15,17.16,34.07,78.52,0,0.0988,0
261.59,22.41,19.21,37.24,0,0.059,0
222.28,13.77,25.12,78.66,0,0.0617,0
241.03,15.91,29.3,54.44,0,0.0642,0
242.02,14.59,24.44,69.71,0,0.0583,0
211.72,21.06,21.8,62.01,0,0.0499,0
138.23,6.96,25.65,60.03,0,0.0393,0
47.71,11.13,16.43,46.22,0,0.0216,0
210.5,6.73,30.32,72.0,0,0.0594,0
320.53,87.02,31.07,65.62,0,0.3291,0
215.66,3.15,16.62,53.04,0,0.0336,0
444.99,50.0,35.91,64.61,0,0.2677,0
270.09,112.17,38.58,40.65,0,0.482,1
218.99,6.75,29.96,49.38,0,0.0584,0
204.99,14.1,23.92,65.2,0,0.0459,0
640.7,45.8,28.67,65.11,0,0.3648,0
1048.38,53.02,37.29,42.47,0,0.6454,1
558.23,173.23,31.96,56.03,0,0.6071,1
167.63,80.24,29.61,64.96,0,0.2565,0
27.09,18.83,18.42,66.42,0,0.0339,0
0.0,6.2,22.1,76.41,0,0.0329,0
156.14,0.96,25.51,64.04,0,0.0363,0
289.45,30.71,26.97,38.32,0,0.0901,0
405.86,28.54,41.63,52.81,0,0.2502,0
186.3,16.67,20.85,49.85,0,0.0429,0
148.08,25.17,31.62,61.33,0,0.0614,0
313.86,47.05,40.72,78.87,0,0.2532,0
211.72,14.36,17.55,62.86,0,0.0425,0
191.16,16.07,18.8,52.27,0,0.0415,0
228.96,20.78,28.8,73.23,0,0.0725,0
125.92,25.65,31.36,47.21,0,0.0647,0
6.1,21.4,33.35,58.0,0,0.0588,0
193.78,14.5,23.76,35.83,0,0.0421,0
392.23,48.04,34.39,68.18,0,0.2233,0
195.61,1.66,25.09,57.11,0,0.0371,0
308.13,15.85,44.1,77.16,0,0.218,0
407.59,33.0,42.67,76.88,0,0.2905,0
199.07,8.67,27.82,65.95,0,0.0573,0
161.52,25.88,22.32,56.05,0,0.0463,0
136.74,8.28,27.91,76.27,0,0.046,0
768.85,85.71,43.68,36.23,1,1.0,2
303.01,18.81,20.46,51.07,0,0.0716,0
394.98,141.87,34.3,58.25,0,0.5028,1
104.99,17.52,30.63,57.52,0,0.0558,0
336.05,0.09,21.11,63.95,0,0.0716,0
150.63,5.3,20.48,50.08,0,0.0275,0
69.73,24.45,22.21,56.89,0,0.0405,0
262.33,6.36,29.29,38.25,0,0.0648,0
102.4,5.69,25.47,53.74,0,0.0304,0
224.43,0.0,17.28,65.25,0,0.0404,0
452.39,34.34,35.81,59.54,0,0.2373,0
1013.85,105.84,31.11,35.55,0,0.7281,2
819.66,102.91,71.67,56.01,1,1.0,2
453.31,195.1,41.15,68.79,0,0.6975,2
46.77,0.0,16.5,57.77,0,0.0183,0
316.09,8.15,22.96,65.49,0,0.0734,0
186.86,8.67,27.15,48.44,0,0.0454,0
455.65,34.91,49.36,54.38,0,0.4404,1
122.37,1.87,22.83,61.46,0,0.028,0
104.66,18.06,21.72,47.67,0,0.0308,0
127.83,11.39,19.34,82.97,0,0.0479,0
592.14,63.57,29.95,60.76,0,0.4229,1
202.24,7.21,27.83,40.37,0,0.0484,0
227.63,26.45,33.99,53.13,0,0.096,0
287.93,66.5,34.76,56.29,0,0.2443,0
256.86,9.15,15.0,76.33,0,0.0633,0
566.36,37.54,29.72,83.81,0,0.3196,0
26.48,12.86,31.21,73.89,0,0.0478,0
163.9,19.49,22.61,39.68,0,0.0352,0
176.83,12.64,21.88,66.26,0,0.0421,0
632.49,49.74,29.16,72.99,0,0.3721,0
164.35,5.76,33.22,47.37,0,0.0606,0
10.83,1.81,21.67,49.54,0,0.0178,0
1112.29,165.38,50.02,54.82,0,1.0,2
1233.51,171.82,68.28,22.38,1,1.0,2
219.07,34.14,29.89,56.55,0,0.0853,0
879.72,183.75,51.3,54.33,0,1.0,2
6.51,22.11,24.98,71.01,0,0.0433,0
317.76,6.91,31.3,85.0,0,0.1103,0
384.34,47.47,39.58,73.71,0,0.2917,0
135.84,11.47,22.64,51.78,0,0.0298,0
99.82,20.22,29.06,54.89,0,0.0456,0
942.0,54.83,34.21,52.72,0,0.5527,1
447.87,44.29,35.7,90.24,0,0.3054,0
276.49,19.6,42.76,61.39,0,0.1847,0
150.05,10.92,21.95,51.34,0,0.0308,0
167.55,26.03,30.82,58.83,0,0.0705,0
11.05,6.22,30.0,76.12,0,0.0427,0
205.13,1.88,19.91,82.83,0,0.0542,0
1007.91,104.44,55.76,28.0,1,1.0,2
268.92,58.22,47.88,85.27,0,0.4062,1
374.27,23.05,40.45,42.69,0,0.21,0
281.08,24.23,24.62,36.86,0,0.0663,0
175.42,16.95,26.28,46.07,0,0.0435,0
174.63,21.69,30.83,53.8,0,0.0683,0
979.76,129.88,47.58,91.79,0,1.0,2
148.26,3.55,24.62,43.21,0,0.0315,0
279.65,54.19,58.55,88.79,0,0.464,1
93.65,34.69,25.38,80.52,0,0.0759,0
167.13,5.11,20.53,46.37,0,0.0295,0
468.55,43.53,30.6,59.57,0,0.2298,0
63.02,19.47,12.49,84.1,0,0.0444,0
241.9,0.53,29.83,50.6,0,0.0566,0
149.42,8.92,20.64,61.64,0,0.0325,0
153.12,0.66,22.85,47.62,0,0.0281,0
387.89,206.48,30.26,45.92,0,0.4417,1
187.81,27.34,49.37,51.74,0,0.2486,0
35.61,21.89,25.41,86.6,0,0.0568,0
272.72,2.41,20.22,37.74,0,0.0484,0
396.02,45.59,42.51,72.15,0,0.3331,0
201.59,15.41,33.3,60.39,0,0.0752,0
322.38,7.11,25.36,87.42,0,0.1003,0
186.79,13.47,18.72,38.39,0,0.0389,0
216.21,3.94,26.41,58.79,0,0.046,0
109.93,16.68,19.29,33.88,0,0.0288,0
121.71,25.11,24.22,63.44,0,0.0427,0
393.68,53.05,42.06,77.24,0,0.371,1
242.07,34.31,24.73,94.98,0,0.1057,0
177.53,9.92,27.29,38.8,0,0.0414,0
323.63,18.51,24.86,81.31,0,0.0958,0
160.28,29.77,25.6,45.71,0,0.0537,0
392.44,33.11,41.74,70.23,0,0.2755,0
444.68,42.67,31.28,70.7,0,0.2229,0
728.16,55.03,29.42,69.32,0,0.4626,1
603.37,134.47,59.86,44.64,1,1.0,2
737.45,58.46,43.6,44.02,0,0.7674,2
90.73,23.29,24.1,57.84,0,0.0412,0
181.09,26.43,28.38,34.82,0,0.0602,0
406.74,58.3,34.54,84.91,0,0.3169,0
306.42,21.29,26.46,82.68,0,0.1009,0
156.0,5.78,30.98,48.87,0,0.0466,0
192.06,19.03,25.21,51.73,0,0.0477,0
61.76,19.91,17.52,62.54,0,0.0305,0
116.16,21.04,32.39,67.2,0,0.065,0
260.23,20.78,20.81,54.93,0,0.0616,0
419.64,44.87,38.33,78.11,0,0.2825,0
314.59,44.13,33.73,83.29,0,0.1793,0
151.27,8.05,29.37,74.2,0,0.0548,0
810.97,90.49,48.22,60.45,0,1.0,2
173.06,0.0,28.46,46.24,0,0.0431,0
145.5,25.8,18.78,58.71,0,0.0462,0
159.54,0.0,25.33,64.07,0,0.0359,0
251.68,20.1,23.56,77.55,0,0.0693,0
497.13,110.34,33.84,53.27,0,0.5391,1
79.01,22.39,23.69,58.7,0,0.0392,0
345.9,57.33,35.08,73.28,0,0.2319,0
113.8,11.83,22.04,54.71,0,0.0313,0
261.5,2.1,27.87,27.92,0,0.0545,0
223.58,17.14,19.89,33.43,0,0.0443,0
407.33,21.88,54.48,76.1,0,0.4061,0
209.63,1.44,24.13,55.34,0,0.0388,0
237.88,16.94,27.92,40.67,0,0.0574,0
595.06,42.43,37.84,71.66,0,0.4371,1
314.82,9.54,29.1,51.77,0,0.0827,0
39.76,15.62,18.56,84.69,0,0.0447,0
266.61,22.53,19.51,39.52,0,0.0568,0
355.43,7.49,20.29,44.91,0,0.079,0
144.91,5.44,26.18,54.57,0,0.0331,0
338.77,35.19,50.04,78.22,0,0.3444,1
845.07,54.68,26.0,60.43,0,0.472,1
119.39,14.78,20.79,59.23,0,0.0324,0
285.29,13.89,21.09,52.51,0,0.0596,0
430.03,52.77,37.59,72.85,0,0.3168,0
148.76,6.03,24.96,34.83,0,0.0325,0
43.04,7.67,21.28,68.31,0,0.0252,0
70.0,0.0,28.7,60.19,0,0.0307,0
117.52,3.81,27.7,54.86,0,0.0323,0
402.49,57.3,35.11,80.67,0,0.28,0
1034.18,105.71,52.64,48.35,1,1.0,2
445.42,25.16,38.75,84.66,0,0.2598,0
72.07,10.67,28.27,62.02,0,0.037,0
169.5,7.73,34.84,56.85,0,0.0707,0
402.84,10.96,34.23,89.13,0,0.1876,0
200.73,18.1,24.54,37.59,0,0.0505,0
1325.71,90.72,30.75,72.28,0,0.7014,2
218.69,43.5,29.44,88.04,0,0.1342,0
240.74,18.9,29.34,65.18,0,0.0711,0
457.24,42.6,36.75,57.36,0,0.2846,0
126.4,13.41,32.27,77.08,0,0.0674,0
494.53,218.74,35.27,71.18,0,0.598,1
254.1,5.85,21.94,56.86,0,0.0463,0
188.48,31.31,34.74,95.1,0,0.127,0
188.68,5.18,23.77,68.76,0,0.041,0
617.38,183.45,30.0,42.66,0,0.633,1
444.57,41.87,36.11,55.45,0,0.245,0
221.82,74.79,17.52,72.91,0,0.2278,0
160.21,19.84,25.17,74.27,0,0.0576,0
129.92,4.84,25.44,65.74,0,0.0358,0
630.43,37.74,31.93,61.65,0,0.3465,0
231.26,55.54,51.59,80.3,0,0.4072,1
386.64,85.0,40.82,74.71,0,0.5126,1
199.46,30.1,21.83,62.21,0,0.0608,0
274.1,14.78,24.86,47.94,0,0.0651,0
895.75,117.68,48.37,77.99,0,1.0,2
391.91,21.28,43.69,60.88,0,0.276,0
149.93,21.39,25.43,73.95,0,0.0564,0
447.98,41.68,43.06,71.67,0,0.3659,0
161.56,24.2,31.44,76.84,0,0.0799,0
257.89,32.55,46.84,81.64,0,0.2505,0
172.63,10.99,26.36,60.8,0,0.0501,0
1048.97,73.84,36.3,49.88,0,0.7189,2
93.55,25.41,27.81,45.77,0,0.0457,0
86.66,17.42,23.48,32.4,0,0.03,0
288.38,38.82,21.68,81.76,0,0.1115,0
92.52,24.38,25.42,57.22,0,0.0451,0
248.32,56.88,34.35,67.06,0,0.1986,0
228.55,10.4,28.06,48.76,0,0.0552,0
177.5,40.72,28.73,87.44,0,0.1203,0
121.07,0.0,26.45,50.71,0,0.0294,0
185.0,9.1,14.86,72.95,0,0.0387,0
78.88,21.0,25.41,58.8,0,0.0378,0
66.52,17.38,19.45,65.71,0,0.032,0
263.78,4.53,23.8,46.81,0,0.0516,0
330.19,95.75,25.12,55.06,0,0.3412,1
270.7,185.47,37.93,62.09,0,0.5308,1
191.35,5.72,21.58,51.88,0,0.0345,0
79.82,7.29,22.39,65.77,0,0.03,0
184.86,16.28,23.92,22.58,0,0.0436,0
1024.05,163.04,44.89,57.31,0,1.0,2
197.14,11.52,28.34,66.15,0,0.0532,0
148.29,4.49,23.25,39.46,0,0.0283,0
487.92,24.3,42.15,62.08,0,0.3423,0
85.76,2.64,26.72,43.91,0,0.027,0
395.3,45.1,38.47,72.18,0,0.2598,0
184.13,9.56,25.13,45.08,0,0.0399,0
159.42,16.48,23.79,55.26,0,0.0395,0
802.39,128.49,47.62,69.76,0,1.0,2
190.45,18.47,22.93,55.68,0,0.0437,0
102.96,8.37,34.21,35.63,0,0.0526,0
892.3,92.28,64.01,37.68,1,1.0,2
79.35,1.12,32.75,64.32,0,0.0462,0
214.37,21.56,24.46,59.45,0,0.0546,0
203.12,11.62,26.23,74.6,0,0.054,0
448.38,51.61,38.91,69.54,0,0.3272,0
147.54,27.03,20.3,69.26,0,0.0502,0
752.61,18.81,25.03,75.93,0,0.3693,1
259.75,28.96,46.22,47.76,0,0.2239,0
995.94,121.94,57.14,35.79,1,1.0,2
85.57,0.93,23.25,56.27,0,0.026,0
516.99,52.9,32.71,53.23,0,0.3208,1
315.18,22.79,45.61,83.08,0,0.2691,0
234.89,32.44,24.14,84.12,0,0.0944,0
469.03,43.44,36.63,78.19,0,0.3207,0
400.49,52.11,40.82,84.58,0,0.3299,0
174.33,27.46,30.19,57.05,0,0.0658,0
32.25,39.71,30.71,80.55,0,0.1039,0
177.34,31.71,23.04,49.56,0,0.0623,0
1004.37,28.6,29.51,55.69,0,0.4452,1
41.49,31.68,17.48,43.33,0,0.0412,0
564.41,179.17,39.25,53.75,0,0.7633,2
208.04,22.15,25.53,84.69,0,0.0775,0
135.0,1.05,26.23,66.44,0,0.0371,0
208.76,22.76,27.84,59.68,0,0.0577,0
229.56,43.01,49.78,67.2,0,0.3166,0
272.48,1.14,21.69,80.82,0,0.067,0
289.92,14.72,31.46,88.44,0,0.1014,0
390.72,37.91,35.48,74.91,0,0.2044,0
274.67,57.41,39.85,80.13,0,0.2842,0
171.72,11.38,17.62,56.98,0,0.0358,0
145.61,10.85,25.94,41.91,0,0.037,0
380.01,103.68,21.75,68.63,0,0.3732,0
155.99,63.7,31.17,60.54,0,0.188,0
197.48,87.52,41.78,75.55,0,0.4381,1
316.65,19.66,31.44,74.32,0,0.1022,0
290.3,119.9,37.44,51.45,0,0.4809,1
204.66,61.26,35.94,55.49,0,0.2179,0
95.53,4.54,20.77,59.29,0,0.0229,0
249.33,12.31,16.58,50.42,0,0.0468,0
939.39,86.77,41.42,81.1,0,0.9468,2
758.26,139.75,54.46,62.96,0,1.0,2
82.85,17.93,22.22,32.05,0,0.0329,0
256.15,79.28,30.19,83.43,0,0.2823,0
885.29,64.93,37.13,59.33,0,0.6711,2
126.43,27.35,29.5,61.36,0,0.0674,0
202.94,1.47,30.86,49.76,0,0.0483,0
951.29,236.01,48.93,74.4,1,1.0,2
196.79,0.96,25.17,55.37,0,0.0395,0
1093.78,58.88,36.31,57.75,0,0.6393,1
152.43,27.81,16.48,72.81,0,0.0552,0
234.57,25.91,34.66,59.34,0,0.0979,0
606.63,69.34,50.44,41.85,1,1.0,2
149.94,12.19,29.76,43.06,0,0.0466,0
193.29,20.96,25.06,58.8,0,0.0521,0
410.79,44.82,35.08,76.98,0,0.2349,0
532.29,165.03,29.46,46.42,0,0.5538,1
200.04,14.14,23.05,63.52,0,0.0452,0
147.98,17.62,29.17,84.57,0,0.0713,0
116.31,6.32,20.48,34.91,0,0.0268,0
524.62,37.24,38.57,88.68,0,0.3829,1
660.4,140.05,51.25,68.6,0,1.0,2
255.51,35.76,28.45,73.15,0,0.1054,0
147.66,11.98,23.79,59.98,0,0.0366,0
60.81,18.3,19.36,61.27,0,0.0328,0
232.24,1.97,23.69,37.96,0,0.0423,0
191.45,19.06,19.77,46.72,0,0.043,0
156.61,37.32,22.58,39.65,0,0.0686,0
547.19,184.91,31.09,63.14,0,0.592,1
199.94,19.51,32.41,54.62,0,0.0755,0
137.73,15.6,34.55,65.57,0,0.0714,0
198.68,14.77,53.15,53.14,0,0.2385,0
128.22,1.42,19.54,42.09,0,0.023,0
148.97,12.65,18.71,66.92,0,0.0333,0
186.61,11.65,17.25,50.87,0,0.0371,0
227.62,18.58,29.79,57.08,0,0.0737,0
136.21,3.74,12.57,73.92,0,0.033,0
261.33,23.3,22.82,52.73,0,0.066,0
587.31,52.32,31.96,54.6,0,0.3666,0
1175.4,141.52,65.52,58.96,1,1.0,2
252.6,7.6,25.31,54.49,0,0.0531,0
913.72,120.25,46.98,65.11,0,1.0,2
211.75,13.64,30.84,67.53,0,0.0678,0
102.73,14.04,17.16,59.63,0,0.0309,0
119.9,12.61,19.19,34.89,0,0.0299,0
238.27,5.89,26.91,71.43,0,0.0545,0
236.39,5.09,30.42,95.62,0,0.0916,0
172.29,15.24,25.13,35.15,0,0.0407,0
1132.21,45.68,27.21,76.57,0,0.4852,1
751.55,30.65,29.2,70.76,0,0.3927,1
113.74,2.28,21.0,51.37,0,0.0238,0
234.51,27.12,26.48,79.93,0,0.0814,0
108.66,29.59,22.86,62.14,0,0.0534,0
181.69,15.86,27.87,60.31,0,0.0537,0
280.93,21.71,26.09,56.62,0,0.0676,0
25.56,27.16,19.6,50.71,0,0.0422,0
124.77,9.85,24.37,38.51,0,0.0281,0
119.34,36.43,24.62,67.24,0,0.0686,0
6.15,17.06,27.6,51.03,0,0.0372,0
126.56,7.86,21.86,39.23,0,0.0259,0
580.65,52.45,53.73,40.99,1,1.0,2
537.79,43.58,37.48,65.42,0,0.372,0
302.1,23.26,27.8,91.07,0,0.1087,0
229.79,17.12,33.28,88.23,0,0.1069,0
423.83,36.9,42.68,76.08,0,0.3149,0
956.73,149.4,45.14,51.53,0,1.0,2
170.36,31.09,29.61,49.85,0,0.073,0
1232.36,44.02,46.03,57.64,0,0.8427,2
1005.13,54.57,48.86,75.71,0,0.9563,2
892.84,144.55,43.42,55.78,0,1.0,2
293.04,28.41,34.28,68.18,0,0.1282,0
302.96,30.44,45.92,94.09,0,0.2825,0
803.01,74.7,38.17,73.91,0,0.7508,2
137.23,20.47,29.23,41.6,0,0.0525,0
1099.96,81.19,29.79,53.6,0,0.6493,1
186.2,14.43,26.04,77.15,0,0.0565,0
112.84,15.19,27.07,79.58,0,0.0524,0
180.69,12.45,20.62,61.09,0,0.0405,0
134.07,25.13,22.79,65.95,0,0.047,0
118.85,15.98,30.59,44.97,0,0.0515,0
199.71,15.0,34.02,36.52,0,0.0793,0
1013.3,117.84,43.88,47.16,0,1.0,2
272.51,14.44,20.73,48.26,0,0.06,0
127.23,19.24,31.49,80.41,0,0.0683,0
189.47,12.57,24.34,53.63,0,0.043,0
282.74,16.51,50.28,40.58,0,0.257,0
249.06,72.35,30.16,57.97,0,0.2407,0
359.89,86.76,35.8,39.59,0,0.3796,1
1002.98,110.09,43.01,54.28,0,1.0,2
164.88,12.12,23.82,76.28,0,0.0445,0
340.81,17.9,29.44,80.31,0,0.1132,0
4.6,12.16,27.38,30.84,0,0.0308,0
271.85,14.86,23.68,30.02,0,0.0612,0
83.25,6.08,20.81,67.1,0,0.0282,0
178.11,0.0,18.08,46.53,0,0.0288,0
251.29,85.67,28.72,46.16,0,0.2956,0
159.24,15.22,28.45,45.94,0,0.0468,0
430.43,58.47,38.51,60.57,0,0.3401,0
231.35,7.9,28.36,60.79,0,0.0587,0
146.46,9.97,25.37,39.32,0,0.0368,0
175.71,11.27,23.16,72.82,0,0.0476,0
267.72,8.6,30.04,51.73,0,0.0678,0
97.81,9.67,22.04,72.15,0,0.0336,0
50.74,21.0,23.49,63.52,0,0.0388,0
78.96,1.03,17.01,43.63,0,0.0181,0
114.0,16.5,19.55,63.01,0,0.0363,0
212.65,22.04,29.2,83.9,0,0.0897,0
160.93,25.89,19.66,59.41,0,0.0485,0
185.09,74.16,20.36,58.86,0,0.222,0
424.69,56.83,35.97,73.46,0,0.3169,0
241.59,21.93,27.67,67.03,0,0.0715,0
92.05,8.5,29.37,53.91,0,0.0378,0
153.84,7.28,17.15,55.53,0,0.0281,0
208.21,8.24,22.2,77.51,0,0.0556,0
151.62,14.7,29.8,50.99,0,0.0477,0
179.02,21.63,20.77,78.39,0,0.0578,0
171.96,23.85,28.55,29.59,0,0.0587,0
162.76,0.0,24.4,43.76,0,0.0326,0
189.42,3.17,19.89,29.03,0,0.0307,0
129.27,10.31,20.52,60.19,0,0.03,0
98.01,11.88,26.31,55.12,0,0.0354,0
130.31,20.93,30.54,55.06,0,0.0595,0
395.01,36.45,38.86,56.58,0,0.2379,0
149.54,17.38,20.64,71.05,0,0.0429,0
115.67,7.52,27.46,86.1,0,0.0576,0
274.66,18.9,43.2,63.42,0,0.1948,0
259.57,33.92,48.63,87.87,0,0.2808,0
241.49,7.77,23.59,61.76,0,0.0502,0
170.86,64.47,30.48,45.14,0,0.1942,0
164.06,14.23,26.11,83.41,0,0.0588,0
211.65,8.06,21.78,53.88,0,0.0395,0
0.0,22.97,31.56,54.97,0,0.0539,0
196.37,27.47,23.64,51.92,0,0.0565,0
271.63,0.41,29.68,62.24,0,0.0661,0
480.43,51.95,42.36,67.6,0,0.4387,1
152.29,15.13,19.72,70.53,0,0.0424,0
103.08,12.48,28.15,51.16,0,0.0377,0
325.06,24.11,23.41,59.02,0,0.0885,0
673.05,111.28,39.76,82.61,0,0.8767,2
459.21,53.61,41.02,81.1,0,0.4218,1
260.23,8.44,27.67,84.27,0,0.0787,0
291.34,61.59,32.23,53.99,0,0.2082,0
311.26,58.6,27.54,59.52,0,0.1958,0
251.55,95.55,35.64,66.52,0,0.4067,1
130.22,13.68,26.37,65.06,0,0.045,0
194.92,3.32,32.54,61.63,0,0.0663,0
790.5,108.01,61.26,34.15,1,1.0,2
450.72,233.69,25.56,69.4,0,0.472,1
15.79,20.09,23.38,40.56,0,0.0331,0
265.76,11.82,29.14,75.31,0,0.0771,0
195.0,0.0,21.34,57.98,0,0.0355,0
264.88,20.22,40.22,69.97,0,0.1649,0
770.58,168.97,54.89,50.97,1,1.0,2
127.47,5.23,30.03,57.63,0,0.0376,0
320.41,5.05,26.78,66.49,0,0.0789,0
145.85,13.73,20.49,48.72,0,0.0319,0
32.84,15.17,28.24,57.57,0,0.0377,0
399.18,28.64,62.71,74.48,0,0.4522,1
391.59,33.84,40.14,72.27,0,0.2539,0
227.88,1.29,26.31,56.51,0,0.0457,0
848.27,171.45,44.99,16.77,1,1.0,2
76.76,15.01,32.49,68.3,0,0.0532,0
111.75,18.78,24.57,37.94,0,0.037,0
285.54,7.6,30.69,57.58,0,0.0765,0
709.21,205.88,41.31,27.28,1,1.0,2
471.73,60.95,35.35,75.94,0,0.3575,0
310.82,8.49,20.65,69.8,0,0.0752,0
189.97,16.09,22.11,78.52,0,0.0564,0
998.45,177.65,52.69,62.82,0,1.0,2
145.88,3.22,23.18,39.12,0,0.0276,0
301.3,0.0,24.17,66.66,0,0.0631,0
320.34,49.74,36.08,65.56,0,0.204,0
555.57,14.33,35.87,71.78,0,0.3059,0
226.91,20.92,17.77,80.36,0,0.0646,0
435.88,58.97,42.05,80.89,0,0.4425,1
251.77,10.62,19.39,43.6,0,0.0491,0
128.45,12.24,27.7,44.11,0,0.0375,0
124.31,29.81,27.28,79.51,0,0.0659,0
452.97,64.86,38.01,86.07,0,0.4046,1
86.79,14.37,21.28,54.72,0,0.0323,0
350.75,15.42,32.57,64.93,0,0.1209,0
80.04,0.0,25.07,44.96,0,0.0234,0
327.62,11.22,24.28,58.55,0,0.0789,0
246.88,41.32,25.17,60.3,0,0.1003,0
152.12,25.31,21.4,74.91,0,0.0554,0
104.32,16.32,30.21,68.35,0,0.052,0
184.9,17.57,23.71,62.93,0,0.0441,0
188.12,12.83,22.08,63.78,0,0.0432,0
645.07,110.02,65.89,16.9,1,1.0,2
484.14,43.86,35.22,88.36,0,0.3323,0
143.65,8.89,30.0,59.11,0,0.0459,0
242.34,18.04,43.83,60.85,0,0.1851,0
159.16,22.31,25.88,59.44,0,0.0432,0
111.06,8.83,18.91,32.4,0,0.0256,0
301.84,24.71,30.82,58.83,0,0.0986,0
221.62,3.15,22.71,80.5,0,0.0543,0
91.47,16.23,29.81,50.75,0,0.0467,0
149.59,5.56,21.26,43.18,0,0.0275,0
166.01,11.45,27.05,50.82,0,0.0406,0
350.16,84.74,45.76,52.54,0,0.5905,1
225.24,12.38,45.94,56.88,0,0.187,0
309.14,18.84,26.59,90.0,0,0.1056,0
121.56,1.95,22.93,84.94,0,0.0473,0
95.49,0.0,24.85,60.23,0,0.0282,0
190.63,30.46,32.04,42.05,0,0.0806,0
1089.5,38.1,32.35,51.01,0,0.4933,1
675.3,143.99,45.29,47.01,0,1.0,2
337.01,20.78,29.52,85.43,0,0.1263,0
182.11,42.68,24.49,70.77,0,0.0946,0
159.5,6.26,23.1,60.82,0,0.0356,0
243.0,12.39,20.04,53.84,0,0.0471,0
0.35,18.88,27.52,86.32,0,0.0582,0
418.46,42.28,49.14,59.78,0,0.411,1
115.1,7.51,17.21,55.56,0,0.0255,0
312.89,17.96,25.37,85.68,0,0.0985,0
247.05,28.11,48.03,72.97,0,0.253,0
679.48,21.66,32.17,85.86,0,0.3846,1
229.64,23.03,20.78,42.29,0,0.0487,0
257.1,0.0,27.29,68.42,0,0.0582,0
257.0,16.4,25.69,67.67,0,0.0626,0
156.04,27.07,24.4,55.75,0,0.0594,0
260.07,29.93,21.52,68.05,0,0.0792,0
397.09,38.15,34.55,70.76,0,0.2089,0
476.22,139.08,30.74,42.56,0,0.5175,1
608.4,162.0,31.05,51.22,0,0.6284,1
874.75,77.98,29.79,59.44,0,0.6177,1
163.73,10.05,22.24,63.63,0,0.0378,0
46.49,17.91,18.64,50.05,0,0.0281,0
166.85,9.84,22.56,63.94,0,0.0382,0
261.24,5.18,27.61,75.02,0,0.0693,0
188.06,20.27,23.3,55.54,0,0.0501,0
397.9,16.73,32.33,50.98,0,0.1367,0
198.54,32.82,24.05,59.53,0,0.0642,0
77.24,32.5,36.95,67.87,0,0.1111,0
113.4,5.5,33.98,52.71,0,0.0588,0
136.95,35.99,45.05,50.41,0,0.2019,0
78.77,11.51,28.57,71.92,0,0.0415,0
90.11,17.43,26.45,60.27,0,0.0393,0
298.43,59.52,33.28,67.88,0,0.2293,0
61.75,27.95,16.56,58.8,0,0.0419,0
286.74,11.5,26.74,46.34,0,0.0624,0
122.35,18.91,20.59,70.75,0,0.0427,0
288.39,16.15,41.56,78.56,0,0.1807,0
481.62,122.18,31.37,47.83,0,0.5128,1
47.52,8.8,27.83,28.04,0,0.0315,0
296.18,41.03,52.16,83.06,0,0.3668,0
82.84,20.69,21.19,54.83,0,0.0364,0
212.7,3.15,20.24,52.03,0,0.0351,0
124.09,7.81,21.27,54.9,0,0.0273,0
302.81,40.13,54.39,80.57,0,0.3736,1
593.91,239.02,47.36,46.0,1,1.0,2
1057.48,61.11,37.43,44.25,0,0.6887,2
231.79,25.72,28.17,59.06,0,0.0738,0
220.95,4.45,18.3,89.73,0,0.06,0
211.04,7.15,23.99,61.79,0,0.0437,0
276.77,10.88,30.33,47.71,0,0.0711,0
55.69,4.99,23.83,56.21,0,0.0232,0
268.1,6.33,26.8,55.29,0,0.0596,0
347.52,22.56,22.16,33.07,0,0.0906,0
183.52,7.69,26.19,55.08,0,0.0409,0
131.92,10.09,24.67,51.76,0,0.0343,0
350.59,29.27,23.9,58.89,0,0.1052,0
182.94,21.65,22.21,67.39,0,0.0498,0
955.23,93.09,38.49,65.1,0,0.8701,2
298.53,38.96,53.04,85.32,0,0.3528,0
197.53,0.0,25.18,44.85,0,0.0368,0
212.25,1.43,37.62,55.59,0,0.0927,0
985.46,158.76,48.38,56.56,0,1.0,2
120.08,13.94,21.78,56.55,0,0.0339,0
216.87,16.01,25.44,68.98,0,0.0567,0
121.82,11.97,25.12,44.65,0,0.0317,0
217.71,7.24,24.0,56.36,0,0.0418,0
409.94,46.39,41.9,75.97,0,0.3219,1
121.44,3.76,37.62,51.08,0,0.0783,0
395.42,57.37,44.7,80.83,0,0.4227,1
43.87,7.22,21.89,34.31,0,0.0223,0
156.07,2.99,29.64,74.83,0,0.0523,0
77.0,6.56,30.37,56.19,0,0.0396,0
346.47,73.26,27.86,65.57,0,0.2684,0
99.44,41.03,27.08,57.08,0,0.08,0
104.66,14.31,27.23,56.03,0,0.0376,0
369.54,11.96,49.8,63.42,0,0.3133,0
130.5,15.37,17.73,51.1,0,0.0293,0
183.02,21.06,18.73,59.72,0,0.0472,0
164.75,10.6,28.01,49.09,0,0.0419,0
148.9,34.79,28.12,58.36,0,0.0731,0
182.54,23.45,26.35,45.56,0,0.0544,0
193.43,11.34,26.21,63.3,0,0.0466,0
35.43,23.31,22.14,42.59,0,0.0312,0
129.24,7.77,31.38,76.82,0,0.062,0
148.55,20.31,26.72,43.84,0,0.0446,0
1019.28,12.45,43.74,25.65,0,0.7162,2
493.2,33.63,36.37,57.0,0,0.2782,0
317.63,19.6,28.8,37.39,0,0.0898,0
200.42,32.42,24.04,47.75,0,0.0695,0
122.76,14.25,24.84,37.99,0,0.0354,0
230.27,0.0,18.62,44.95,0,0.0363,0
74.68,34.88,17.23,56.83,0,0.0469,0
78.77,15.13,23.49,82.18,0,0.0435,0
200.93,19.16,24.07,56.11,0,0.0484,0
1158.1,126.25,58.55,62.52,1,1.0,2
1051.71,101.85,48.37,77.44,0,1.0,2
262.73,33.25,62.53,84.72,0,0.349,0
533.46,47.93,38.3,59.59,0,0.3646,0
195.23,8.03,19.77,65.04,0,0.0394,0
213.56,21.28,25.44,85.37,0,0.0786,0
92.68,12.94,23.86,63.63,0,0.0345,0
48.89,19.58,17.27,40.76,0,0.0284,0
109.15,2.89,20.48,49.66,0,0.0229,0
528.09,17.93,30.25,65.02,0,0.23,0
4.37,14.98,28.91,63.96,0,0.0372,0
103.33,19.57,28.28,54.07,0,0.0436,0
223.42,77.92,30.52,78.58,0,0.2785,0
49.61,13.49,26.71,54.93,0,0.0362,0
158.57,8.82,18.19,61.6,0,0.0297,0
223.8,13.81,23.85,69.58,0,0.0596,0
149.3,23.38,30.44,62.55,0,0.0633,0
199.09,5.5,19.28,68.27,0,0.0387,0
304.71,43.72,32.74,77.14,0,0.1533,0
151.22,18.61,26.05,61.24,0,0.0486,0
218.69,48.05,46.06,57.96,0,0.2697,0
501.11,58.39,27.02,65.74,0,0.2941,0
415.08,11.69,20.84,77.93,0,0.1283,0
243.58,9.72,26.85,33.3,0,0.0584,0
352.61,64.58,36.34,46.03,0,0.2791,0
83.34,7.38,21.64,66.68,0,0.0271,0
106.13,10.96,16.68,67.08,0,0.0294,0
21.99,12.82,26.79,49.77,0,0.0316,0
158.62,25.69,27.15,58.44,0,0.0571,0
355.04,40.35,37.49,75.78,0,0.2331,0
251.47,16.81,30.76,86.03,0,0.0973,0
203.18,20.93,38.82,48.93,0,0.1167,0
217.84,17.76,21.49,87.64,0,0.0699,0
264.2,27.24,22.34,48.08,0,0.0668,0
94.01,20.45,14.82,56.64,0,0.03,0
263.81,22.93,39.47,65.74,0,0.1642,0
396.77,60.31,36.11,76.16,0,0.3059,0
185.33,3.11,30.17,44.21,0,0.0477,0
229.04,0.0,21.97,50.82,0,0.0402,0
716.7,75.01,31.95,72.52,0,0.6039,1
72.11,21.32,21.02,42.04,0,0.0325,0
164.36,9.18,20.72,61.19,0,0.032,0
243.29,13.11,22.14,69.05,0,0.056,0
145.45,9.26,25.72,41.84,0,0.0324,0
130.02,25.55,32.94,67.29,0,0.0702,0
192.38,12.91,25.62,55.88,0,0.0437,0
212.15,105.31,35.49,78.8,0,0.4081,1
122.55,1.74,23.42,60.97,0,0.0281,0
266.82,1.36,31.27,59.28,0,0.0714,0
256.57,89.82,24.78,65.09,0,0.2917,0
264.47,96.79,35.93,66.76,0,0.4164,1
135.24,15.28,21.74,54.51,0,0.0347,0
139.96,15.11,30.04,53.6,0,0.0481,0
78.19,27.92,29.52,62.85,0,0.0618,0
173.08,20.38,26.28,90.71,0,0.0739,0
504.22,19.02,39.77,80.5,0,0.3359,0
50.84,12.76,19.21,83.58,0,0.0437,0
6.73,12.47,22.02,69.8,0,0.0308,0
276.36,18.69,32.92,77.24,0,0.1023,0
223.82,15.57,30.98,89.92,0,0.0971,0
441.8,46.54,36.64,74.85,0,0.3058,0
461.75,39.03,43.63,70.62,0,0.3634,1
354.58,7.58,42.6,50.84,0,0.2111,0
169.52,0.0,25.39,61.71,0,0.0378,0
143.34,16.4,19.2,44.61,0,0.0325,0
362.65,53.74,36.91,71.52,0,0.2591,0
172.05,15.49,21.22,69.95,0,0.0408,0
211.9,18.27,49.46,76.06,0,0.2335,0
445.5,56.02,38.65,54.88,0,0.3459,0
307.31,38.67,20.34,56.15,0,0.1017,0
437.81,43.14,43.22,51.9,0,0.353,0
251.78,19.26,33.56,34.24,0,0.0918,0
134.12,29.88,27.17,63.69,0,0.0557,0
492.25,43.73,31.44,55.8,0,0.2547,0
95.25,22.84,28.52,36.26,0,0.053,0
52.27,0.0,22.64,66.92,0,0.0253,0
301.76,3.23,29.56,52.06,0,0.0766,0
918.95,214.93,42.77,39.17,1,1.0,2
81.06,4.96,24.29,38.35,0,0.0245,0
180.61,3.07,34.74,65.81,0,0.072,0
250.89,12.82,26.66,89.58,0,0.0838,0
449.21,50.22,35.93,71.05,0,0.2961,0
136.48,11.94,21.99,39.3,0,0.0304,0
916.31,70.82,41.49,19.55,0,0.83,2
158.25,5.91,21.98,85.34,0,0.0517,0
309.43,11.98,33.24,49.25,0,0.0991,0
58.89,24.48,23.32,64.03,0,0.039,0
353.23,16.28,49.91,67.28,0,0.2954,0
296.84,0.52,24.42,87.06,0,0.0803,0
843.11,75.11,39.69,68.94,0,0.7727,2
1125.02,185.44,55.91,60.09,0,1.0,2
224.98,9.04,22.62,62.65,0,0.0448,0
637.99,41.13,30.24,33.17,0,0.3591,0
259.22,19.57,19.3,45.64,0,0.0555,0
207.24,35.55,55.12,91.44,0,0.3407,1
16.88,6.43,29.57,82.46,0,0.0527,0
713.97,100.63,46.6,26.2,1,1.0,2
150.46,27.89,29.08,53.38,0,0.0638,0
182.52,17.77,18.73,78.54,0,0.0513,0
306.2,25.53,24.25,70.55,0,0.0886,0
356.5,33.91,45.0,75.68,0,0.2968,0
198.41,6.9,22.21,55.86,0,0.0378,0
77.65,12.97,20.45,44.56,0,0.0249,0
217.66,21.9,22.61,80.89,0,0.0699,0
321.88,11.59,25.56,74.67,0,0.0815,0
468.92,43.04,34.57,76.71,0,0.2776,0
462.86,51.48,37.16,84.62,0,0.3256,0
9.17,20.32,26.72,77.06,0,0.0452,0
233.37,24.46,25.53,82.66,0,0.0783,0
158.86,17.97,27.83,51.14,0,0.0491,0
144.9,11.91,22.48,36.95,0,0.0328,0
219.26,7.88,32.18,38.19,0,0.0659,0
243.21,13.5,24.14,49.79,0,0.0514,0
265.44,3.19,22.24,79.97,0,0.0619,0
8.0,21.2,23.98,49.62,0,0.0334,0
326.08,67.64,32.66,51.93,0,0.255,0
435.4,44.22,38.59,74.9,0,0.2967,0
150.84,17.03,27.9,70.48,0,0.0535,0
448.28,30.75,39.82,79.29,0,0.2844,0
414.01,58.21,35.54,76.26,0,0.3198,0
43.92,1.46,30.27,62.11,0,0.0374,0
66.79,21.08,24.26,65.2,0,0.0389,0
242.25,9.36,29.01,47.4,0,0.0571,0
431.36,43.27,34.3,80.48,0,0.2439,0
466.2,38.48,39.72,76.21,0,0.3281,0
241.26,17.13,25.91,56.89,0,0.0599,0
120.01,17.88,21.11,66.33,0,0.0394,0
100.08,12.94,26.85,48.04,0,0.0367,0
253.33,0.0,25.0,59.73,0,0.0512,0
194.54,62.24,24.14,44.61,0,0.1506,0
294.87,22.87,32.09,40.8,0,0.1037,0
174.25,27.71,18.79,52.9,0,0.0502,0
200.78,3.4,16.56,47.98,0,0.0318,0
358.95,12.65,37.94,59.0,0,0.1661,0
422.95,146.29,29.88,50.36,0,0.4731,1
279.23,70.71,29.37,64.49,0,0.2451,0
887.45,69.76,41.26,49.72,0,0.8146,2
862.32,149.52,36.49,54.99,0,0.9127,2
39.17,16.84,30.02,48.98,0,0.0436,0
64.61,10.64,26.65,70.57,0,0.0365,0
74.55,8.88,31.96,62.99,0,0.0494,0
239.33,24.03,26.46,47.26,0,0.0629,0
126.36,33.98,26.87,58.91,0,0.0566,0
221.87,4.19,19.62,54.17,0,0.0374,0
794.95,97.63,65.37,51.42,1,1.0,2
257.93,12.08,26.42,47.91,0,0.0591,0
132.99,25.48,29.08,82.82,0,0.0769,0
219.55,6.74,22.27,58.59,0,0.0407,0
462.61,119.97,33.9,79.1,0,0.5525,1
310.96,73.98,28.33,42.57,0,0.2511,0
203.5,18.85,30.04,58.01,0,0.0645,0
304.8,19.98,31.7,80.59,0,0.1075,0
247.91,13.97,27.27,57.81,0,0.0607,0
418.51,30.38,35.74,61.82,0,0.1961,0
287.05,154.22,43.86,64.63,0,0.648,1
411.97,60.21,39.94,72.88,0,0.3793,1
132.24,30.45,22.33,54.35,0,0.0484,0
119.03,1.86,19.6,71.84,0,0.0295,0
7.84,26.43,29.31,62.18,0,0.0535,0
153.05,22.34,23.78,45.4,0,0.0478,0
161.05,21.35,22.17,69.16,0,0.0498,0
111.72,7.31,26.94,81.58,0,0.0493,0
371.24,67.17,29.59,62.94,0,0.2688,0
281.29,25.21,19.77,49.29,0,0.0637,0
197.74,20.49,33.64,94.11,0,0.1039,0
383.74,37.88,50.95,90.45,0,0.4067,1
137.43,27.97,27.64,64.5,0,0.0578,0
79.21,26.71,32.97,59.2,0,0.0682,0
228.12,10.92,30.86,60.15,0,0.0644,0
161.83,24.2,19.28,65.08,0,0.0489,0
469.7,32.51,22.98,59.74,0,0.1793,0
216.66,7.52,26.2,87.26,0,0.0669,0
116.29,24.19,27.09,43.4,0,0.0481,0
334.13,17.73,40.27,70.88,0,0.1993,0
436.96,39.66,38.42,74.09,0,0.2758,0
75.99,3.67,23.63,40.83,0,0.0229,0
262.45,15.95,23.98,62.3,0,0.0585,0
529.22,28.14,28.01,50.21,0,0.2356,0
161.37,0.75,26.46,64.78,0,0.0374,0
102.19,26.07,31.77,24.83,0,0.0613,0
125.5,24.51,30.13,65.92,0,0.0603,0
423.17,30.46,32.77,47.56,0,0.1876,0
274.11,71.3,40.03,54.19,0,0.3517,0
204.15,10.69,29.82,57.35,0,0.0507,0
135.33,18.7,27.06,46.35,0,0.043,0
200.06,16.02,26.35,61.88,0,0.0503,0
439.96,46.13,38.09,71.7,0,0.3167,0
250.29,22.48,21.75,46.45,0,0.0595,0
214.77,22.01,24.99,77.44,0,0.0671,0
134.51,0.56,29.28,68.54,0,0.0418,0
555.7,148.87,46.9,56.48,0,0.9995,2
292.63,13.23,24.7,43.36,0,0.0662,0
12.26,14.76,21.96,62.89,0,0.0274,0
234.57,9.97,17.24,73.91,0,0.0541,0
166.0,8.97,23.29,62.35,0,0.036,0
393.46,31.3,42.24,81.34,0,0.2783,0
192.39,18.59,20.5,48.56,0,0.0441,0
112.2,11.85,21.76,41.43,0,0.0286,0
5.92,3.18,30.61,55.36,0,0.0346,0
241.24,26.0,28.58,78.0,0,0.0841,0
297.9,5.83,40.15,66.66,0,0.1428,0
13.54,0.58,25.5,59.76,0,0.0231,0
232.25,22.31,20.03,43.99,0,0.0501,0
134.48,30.1,24.36,69.57,0,0.0604,0
250.58,18.42,25.56,90.24,0,0.0876,0
115.62,12.36,27.6,62.65,0,0.0444,0
364.89,55.36,38.34,84.45,0,0.2646,0
986.57,104.78,37.66,65.28,0,0.9025,2
156.73,2.7,24.85,73.89,0,0.0406,0
213.58,26.6,17.92,42.06,0,0.0529,0
252.99,22.5,32.05,87.03,0,0.1135,0
425.63,37.48,45.13,77.79,0,0.3679,1
208.56,5.58,32.2,44.74,0,0.0623,0
215.31,23.73,22.96,35.99,0,0.0561,0
250.25,12.48,30.08,65.7,0,0.0771,0
342.72,138.53,28.31,47.14,0,0.4192,1
131.22,0.0,31.96,65.78,0,0.0488,0
402.57,139.06,36.23,40.62,0,0.5257,1
227.43,13.31,18.41,77.42,0,0.0562,0
284.83,4.11,25.91,44.49,0,0.0619,0
105.68,12.09,27.26,54.25,0,0.0374,0
803.4,61.6,30.11,83.12,0,0.5393,1
232.51,29.25,27.94,53.19,0,0.075,0
100.83,6.17,36.85,46.77,0,0.0741,0
246.72,0.11,27.57,61.75,0,0.0533,0
154.9,9.75,18.07,50.76,0,0.0302,0
322.72,30.78,43.41,50.31,0,0.2387,0
294.75,16.99,15.73,86.84,0,0.0852,0
584.21,47.29,25.45,62.52,0,0.3008,0
240.89,33.16,24.59,83.28,0,0.0932,0
268.92,13.42,23.03,54.98,0,0.0552,0
185.87,20.46,27.48,55.75,0,0.0536,0
253.91,17.24,29.94,34.78,0,0.0732,0
526.41,137.83,62.91,45.69,1,1.0,2
142.55,24.66,26.1,45.01,0,0.0513,0
860.54,57.78,21.79,39.83,0,0.483,1
412.48,44.39,34.96,80.08,0,0.2433,0
209.12,10.47,40.47,85.05,0,0.151,0
93.11,27.69,23.97,44.74,0,0.05,0
153.3,10.71,19.81,59.47,0,0.0331,0
184.25,17.98,28.56,78.57,0,0.0626,0
234.91,23.92,26.09,82.48,0,0.0806,0
117.31,14.39,24.69,44.83,0,0.0349,0
319.69,38.14,47.4,58.36,0,0.3055,0
86.13,2.36,27.3,29.05,0,0.0275,0
960.04,137.91,51.24,79.42,0,1.0,2
917.25,189.44,46.99,58.65,0,1.0,2
209.68,20.26,22.36,37.25,0,0.052,0
106.64,17.83,24.06,43.55,0,0.0354,0
634.56,19.14,21.63,53.62,0,0.2861,0
152.8,21.19,22.94,40.51,0,0.0412,0
4.35,2.45,18.23,70.2,0,0.0204,0
130.71,17.18,24.79,48.0,0,0.0402,0
125.34,40.12,27.32,29.64,0,0.0742,0
0.0,3.47,22.43,59.24,0,0.0211,0
242.62,24.44,22.76,91.48,0,0.0844,0
61.78,10.25,25.56,73.82,0,0.0354,0
555.8,22.81,35.06,73.79,0,0.304,0
135.56,3.25,30.22,62.54,0,0.0401,0
290.66,20.62,28.53,52.85,0,0.0785,0
130.36,1.66,18.95,48.45,0,0.0233,0
170.33,25.88,29.5,51.31,0,0.0603,0
1074.48,69.45,30.06,42.18,0,0.6045,1
620.45,36.57,27.62,64.53,0,0.321,0
328.18,82.05,47.96,59.06,0,0.5925,1
183.91,9.29,29.87,51.55,0,0.0496,0
340.29,19.65,41.77,50.2,0,0.2075,0
496.6,44.93,40.76,63.84,0,0.3738,1
475.71,35.01,39.25,77.04,0,0.321,0
219.15,23.41,28.74,74.37,0,0.0792,0
306.7,21.75,26.81,55.24,0,0.0812,0
249.39,20.51,26.97,54.07,0,0.0632,0
189.11,2.03,22.89,58.51,0,0.0361,0
180.81,16.2,22.51,39.16,0,0.043,0
135.9,12.68,27.58,67.33,0,0.0447,0
90.62,20.34,21.6,73.42,0,0.045,0
284.42,11.06,20.05,29.53,0,0.0551,0
209.58,4.35,29.58,46.29,0,0.0487,0
104.99,12.22,32.18,54.16,0,0.0512,0
125.46,16.37,29.57,53.63,0,0.0429,0
94.23,15.66,31.18,54.74,0,0.0483,0
407.19,133.1,38.95,63.65,0,0.5997,1
486.92,158.6,28.39,56.45,0,0.5098,1
231.92,3.74,22.14,87.63,0,0.0644,0
93.1,9.54,23.97,48.11,0,0.0268,0
255.68,9.04,21.41,59.86,0,0.0495,0
58.73,8.82,29.56,70.18,0,0.0416,0
107.16,27.12,30.81,52.79,0,0.0555,0
283.35,20.59,22.5,52.31,0,0.0673,0
339.46,22.03,39.27,67.48,0,0.1836,0
359.66,30.08,47.67,74.82,0,0.3026,0
334.6,40.01,49.66,81.37,0,0.345,1
199.54,13.71,26.1,41.36,0,0.0506,0
222.91,6.46,19.87,37.83,0,0.0389,0
93.1,0.33,28.22,41.45,0,0.0337,0
899.65,57.87,26.96,38.1,0,0.5054,1
197.57,7.12,17.59,38.63,0,0.0338,0
86.48,25.18,28.72,53.76,0,0.0504,0
445.82,35.73,44.61,57.73,0,0.3695,0
112.53,22.27,22.16,56.96,0,0.0398,0
206.56,30.5,29.98,81.29,0,0.0913,0
441.25,20.1,43.2,57.84,0,0.2956,0
123.18,17.2,28.37,57.94,0,0.0494,0
249.85,1.91,23.25,64.27,0,0.0479,0
180.38,11.49,31.97,38.11,0,0.0563,0
127.29,27.9,19.91,50.46,0,0.0416,0
249.75,5.14,27.2,81.42,0,0.0679,0
369.78,24.25,48.86,90.16,0,0.3513,1
294.89,57.85,49.8,72.49,0,0.4404,1
239.58,18.33,22.58,41.86,0,0.055,0
447.25,48.59,37.21,77.56,0,0.3219,0
445.43,36.09,36.99,68.43,0,0.2632,0
133.09,3.68,24.37,41.28,0,0.0289,0
460.37,44.73,34.86,71.26,0,0.2761,0
513.47,10.58,31.41,58.31,0,0.2264,0
431.41,51.27,43.32,73.09,0,0.413,1
250.85,10.63,26.34,46.98,0,0.056,0
391.95,33.32,40.14,74.8,0,0.2408,0
230.34,20.03,31.61,78.18,0,0.0878,0
238.56,21.93,19.03,67.41,0,0.0604,0
579.71,31.62,33.29,57.33,0,0.3157,0
151.99,10.85,22.75,66.95,0,0.0399,0
266.72,14.8,23.11,44.23,0,0.0579,0
326.56,14.39,59.21,66.51,0,0.3373,0
313.48,11.0,27.15,37.03,0,0.0767,0
123.21,5.46,22.07,75.04,0,0.0394,0
199.26,21.18,25.05,94.74,0,0.0796,0
145.78,5.4,23.29,63.76,0,0.0326,0
208.74,12.19,33.21,40.15,0,0.0704,0
256.01,14.53,19.4,60.78,0,0.0558,0
209.87,11.13,26.37,61.54,0,0.0461,0
76.44,10.2,25.48,58.17,0,0.0308,0
248.99,50.87,27.93,64.13,0,0.1402,0
196.1,30.21,29.28,46.05,0,0.0688,0
163.75,1.55,24.53,44.23,0,0.0321,0
137.24,1.62,27.3,43.56,0,0.0319,0
280.57,28.78,41.47,58.09,0,0.1854,0
345.0,33.24,54.44,74.26,0,0.384,1
121.51,1.35,28.07,66.85,0,0.0377,0
954.64,139.56,40.15,73.66,0,1.0,2
428.7,54.94,42.67,76.44,0,0.4158,1
134.79,25.81,21.85,70.84,0,0.0462,0
335.52,53.97,31.66,40.46,0,0.19,0
237.16,6.6,24.39,59.85,0,0.0478,0
227.02,90.38,26.06,56.47,0,0.2903,0
289.79,20.44,27.98,23.89,0,0.078,0
738.14,67.92,62.18,27.83,1,1.0,2
708.89,124.57,52.97,45.17,1,1.0,2
402.49,62.21,33.04,84.84,0,0.2887,0
510.34,36.02,33.42,67.75,0,0.2691,0
296.04,43.12,33.82,71.12,0,0.1522,0
809.78,146.88,48.64,73.89,0,1.0,2
274.94,14.93,34.28,51.46,0,0.0872,0
465.24,5.71,25.51,54.08,0,0.1538,0
118.76,33.07,24.52,56.3,0,0.0577,0
917.19,62.42,27.43,50.53,0,0.539,1
382.73,27.33,53.56,98.55,0,0.4022,1
187.08,86.57,25.7,49.02,0,0.2728,0
623.94,25.78,30.73,54.43,0,0.3074,0
602.5,42.54,33.57,62.6,0,0.3636,0
760.89,175.01,66.24,43.17,1,1.0,2
238.95,5.98,34.6,88.81,0,0.1032,0
253.92,9.58,32.96,87.33,0,0.09,0
130.7,26.85,14.23,60.47,0,0.0428,0
255.98,14.79,22.53,48.74,0,0.0526,0
1050.74,95.46,40.1,66.14,0,0.9361,2
176.1,7.14,26.19,21.7,0,0.0375,0
186.31,18.79,23.46,70.68,0,0.051,0
159.74,15.95,21.01,52.61,0,0.0369,0
144.95,10.75,31.43,54.89,0,0.0541,0
11.46,19.7,23.18,72.51,0,0.0384,0
1020.79,35.57,30.89,30.39,0,0.4878,1
500.28,22.58,43.3,62.71,0,0.3789,1
145.4,0.56,32.15,75.67,0,0.0603,0
39.47,26.69,26.16,63.98,0,0.0489,0
155.62,17.89,29.17,63.09,0,0.0551,0
254.92,28.86,44.93,72.81,0,0.232,0
149.88,85.12,30.35,50.63,0,0.3011,0
465.13,55.76,37.72,65.11,0,0.3486,0
294.8,39.16,42.55,60.7,0,0.2574,0
256.21,28.58,46.72,70.36,0,0.2624,0
216.62,20.23,32.0,50.78,0,0.0723,0
138.86,13.13,32.29,36.43,0,0.0556,0
280.78,25.1,43.46,57.56,0,0.2112,0
285.9,21.65,26.25,89.66,0,0.0984,0
464.79,42.22,37.44,58.88,0,0.2934,0
117.32,11.83,23.24,56.58,0,0.0349,0
311.09,80.02,47.98,91.94,0,0.5963,1
94.53,20.09,17.86,58.18,0,0.0334,0
72.0,5.38,29.15,76.27,0,0.0457,0
998.72,50.64,35.53,55.76,0,0.5828,1
912.15,54.92,33.12,27.03,0,0.5768,1
523.94,40.22,53.63,74.53,0,0.594,1
468.68,84.74,32.46,50.3,0,0.4252,1
323.73,25.62,40.64,66.33,0,0.1994,0
103.52,4.81,30.48,59.11,0,0.037,0
132.83,13.61,21.92,42.91,0,0.0327,0
110.96,17.09,28.11,62.32,0,0.0505,0
357.93,37.88,44.22,63.4,0,0.2894,0
1005.84,77.48,28.12,62.97,0,0.6134,1
92.81,10.25,29.12,55.31,0,0.0404,0
281.17,8.77,30.05,44.79,0,0.0695,0
137.15,13.15,28.85,46.66,0,0.0431,0
505.52,192.84,38.75,46.96,0,0.6716,1
207.34,81.94,28.19,66.98,0,0.2775,0
265.89,26.41,55.5,69.87,0,0.3041,0
118.13,22.94,18.33,44.92,0,0.0418,0
221.14,14.03,30.39,37.18,0,0.0563,0
211.6,66.46,27.62,65.57,0,0.1961,0
230.89,17.93,26.34,82.56,0,0.0761,0
356.47,9.82,29.61,29.84,0,0.0998,0
244.23,66.31,32.53,56.4,0,0.2164,0
127.57,12.49,17.83,36.12,0,0.0267,0
281.69,24.3,42.99,74.08,0,0.2182,0
192.89,12.73,22.88,82.49,0,0.0608,0
115.31,2.76,31.17,76.65,0,0.0555,0
146.95,15.68,21.95,32.06,0,0.0323,0
174.07,29.65,34.53,72.82,0,0.0972,0
225.36,14.64,16.38,50.85,0,0.0462,0
204.66,18.98,24.45,72.05,0,0.0564,0
180.09,14.41,24.07,42.45,0,0.0387,0
152.15,19.71,26.15,45.14,0,0.0462,0
226.86,11.7,26.74,50.25,0,0.0515,0
160.9,9.19,23.12,44.29,0,0.0332,0
87.54,24.65,22.53,45.6,0,0.0446,0
213.0,17.27,27.83,71.87,0,0.0621,0
319.0,53.3,31.63,52.67,0,0.1859,0
247.3,24.42,27.6,46.12,0,0.0683,0
606.69,23.7,35.82,61.35,0,0.3675,1
821.18,81.38,57.17,39.65,1,1.0,2
170.22,8.88,21.57,35.16,0,0.0339,0
166.81,10.68,21.92,80.67,0,0.0494,0
157.83,9.72,20.47,51.93,0,0.0321,0
939.26,168.22,51.37,60.85,0,1.0,2
53.36,7.39,22.56,48.43,0,0.0226,0
481.22,13.82,33.97,41.16,0,0.2081,0
112.81,3.32,19.89,63.69,0,0.0255,0
115.95,1.99,21.42,29.25,0,0.0227,0
623.5,140.6,65.97,39.12,1,1.0,2
270.86,17.6,27.75,53.75,0,0.0721,0
287.64,18.13,26.96,89.17,0,0.0948,0
130.27,15.05,20.52,67.36,0,0.0387,0
581.86,22.69,40.04,73.98,0,0.4131,1
9.49,11.68,20.15,57.0,0,0.0238,0
91.53,25.36,27.36,38.98,0,0.0472,0
157.33,15.05,27.33,50.11,0,0.0431,0
273.99,17.29,27.92,81.14,0,0.0911,0
186.55,23.41,19.96,56.71,0,0.0505,0
92.31,8.66,27.39,63.6,0,0.0354,0
272.31,18.2,41.89,64.25,0,0.1777,0
488.21,31.54,39.99,46.67,0,0.3097,0
264.74,23.06,36.37,91.71,0,0.1395,0
5.72,15.64,29.5,56.02,0,0.0397,0
233.15,25.09,44.58,40.3,0,0.1897,0
206.67,23.53,25.17,55.09,0,0.0564,0
70.15,5.34,31.34,55.46,0,0.0461,0
118.99,4.53,18.12,70.42,0,0.0288,0
170.74,15.59,23.36,42.01,0,0.038,0
365.21,25.63,26.42,67.93,0,0.1208,0
209.74,28.86,22.19,36.48,0,0.0578,0
97.23,15.68,30.85,62.02,0,0.0527,0
141.62,18.15,24.13,28.57,0,0.0372,0
220.67,35.15,45.83,56.81,0,0.2349,0
223.26,13.08,23.25,67.62,0,0.0512,0
56.88,9.86,26.46,70.35,0,0.0378,0
273.51,22.73,46.9,76.97,0,0.2429,0
321.4,74.87,26.08,71.51,0,0.2531,0
239.26,20.4,26.92,40.02,0,0.06,0
309.84,59.56,55.21,82.09,0,0.4993,1
672.8,79.31,66.01,46.1,1,1.0,2
276.96,1.98,27.65,85.87,0,0.0813,0
402.6,58.01,34.57,81.16,0,0.3013,0
0.51,8.09,30.29,75.3,0,0.0487,0
1395.26,83.26,38.29,31.92,0,0.8568,2
351.2,50.87,41.24,78.13,0,0.3006,0
348.95,17.74,22.47,50.67,0,0.0838,0
227.87,71.72,34.12,53.07,0,0.2544,0
184.12,12.88,25.51,57.98,0,0.045,0
127.18,0.0,23.76,69.58,0,0.033,0
174.29,13.23,25.59,58.66,0,0.0425,0
317.13,80.06,22.98,54.13,0,0.2482,0
115.92,4.96,34.77,71.88,0,0.0708,0
216.67,13.65,25.28,47.25,0,0.0488,0
233.13,9.46,31.77,61.75,0,0.0675,0
332.96,54.78,54.52,80.22,0,0.4576,1
174.36,8.27,24.41,82.81,0,0.0539,0
181.52,27.7,22.22,66.15,0,0.0525,0
195.78,14.89,25.29,54.99,0,0.0465,0
93.34,19.53,19.71,56.39,0,0.0321,0
146.23,5.52,28.84,52.16,0,0.0404,0
198.86,14.75,22.53,81.15,0,0.0594,0
4.9,20.77,15.68,55.35,0,0.026,0
800.94,166.75,41.2,68.51,0,0.9937,2
1106.66,46.48,39.71,69.18,0,0.7015,2
254.01,13.64,22.18,60.26,0,0.0539,0
269.52,28.12,21.89,49.55,0,0.0702,0
254.9,16.16,28.59,87.38,0,0.0915,0
194.15,14.99,14.1,53.09,0,0.0379,0
269.73,14.4,20.51,82.37,0,0.0727,0
275.25,29.48,24.26,90.39,0,0.0992,0
55.61,13.1,22.09,57.52,0,0.0257,0
237.05,13.63,15.05,72.03,0,0.0534,0
531.31,18.26,37.62,67.82,0,0.3149,0
892.78,56.49,37.31,55.54,0,0.6524,1
251.15,8.08,30.68,78.98,0,0.0816,0
177.12,34.94,25.34,46.77,0,0.0644,0
97.51,15.72,26.55,65.95,0,0.0388,0
0.0,0.8,17.88,55.23,0,0.016,0
153.14,19.11,39.63,48.09,0,0.1159,0
416.89,30.21,44.31,47.28,0,0.3123,0
86.28,14.3,22.44,46.67,0,0.0322,0
1049.14,96.53,59.1,78.65,0,1.0,2
171.92,5.13,26.35,65.0,0,0.0401,0
339.01,30.38,45.86,55.43,0,0.2742,0
251.24,17.26,27.16,52.25,0,0.0667,0
95.69,23.74,21.9,55.74,0,0.0378,0
392.25,42.19,38.71,81.89,0,0.2787,0
515.89,35.48,35.82,59.53,0,0.2893,0
127.08,9.79,11.71,41.56,0,0.0233,0
17.4,4.08,24.11,78.8,0,0.037,0
729.65,110.78,49.04,61.86,1,1.0,2
202.46,15.06,21.57,58.32,0,0.0441,0
175.81,17.99,22.95,34.19,0,0.0398,0
264.29,74.62,36.8,70.64,0,0.3488,0
281.87,33.44,20.91,46.41,0,0.0774,0
297.03,16.08,27.68,47.37,0,0.0767,0
460.08,35.5,24.29,67.36,0,0.1909,0
198.19,29.14,29.17,73.99,0,0.0798,0
44.65,20.1,26.71,49.89,0,0.0358,0
201.55,10.31,21.01,38.06,0,0.035,0
454.92,24.33,45.45,69.11,0,0.3595,1
263.6,89.48,24.66,54.74,0,0.2875,0
87.85,15.58,30.37,56.44,0,0.0456,0
187.71,26.57,25.95,80.79,0,0.0706,0
313.42,67.78,28.15,50.47,0,0.2352,0
325.81,11.1,50.33,77.8,0,0.2898,0
363.53,29.36,36.85,80.81,0,0.2038,0
1464.15,63.76,39.66,48.0,0,0.7984,2
278.2,7.87,27.77,50.34,0,0.0675,0
512.65,38.85,37.49,46.63,0,0.352,0
565.49,26.41,36.29,60.03,0,0.3224,0
353.81,52.1,31.25,43.93,0,0.1885,0
473.23,34.17,40.26,82.69,0,0.322,0
308.38,59.51,24.78,53.89,0,0.1752,0
76.69,5.98,22.7,50.1,0,0.0243,0
500.02,37.33,29.74,68.72,0,0.2481,0
179.22,17.32,19.16,60.25,0,0.0407,0
165.33,45.37,36.13,69.14,0,0.16,0
541.94,123.36,25.3,57.44,0,0.5136,1
151.19,16.91,29.65,51.57,0,0.0499,0
260.59,7.82,24.72,45.63,0,0.0536,0
166.72,13.35,23.85,42.37,0,0.0387,0
829.44,111.93,45.82,76.68,0,1.0,2
580.95,196.96,35.86,53.27,0,0.7048,2
909.85,152.59,44.13,46.44,0,1.0,2
336.89,37.93,40.14,81.65,0,0.2523,0
264.14,99.87,26.14,68.87,0,0.3317,1
127.23,15.88,23.47,60.16,0,0.0386,0
386.05,48.06,42.35,73.19,0,0.3176,0
326.39,62.21,56.39,95.99,0,0.5386,1
253.51,14.06,29.37,62.77,0,0.0659,0
9.11,0.0,27.67,52.71,0,0.0268,0
1212.51,48.86,40.3,54.93,0,0.6971,2
100.85,0.0,31.67,46.21,0,0.0443,0
43.11,5.23,17.91,24.78,0,0.0177,0
206.27,14.65,31.62,41.64,0,0.0652,0
297.82,28.56,26.94,84.3,0,0.1039,0
207.09,10.75,30.25,34.82,0,0.0574,0
212.49,15.64,32.42,80.24,0,0.0874,0
123.09,0.0,32.91,85.17,0,0.0695,0
249.37,24.19,27.25,48.79,0,0.0753,0
873.49,201.91,51.04,47.78,1,1.0,2
125.61,0.41,27.64,80.61,0,0.0512,0
223.72,0.0,22.06,66.64,0,0.0429,0
353.21,32.43,23.6,55.53,0,0.111,0
16.14,23.33,25.44,55.15,0,0.039,0
176.75,16.55,27.7,48.87,0,0.0443,0
195.99,9.29,25.17,49.26,0,0.0426,0
192.31,16.96,24.42,52.53,0,0.046,0
405.6,63.89,40.51,74.86,0,0.3855,1
234.14,16.75,25.33,54.74,0,0.0594,0
183.33,0.0,27.0,68.4,0,0.0426,0
1175.06,78.89,51.26,34.96,1,1.0,2
452.95,22.9,32.09,70.94,0,0.1939,0
242.18,10.26,17.38,49.31,0,0.0452,0
365.3,40.94,33.63,44.02,0,0.1749,0
361.67,16.67,30.62,81.5,0,0.1352,0
91.96,6.78,30.04,62.11,0,0.0427,0
341.66,18.17,29.39,37.78,0,0.0994,0
158.04,18.07,26.92,52.34,0,0.0478,0
345.93,185.49,43.78,47.46,0,0.681,2
174.89,0.0,19.2,67.69,0,0.0316,0
169.52,18.36,30.61,51.78,0,0.0561,0
149.84,15.32,24.0,17.12,0,0.0398,0
1101.09,145.34,47.89,39.88,1,1.0,2
121.56,27.59,21.98,60.72,0,0.0439,0
2.99,1.17,23.81,49.44,0,0.0204,0
102.48,16.04,29.88,82.79,0,0.0645,0
492.48,41.29,34.03,63.04,0,0.2688,0
222.05,2.12,27.49,77.9,0,0.0617,0
290.01,79.99,37.59,61.44,0,0.3663,1
213.07,18.36,30.56,83.7,0,0.079,0
278.12,14.43,31.29,34.7,0,0.0843,0
233.22,11.89,24.06,38.56,0,0.0463,0
152.38,12.61,27.9,65.12,0,0.0421,0
250.1,26.2,30.82,72.42,0,0.0908,0
49.11,23.51,27.16,71.4,0,0.0462,0
45.09,7.42,24.81,40.99,0,0.0242,0
362.96,74.77,32.92,56.23,0,0.3177,0
217.62,5.59,28.24,39.74,0,0.0504,0
870.17,165.63,47.89,31.51,1,1.0,2
405.94,44.04,35.67,47.94,0,0.231,0
280.02,13.51,30.47,59.3,0,0.0797,0
160.52,16.49,25.93,34.8,0,0.042,0
182.19,21.15,22.14,46.79,0,0.0458,0
430.13,46.94,39.65,82.17,0,0.336,0
100.76,34.91,29.83,55.31,0,0.0701,0
264.63,49.8,56.68,54.76,0,0.3965,1
174.85,78.95,39.82,53.57,0,0.3582,0
563.74,33.01,35.46,60.29,0,0.3184,0
1450.25,45.4,34.77,57.88,0,0.5597,1
133.34,7.98,17.66,77.06,0,0.035,0
440.38,30.05,46.59,70.75,0,0.3804,1
349.86,23.45,48.72,65.42,0,0.3071,0
556.62,38.33,34.73,56.7,0,0.3328,0
237.63,22.31,26.48,87.57,0,0.0857,0
127.8,10.13,20.51,56.68,0,0.0278,0
281.71,15.11,29.18,79.06,0,0.089,0
200.99,11.36,19.64,40.15,0,0.0357,0
414.17,26.5,36.18,66.95,0,0.2039,0
197.64,23.84,35.16,88.45,0,0.1173,0
723.9,109.21,55.11,61.45,1,1.0,2
369.15,54.15,35.57,78.95,0,0.2632,0
119.18,18.36,26.74,42.3,0,0.0409,0
349.78,190.82,36.72,54.7,0,0.5405,1
299.58,24.98,41.43,85.36,0,0.1936,0
1213.61,65.24,46.44,67.19,0,1.0,2
234.53,21.06,20.98,40.25,0,0.0544,0
278.25,25.68,23.14,66.17,0,0.0783,0
118.08,8.88,17.55,64.6,0,0.0294,0
137.55,8.81,31.72,60.1,0,0.0506,0
158.49,18.83,30.85,66.49,0,0.0621,0
61.69,9.11,27.71,52.61,0,0.0335,0
235.39,14.38,22.2,52.82,0,0.0483,0
428.98,58.67,36.3,78.56,0,0.3402,0
217.88,26.22,24.31,45.04,0,0.0597,0
233.46,9.23,28.42,55.0,0,0.0538,0
733.17,45.37,34.84,66.24,0,0.4952,1
228.05,20.02,20.1,68.03,0,0.0563,0
1126.83,71.74,44.41,76.29,0,0.9551,2
350.23,76.64,32.67,42.98,0,0.307,0
375.57,11.01,58.82,60.18,0,0.3604,1
197.47,7.29,19.64,62.53,0,0.0386,0
498.27,16.29,26.71,63.67,0,0.1936,0
43.02,14.69,33.2,29.38,0,0.0552,0
244.65,12.32,26.93,89.21,0,0.0786,0
369.91,47.89,37.63,91.45,0,0.2797,0
135.78,3.27,34.68,58.13,0,0.0587,0
963.47,77.27,36.0,64.62,0,0.7609,2
172.54,14.36,25.22,60.22,0,0.0444,0
154.97,26.09,20.31,48.14,0,0.0457,0
54.62,26.46,26.44,44.45,0,0.0441,0
794.84,32.71,28.7,70.4,0,0.4212,1
184.99,5.99,19.71,46.94,0,0.0336,0
74.34,7.17,18.18,75.46,0,0.0327,0
939.86,204.83,45.84,64.6,0,1.0,2
102.12,17.79,16.76,44.45,0,0.0318,0
200.03,3.53,26.37,57.97,0,0.0444,0
299.15,14.59,26.55,55.71,0,0.0757,0
826.66,137.3,56.09,15.04,1,1.0,2
1285.41,51.17,40.37,58.35,0,0.7507,2
180.89,12.25,19.69,57.18,0,0.0349,0
531.9,48.06,36.42,81.84,0,0.3638,1
476.21,62.0,62.59,75.41,0,0.7357,2
378.32,53.59,47.8,65.81,0,0.4277,1
564.23,41.44,27.51,76.8,0,0.2942,0
153.63,9.88,25.13,64.76,0,0.0391,0
10.45,10.28,16.11,48.48,0,0.0184,0
205.96,23.25,22.52,33.51,0,0.0501,0
523.74,44.87,31.78,65.19,0,0.297,0
221.26,0.0,29.14,54.93,0,0.0532,0
147.72,21.27,27.89,61.45,0,0.0513,0
212.84,25.0,23.94,61.59,0,0.0559,0
204.64,25.49,18.8,45.01,0,0.0514,0
264.66,15.3,25.66,34.21,0,0.0581,0
561.97,109.69,53.01,14.32,1,1.0,2
249.2,73.26,29.25,49.66,0,0.2303,0
38.99,18.62,23.54,56.66,0,0.0318,0
769.41,77.21,57.38,21.98,1,1.0,2
193.0,4.34,30.28,55.28,0,0.0537,0
630.61,16.87,28.8,56.64,0,0.3026,0
5.84,16.53,22.69,32.57,0,0.0245,0
950.23,83.18,48.35,29.76,1,1.0,2
106.92,30.1,23.57,38.44,0,0.0559,0
180.9,14.85,26.21,70.88,0,0.055,0
307.61,37.2,44.87,83.12,0,0.2946,0
63.76,16.96,22.55,53.67,0,0.0313,0
230.41,10.84,26.96,48.84,0,0.0543,0
178.9,10.39,21.7,66.93,0,0.0424,0
497.13,14.59,54.2,91.54,0,0.5208,1
348.61,44.73,44.28,77.21,0,0.3297,0
266.36,17.08,21.28,85.28,0,0.076,0
277.08,22.03,24.64,64.2,0,0.074,0
51.6,17.49,23.68,78.38,0,0.044,0
456.63,42.94,38.12,78.42,0,0.2879,0
280.4,39.55,24.95,90.36,0,0.1354,0
82.24,10.5,24.8,76.88,0,0.0422,0
1144.93,161.97,50.91,55.81,1,1.0,2
182.4,4.22,32.42,37.76,0,0.0539,0
324.86,75.6,53.74,77.35,0,0.6103,1
313.39,30.39,41.2,57.34,0,0.2146,0
316.73,10.74,25.23,58.97,0,0.0776,0
179.26,6.18,20.84,75.48,0,0.0441,0
86.88,16.27,24.21,63.82,0,0.035,0
882.12,84.79,36.27,45.39,1,1.0,2
94.16,21.54,27.06,61.57,0,0.05,0
76.12,5.79,29.08,57.95,0,0.035,0
685.26,184.38,53.61,39.27,1,1.0,2
144.79,21.43,23.71,59.21,0,0.0441,0
1214.92,68.59,34.2,50.21,0,0.6833,1
112.09,3.12,19.45,45.15,0,0.0237,0
266.45,26.13,25.97,70.05,0,0.0812,0
114.17,19.53,28.34,39.88,0,0.0474,0
90.8,1.97,23.26,64.93,0,0.0257,0
34.26,23.1,25.04,81.57,0,0.0532,0
138.64,16.33,21.51,60.78,0,0.0347,0
110.91,3.82,20.3,46.82,0,0.0244,0
251.57,19.73,20.28,65.2,0,0.0601,0
148.33,3.65,27.78,55.76,0,0.0356,0
182.12,15.76,41.3,47.98,0,0.1291,0
169.95,11.89,25.98,39.36,0,0.0394,0
6.07,15.38,29.97,50.16,0,0.0353,0
650.66,62.55,57.58,15.55,1,1.0,2
223.03,18.58,18.84,32.39,0,0.046,0
189.25,21.32,25.92,51.72,0,0.053,0
409.2,43.93,36.65,71.87,0,0.2633,0
440.56,35.51,51.58,66.29,0,0.4597,1
77.95,12.97,29.3,56.16,0,0.041,0
168.48,0.0,26.91,38.27,0,0.0366,0
217.83,45.21,53.58,73.62,0,0.3422,0
305.68,13.69,47.14,51.32,0,0.2379,0
93.18,7.67,17.06,46.39,0,0.0237,0
153.01,41.49,20.64,62.19,0,0.0717,0
359.85,69.61,58.42,65.42,0,0.6142,1
395.63,38.79,39.4,97.93,0,0.2927,0
87.13,2.44,21.9,44.14,0,0.0222,0
613.56,49.75,40.64,60.82,0,0.5399,1
251.78,3.45,33.81,52.94,0,0.0795,0
257.47,54.28,29.65,63.59,0,0.1552,0
0.0,24.41,34.59,57.95,0,0.0667,0
277.29,7.99,35.77,56.58,0,0.1128,0
15.96,19.17,25.72,38.81,0,0.0343,0
410.54,34.08,28.0,60.37,0,0.1541,0
132.49,20.3,26.5,90.62,0,0.0703,0
590.33,41.68,31.89,71.68,0,0.3384,0
466.38,147.84,26.9,47.28,0,0.489,1
438.96,35.36,42.66,65.44,0,0.3404,0
54.58,30.43,21.08,23.7,0,0.0413,0
119.67,13.92,12.7,37.36,0,0.0285,0
97.45,11.93,26.31,61.08,0,0.0329,0
222.8,14.63,17.83,53.5,0,0.0438,0
296.21,13.6,25.08,69.48,0,0.0707,0
177.65,22.78,28.78,88.9,0,0.0824,0
87.32,3.42,24.47,78.22,0,0.0384,0
206.22,28.16,41.11,54.88,0,0.1592,0
223.94,33.22,31.94,57.66,0,0.0948,0
278.01,51.13,36.56,58.97,0,0.2026,0
305.66,8.35,23.24,57.61,0,0.0636,0
383.5,50.18,34.35,82.05,0,0.241,0
128.48,27.19,30.76,65.97,0,0.0638,0
193.53,40.87,45.67,48.19,0,0.2317,0
144.65,16.99,32.25,63.66,0,0.064,0
340.16,21.96,18.95,60.83,0,0.0848,0
65.53,20.84,24.11,41.69,0,0.0388,0
88.35,7.25,27.68,61.3,0,0.035,0
180.11,19.56,29.97,52.7,0,0.0637,0
186.27,9.85,30.05,82.76,0,0.0697,0
162.45,29.72,21.12,51.58,0,0.0547,0
76.95,19.05,33.52,70.28,0,0.0668,0
206.72,19.72,27.15,55.52,0,0.0588,0
188.53,19.06,25.93,61.88,0,0.0497,0
124.85,8.77,21.34,51.56,0,0.028,0
503.92,25.65,36.55,52.96,0,0.2919,0
3.48,21.77,17.92,30.97,0,0.0277,0
347.05,10.03,45.92,60.71,0,0.249,0
192.92,10.73,34.78,76.64,0,0.0798,0
136.6,22.9,27.5,76.46,0,0.0619,0
255.73,2.92,27.01,48.85,0,0.0527,0
122.25,19.32,22.24,46.92,0,0.0343,0
255.11,76.51,35.43,70.63,0,0.3294,0
234.83,3.47,20.82,41.04,0,0.0419,0
161.93,1.76,31.87,76.57,0,0.062,0
179.65,15.81,23.2,66.72,0,0.0441,0
191.76,22.64,14.99,84.55,0,0.0638,0
325.29,53.59,56.48,81.06,0,0.446,1
282.79,12.71,22.03,55.93,0,0.059,0
242.13,58.56,20.99,60.26,0,0.1564,0
440.83,51.89,33.99,74.09,0,0.2854,0
612.33,16.39,25.14,72.68,0,0.2734,0
150.68,18.6,25.59,44.9,0,0.0438,0
25.36,20.98,39.36,39.1,0,0.0947,0
55.75,3.82,21.78,44.36,0,0.019,0
212.16,10.73,30.83,38.69,0,0.0613,0
104.35,11.14,22.99,28.17,0,0.0286,0
197.62,13.19,32.18,43.12,0,0.0595,0
286.35,62.43,24.85,58.23,0,0.1793,0
171.8,21.45,33.47,56.89,0,0.08,0
155.1,9.53,30.56,74.15,0,0.0523,0
357.77,86.23,29.25,57.03,0,0.3249,0
243.92,12.83,19.07,35.92,0,0.0447,0
237.88,9.22,28.22,68.88,0,0.0662,0
256.15,23.2,20.37,51.64,0,0.0592,0
81.04,5.95,19.38,44.15,0,0.0222,0
281.86,6.6,27.83,35.56,0,0.0657,0
64.38,14.89,19.78,47.51,0,0.0244,0
250.29,10.72,25.1,60.41,0,0.0548,0
1021.02,122.56,35.99,50.78,0,0.8644,2
177.71,7.03,29.93,72.48,0,0.0566,0
338.72,19.54,40.9,71.99,0,0.2138,0
54.7,11.29,21.43,44.61,0,0.0256,0
126.68,5.1,22.86,52.16,0,0.027,0
19.1,9.63,25.51,41.12,0,0.0265,0
183.91,6.33,25.29,48.95,0,0.0391,0
474.79,52.5,27.87,58.52,0,0.2475,0
260.1,10.37,16.44,48.29,0,0.0498,0
294.43,14.85,22.76,50.07,0,0.0685,0
204.76,17.03,21.19,43.33,0,0.0429,0
279.47,14.43,23.55,63.17,0,0.0623,0
342.4,36.07,40.41,59.86,0,0.2165,0
44.17,15.34,24.89,56.97,0,0.0339,0
179.99,16.52,35.67,92.64,0,0.1095,0
68.3,22.33,30.06,54.88,0,0.0499,0
426.56,29.22,27.99,68.33,0,0.157,0
143.73,33.05,26.7,59.19,0,0.0691,0
96.34,0.0,25.74,34.81,0,0.0264,0
189.06,17.12,25.52,53.99,0,0.0491,0
345.24,35.74,52.0,73.31,0,0.3615,1
349.91,89.91,27.41,58.88,0,0.332,1
459.53,35.18,36.18,80.05,0,0.2571,0
116.65,21.79,24.8,54.79,0,0.0447,0
214.13,7.87,25.22,73.84,0,0.0554,0
385.65,34.45,44.09,78.56,0,0.3172,0
209.38,23.46,31.48,54.04,0,0.0666,0
181.61,20.92,23.79,63.79,0,0.0488,0
227.7,4.43,26.65,64.5,0,0.0497,0
334.4,34.01,51.2,75.86,0,0.3433,1
355.47,82.85,23.81,61.58,0,0.295,0
196.54,11.69,28.99,68.28,0,0.059,0
1147.42,179.01,50.23,87.97,0,1.0,2
227.59,9.16,23.06,53.27,0,0.0451,0
129.49,10.67,26.64,41.23,0,0.039,0
265.26,28.16,46.25,60.02,0,0.237,0
375.45,30.62,61.01,80.31,0,0.4257,1
160.49,19.29,36.17,66.23,0,0.0969,0
203.09,22.27,22.91,56.91,0,0.0495,0
269.43,14.48,34.71,87.68,0,0.1221,0
292.64,8.99,26.74,59.56,0,0.0705,0
34.69,17.97,31.46,28.59,0,0.0478,0
241.0,16.43,22.89,31.39,0,0.0531,0
284.15,14.11,29.57,61.07,0,0.0789,0
269.07,11.51,33.38,63.53,0,0.0938,0
269.91,13.09,20.81,69.36,0,0.058,0
56.43,23.49,24.64,65.74,0,0.0432,0
517.44,33.33,25.13,51.45,0,0.216,0
159.68,10.64,22.12,38.85,0,0.0332,0
57.22,4.13,14.45,20.37,0,0.0186,0
159.46,14.26,17.64,43.1,0,0.0322,0
24.97,17.35,31.49,47.72,0,0.0425,0
188.31,23.83,29.72,68.83,0,0.0666,0
161.1,17.77,28.18,42.46,0,0.0503,0
80.98,4.54,20.8,57.36,0,0.022,0
445.34,42.32,31.02,66.62,0,0.2073,0
121.06,5.71,22.07,87.97,0,0.0504,0
143.67,21.78,20.22,55.21,0,0.0418,0
161.68,10.49,20.45,70.48,0,0.0357,0
274.8,8.2,24.69,48.1,0,0.0538,0
156.8,25.66,26.4,59.55,0,0.0564,0
215.04,0.0,22.52,85.94,0,0.0579,0
128.33,30.46,20.48,52.21,0,0.044,0
123.36,11.76,27.18,77.39,0,0.0504,0
295.4,60.88,23.26,56.95,0,0.1798,0
48.37,15.3,26.64,46.4,0,0.0342,0
580.6,34.63,37.5,55.76,0,0.3617,1
231.15,26.56,22.28,85.27,0,0.0824,0
90.73,8.6,25.45,52.7,0,0.0296,0
154.51,5.78,23.19,56.15,0,0.0319,0
166.68,11.89,24.01,41.63,0,0.0377,0
60.29,14.72,19.13,50.13,0,0.025,0
401.21,234.98,30.5,40.56,0,0.4597,1
181.13,15.89,26.02,69.39,0,0.0501,0
328.63,33.12,45.14,67.04,0,0.2653,0
290.15,13.32,19.81,68.25,0,0.069,0
126.79,19.48,23.69,88.64,0,0.0616,0
127.34,21.07,25.96,52.63,0,0.0483,0
422.95,48.58,26.68,68.25,0,0.2008,0
152.89,2.5,28.19,65.25,0,0.0422,0
375.5,14.18,42.34,51.59,0,0.2437,0
255.82,15.15,33.04,67.94,0,0.0936,0
11.0,24.86,27.07,55.28,0,0.0408,0
123.44,20.57,25.27,75.93,0,0.0533,0
530.48,45.43,24.96,48.04,0,0.2598,0
148.26,2.87,23.84,72.35,0,0.0389,0
395.44,40.37,50.23,78.93,0,0.4228,1
146.67,22.43,26.62,93.05,0,0.0792,0
0.0,0.0,19.14,50.79,0,0.0148,0
259.57,4.56,19.24,38.59,0,0.047,0
440.02,38.52,38.72,76.89,0,0.2894,0
315.47,27.35,39.49,88.33,0,0.1922,0
183.59,8.73,24.49,55.2,0,0.0418,0
90.88,13.52,30.12,25.09,0,0.0402,0
375.51,51.52,49.25,67.49,0,0.4004,1
37.37,23.86,23.21,58.93,0,0.0389,0
304.19,82.26,25.91,46.95,0,0.276,0
424.23,44.82,38.59,85.64,0,0.2762,0
237.22,75.52,25.56,72.27,0,0.2187,0
96.32,0.0,17.3,73.67,0,0.0284,0
727.36,92.73,52.4,52.66,1,1.0,2
3.24,16.4,25.59,65.46,0,0.0315,0
176.9,8.32,29.32,57.82,0,0.0454,0
273.06,18.93,18.56,53.39,0,0.0592,0
68.93,1.19,32.97,55.48,0,0.0425,0
146.15,18.3,25.16,73.12,0,0.0511,0
188.56,74.19,28.87,55.75,0,0.2246,0
194.44,18.76,18.61,82.25,0,0.0581,0
212.55,22.1,46.6,73.14,0,0.214,0
801.59,156.7,53.35,86.85,0,1.0,2
223.17,19.91,24.44,92.05,0,0.0841,0
120.64,22.91,26.51,66.74,0,0.055,0
254.49,35.02,42.35,65.79,0,0.2209,0
216.03,10.66,21.4,76.8,0,0.0506,0
130.89,9.95,25.18,53.45,0,0.0322,0
179.26,19.13,32.69,53.38,0,0.0744,0
482.98,32.19,35.92,55.3,0,0.2663,0
902.22,59.23,28.68,77.19,0,0.5303,1
265.12,33.05,37.19,59.54,0,0.157,0
216.21,2.87,26.53,43.41,0,0.0457,0
393.2,29.33,40.8,56.98,0,0.2447,0
116.14,8.49,22.33,53.9,0,0.0282,0
14.78,8.78,25.81,76.07,0,0.0349,0
371.17,58.26,39.96,75.7,0,0.3349,1
453.43,196.68,28.5,49.3,0,0.48,1
223.46,10.24,18.26,65.74,0,0.044,0
317.33,96.5,30.1,63.64,0,0.3554,0
229.47,13.93,29.77,98.9,0,0.0963,0
133.75,23.99,25.88,55.93,0,0.0484,0
181.81,17.97,29.6,88.83,0,0.0781,0
1118.79,82.06,35.94,61.57,0,0.7692,2
95.87,22.05,24.8,48.44,0,0.0392,0
266.94,1.23,30.71,62.23,0,0.0694,0
252.78,18.23,43.17,54.47,0,0.1828,0
612.13,151.99,74.33,14.42,1,1.0,2
414.96,27.14,51.35,87.45,0,0.4202,1
151.05,9.74,18.95,48.9,0,0.0293,0
474.77,40.39,35.74,54.81,0,0.2703,0
886.04,50.07,36.85,67.64,0,0.6208,1
243.03,8.35,25.46,51.77,0,0.0494,0
330.64,18.15,29.45,51.76,0,0.0911,0
113.98,22.99,38.76,77.74,0,0.1197,0
506.53,58.13,43.27,72.12,0,0.5038,1
44.06,9.21,24.92,77.9,0,0.0397,0
244.73,22.03,30.65,68.65,0,0.085,0
161.46,25.51,31.75,85.6,0,0.0898,0
307.96,8.69,23.32,40.79,0,0.0651,0
452.29,112.87,34.25,70.9,0,0.5399,1
380.73,45.04,36.1,62.09,0,0.2275,0
670.57,96.58,40.87,66.93,0,0.8227,2
50.59,0.0,27.93,44.33,0,0.0278,0
203.6,17.86,30.5,80.01,0,0.0775,0
176.11,8.75,43.94,56.85,0,0.1521,0
161.91,15.84,25.18,50.42,0,0.0436,0
275.07,20.54,20.81,79.92,0,0.0798,0
214.96,7.99,24.51,45.7,0,0.0401,0
174.85,24.35,28.24,58.38,0,0.0594,0
413.15,57.96,40.3,76.57,0,0.3603,0
268.18,34.08,18.69,68.33,0,0.0871,0
81.75,10.28,25.88,55.2,0,0.031,0
266.07,40.61,31.85,41.76,0,0.1273,0
866.96,182.14,50.79,58.0,1,1.0,2
202.47,17.06,20.74,64.92,0,0.046,0
69.53,9.41,21.68,58.67,0,0.025,0
161.06,17.33,20.38,52.26,0,0.0385,0
233.41,2.94,33.86,54.96,0,0.0769,0
210.35,7.12,19.4,39.4,0,0.0376,0
176.64,27.24,28.45,77.45,0,0.0792,0
533.11,35.21,49.3,82.09,0,0.5705,1
387.06,51.4,35.66,81.4,0,0.25,0
240.48,11.6,18.73,47.76,0,0.0471,0
149.6,29.19,23.95,92.29,0,0.0763,0
131.24,3.56,22.37,65.93,0,0.03,0
307.82,31.43,45.59,74.39,0,0.2725,0
166.78,11.0,25.91,70.05,0,0.0455,0
265.91,27.11,22.35,34.79,0,0.0646,0
41.9,10.61,16.15,56.55,0,0.0218,0
115.84,2.64,25.28,47.4,0,0.0278,0
276.44,7.2,21.47,53.53,0,0.0529,0
245.95,17.54,24.59,50.88,0,0.0564,0
120.06,9.68,25.68,45.9,0,0.034,0
117.19,20.17,20.67,32.74,0,0.0377,0
134.47,0.47,26.83,75.29,0,0.0412,0
180.0,20.4,34.03,83.41,0,0.0916,0
160.51,18.56,26.3,49.43,0,0.0446,0
144.4,19.24,23.04,47.46,0,0.0401,0
1193.75,88.21,26.45,47.75,0,0.652,1
212.95,26.09,26.53,61.71,0,0.0652,0
10.14,6.43,23.8,34.85,0,0.0207,0
806.42,164.5,48.88,33.76,1,1.0,2
303.05,15.51,25.41,38.26,0,0.066,0
261.77,13.97,30.32,89.71,0,0.0964,0
226.46,8.67,21.24,40.72,0,0.0405,0
295.77,71.51,41.04,40.82,0,0.3713,0
121.88,10.17,28.08,84.68,0,0.0575,0
189.48,17.46,20.27,55.59,0,0.0405,0
186.26,19.1,23.92,68.68,0,0.0514,0
91.64,28.5,30.8,58.54,0,0.0722,0
549.57,52.66,26.45,44.79,0,0.2986,0
164.1,18.26,29.66,53.21,0,0.0573,0
689.21,123.1,53.45,21.04,1,1.0,2
505.25,40.91,34.92,74.1,0,0.2898,0
1115.69,49.39,39.69,76.29,0,0.7127,2
549.48,156.31,62.41,48.46,1,1.0,2
232.92,22.18,30.05,76.07,0,0.0812,0
176.84,22.24,25.5,42.71,0,0.0494,0
79.31,16.95,30.08,45.97,0,0.0479,0
281.5,11.6,26.72,62.3,0,0.066,0
230.28,11.78,30.3,67.27,0,0.0663,0
193.72,30.01,18.08,57.55,0,0.0556,0
458.07,204.06,29.85,52.72,0,0.501,1
206.73,19.6,29.1,51.44,0,0.0615,0
0.0,19.33,19.89,46.33,0,0.0245,0
323.55,16.11,30.2,83.76,0,0.1176,0
422.79,40.93,40.36,82.46,0,0.2986,0
229.19,10.48,30.9,39.71,0,0.0629,0
159.18,1.21,21.76,44.38,0,0.0295,0
84.97,25.54,20.14,64.4,0,0.0386,0
153.91,9.13,29.0,56.86,0,0.0457,0
88.59,28.34,26.44,39.51,0,0.0488,0
556.75,28.78,38.63,63.27,0,0.3673,0
342.51,18.94,20.08,70.43,0,0.0856,0
69.42,13.4,31.01,50.18,0,0.0439,0
210.44,22.56,25.5,69.06,0,0.059,0
150.4,9.52,23.73,44.39,0,0.0329,0
541.27,181.51,34.83,50.55,0,0.6408,1
177.08,25.68,29.84,86.24,0,0.0844,0
195.94,18.1,32.0,78.52,0,0.0801,0
394.26,14.51,54.02,81.85,0,0.3881,1
112.98,1.74,25.52,66.74,0,0.0314,0
420.89,40.2,34.86,81.84,0,0.2482,0
949.86,70.0,30.48,52.88,0,0.5805,1
211.59,2.61,14.43,83.79,0,0.0516,0
122.89,7.2,27.89,75.56,0,0.0448,0
221.93,6.1,29.14,42.21,0,0.0547,0
450.97,10.16,41.75,63.29,0,0.2668,0
200.36,14.84,24.35,72.26,0,0.0557,0
409.26,21.41,30.94,55.17,0,0.144,0
261.89,19.66,21.79,79.72,0,0.077,0
466.16,34.2,33.37,58.47,0,0.2122,0
89.79,5.97,14.67,58.45,0,0.0216,0
298.19,22.48,32.07,96.68,0,0.1267,0
384.4,39.19,62.01,62.36,0,0.4496,1
189.55,23.74,24.31,70.74,0,0.0609,0
370.26,26.3,32.89,51.53,0,0.1436,0
224.99,16.65,29.12,67.98,0,0.068,0
143.82,6.93,28.08,68.7,0,0.0451,0
262.81,20.54,23.75,77.58,0,0.0737,0
101.48,26.74,22.2,56.25,0,0.0431,0
502.19,36.36,29.02,63.27,0,0.2365,0
137.34,0.73,25.62,38.45,0,0.0311,0
43.47,20.42,29.42,30.94,0,0.0479,0
137.43,1.24,29.13,50.97,0,0.0375,0
261.91,1.31,30.15,59.04,0,0.0709,0
187.1,29.21,22.09,42.71,0,0.0587,0
89.12,4.78,26.3,61.75,0,0.0294,0
357.65,72.52,29.68,52.06,0,0.2736,0
92.64,32.46,28.09,66.22,0,0.0638,0
470.74,160.07,32.66,46.48,0,0.5477,1
348.1,76.58,30.78,46.08,0,0.2804,0
369.75,41.52,53.63,65.71,0,0.4147,1
253.06,2.78,21.41,48.26,0,0.0439,0
191.29,0.0,35.22,45.15,0,0.0763,0
1103.5,119.26,47.29,62.28,0,1.0,2
134.6,0.0,27.78,54.19,0,0.0339,0
106.49,9.49,21.92,41.9,0,0.0275,0
160.34,15.66,24.05,76.13,0,0.0492,0
310.8,7.5,23.87,80.72,0,0.0866,0
235.88,15.01,23.33,92.5,0,0.0779,0
333.94,9.6,36.1,43.3,0,0.1291,0
78.2,22.11,25.61,63.87,0,0.0439,0
109.02,3.86,19.57,72.63,0,0.0329,0
43.88,0.0,28.25,63.27,0,0.031,0
228.18,22.67,31.22,19.76,0,0.0823,0
122.83,12.96,23.93,36.73,0,0.0305,0
243.89,13.64,27.61,94.09,0,0.0857,0
407.45,43.63,40.14,80.25,0,0.3047,0
296.65,44.91,31.56,58.42,0,0.1448,0
151.88,8.97,20.87,36.99,0,0.0301,0
127.11,9.97,27.63,36.74,0,0.0365,0
84.51,19.0,18.22,54.8,0,0.0297,0
458.67,39.05,21.76,69.87,0,0.1894,0
288.64,37.57,40.33,62.15,0,0.1903,0
138.54,7.25,31.75,52.85,0,0.0491,0
104.95,32.53,27.17,43.35,0,0.055,0
64.15,12.82,22.71,68.72,0,0.0344,0
270.58,15.28,31.44,36.99,0,0.082,0
1143.22,21.21,36.33,53.45,0,0.5489,1
74.45,21.0,28.78,81.82,0,0.057,0
331.38,21.83,36.4,81.39,0,0.1628,0
50.18,2.47,23.43,74.25,0,0.0329,0
219.84,5.19,20.61,48.8,0,0.0389,0
331.35,50.81,28.98,59.98,0,0.1721,0
179.49,20.84,33.46,36.21,0,0.073,0
400.4,111.96,23.9,48.92,0,0.4017,1
129.24,4.83,41.83,34.69,0,0.128,0
165.21,3.11,20.13,66.82,0,0.0339,0
72.58,4.95,22.22,50.31,0,0.0239,0
7.09,30.45,27.61,69.19,0,0.0554,0
258.56,157.99,42.52,58.17,0,0.5822,1
457.1,57.4,39.35,75.28,0,0.3705,1
196.22,4.52,22.88,79.15,0,0.0482,0
88.94,28.69,22.73,54.14,0,0.0478,0
197.52,0.22,28.65,46.52,0,0.0435,0
309.46,13.95,31.31,47.49,0,0.0905,0
461.59,35.76,27.34,56.8,0,0.1971,0
166.35,16.4,29.79,63.04,0,0.0579,0
133.32,1.66,24.4,57.09,0,0.0306,0
83.98,19.4,28.5,75.03,0,0.0549,0
119.69,6.19,23.66,79.19,0,0.0442,0
90.13,27.56,22.59,48.85,0,0.0442,0
217.91,9.94,25.08,41.89,0,0.045,0
23.52,8.07,15.43,63.61,0,0.0213,0
314.39,33.32,45.88,78.18,0,0.2815,0
243.5,26.0,21.56,47.77,0,0.0633,0
405.69,44.45,34.99,76.45,0,0.2449,0
63.26,26.98,23.65,51.92,0,0.0446,0
154.13,31.15,26.82,86.96,0,0.088,0
904.3,131.64,45.45,50.0,0,1.0,2
232.59,6.95,28.5,70.03,0,0.0573,0
143.92,7.44,34.18,58.92,0,0.0689,0
105.9,16.61,26.84,48.05,0,0.0318,0
363.41,59.73,41.37,78.64,0,0.3509,0
55.78,17.11,25.54,57.01,0,0.033,0
4.27,2.39,26.11,57.34,0,0.0253,0
253.58,12.62,26.43,53.01,0,0.0584,0
221.62,18.12,31.18,34.29,0,0.069,0
4.43,5.94,30.99,41.73,0,0.0368,0
211.77,12.3,28.57,65.86,0,0.0552,0
48.88,19.29,30.78,68.19,0,0.0558,0
20.97,30.9,24.35,36.84,0,0.0456,0
443.81,21.98,56.25,79.03,0,0.476,1
143.92,17.83,23.04,64.77,0,0.0431,0
238.06,40.11,48.49,54.77,0,0.2919,0
875.16,113.44,47.7,89.46,0,1.0,2
332.29,26.68,48.77,86.18,0,0.2998,0
117.6,30.66,33.91,19.89,0,0.0823,0
456.48,44.16,35.34,61.7,0,0.2569,0
293.86,6.97,22.35,28.5,0,0.0597,0
235.03,9.96,19.31,46.39,0,0.0423,0
1319.21,58.32,33.04,55.77,0,0.5907,1
683.77,50.87,36.91,52.2,0,0.507,1
68.87,7.5,31.73,51.89,0,0.0395,0
95.74,6.84,30.1,51.71,0,0.0382,0
179.01,30.84,26.92,93.79,0,0.0923,0
1242.82,52.04,40.26,58.36,0,0.7348,2
203.53,15.22,30.29,41.87,0,0.055,0
1017.46,188.46,51.09,81.35,0,1.0,2
139.52,14.49,30.83,62.38,0,0.0496,0
384.76,182.07,39.16,68.35,0,0.6144,1
207.12,0.0,34.03,31.7,0,0.0628,0
438.79,167.29,51.57,13.08,1,1.0,2
125.57,9.97,29.46,49.46,0,0.0448,0
139.76,18.42,25.28,51.2,0,0.0392,0
195.49,14.81,26.79,58.36,0,0.0483,0
378.22,40.79,39.74,69.87,0,0.2731,0
303.36,62.07,38.23,73.08,0,0.2932,0
1079.78,76.67,28.32,56.32,0,0.6203,1
298.5,61.28,49.8,69.43,0,0.4345,1
158.53,25.06,27.54,71.82,0,0.0612,0
123.51,12.76,21.82,67.3,0,0.0361,0
168.21,9.27,20.53,36.54,0,0.0311,0
195.15,24.09,27.73,77.3,0,0.0729,0
326.26,18.04,26.56,37.19,0,0.0858,0
821.73,75.31,37.04,55.05,0,0.6947,2
260.47,22.78,25.75,57.21,0,0.0699,0
142.56,28.67,23.09,49.52,0,0.0505,0
366.39,5.68,22.21,97.24,0,0.1164,0
67.9,11.83,25.01,75.48,0,0.0375,0
993.85,130.98,52.79,70.68,0,1.0,2
81.75,14.67,27.26,51.13,0,0.0363,0
277.94,24.88,24.41,46.56,0,0.0695,0
424.75,45.37,43.51,72.74,0,0.3626,0
198.05,16.15,29.5,55.91,0,0.0517,0
255.92,15.0,30.98,43.62,0,0.0738,0
93.48,2.56,29.19,45.0,0,0.0327,0
1385.45,35.03,39.57,62.7,0,0.6436,1
211.29,9.97,25.93,61.44,0,0.0506,0
808.67,54.06,37.22,56.7,0,0.5852,1
781.45,93.47,45.95,62.95,0,1.0,2
916.8,88.79,41.32,53.17,0,0.9664,2
704.42,102.35,35.18,60.55,0,0.7252,2
857.93,16.89,38.14,78.58,0,0.5372,1
66.58,18.85,24.62,45.16,0,0.0335,0
16.84,18.04,27.02,74.92,0,0.0409,0
155.53,14.9,24.96,67.77,0,0.0468,0
955.1,138.43,47.27,69.81,0,1.0,2
428.93,235.76,26.45,64.25,0,0.4648,1
495.75,47.94,29.17,62.57,0,0.2567,0
347.94,162.43,34.54,41.0,0,0.4918,1
344.95,20.96,49.23,82.77,0,0.3051,0
152.97,20.04,22.68,57.02,0,0.0394,0
1351.32,56.12,38.6,75.98,0,0.7203,2
124.0,22.72,29.31,45.88,0,0.0542,0
142.67,23.04,27.32,53.39,0,0.05,0
227.67,6.22,30.65,46.52,0,0.0566,0
169.25,9.37,21.67,49.26,0,0.0346,0
409.63,51.43,33.85,73.04,0,0.2572,0
798.15,71.81,41.38,54.73,0,0.7815,2
251.14,30.25,40.53,51.0,0,0.1847,0
714.23,140.02,54.54,29.58,1,1.0,2
291.05,14.44,26.65,48.26,0,0.07,0
329.79,42.3,42.03,73.03,0,0.2723,0
69.76,4.09,16.4,58.49,0,0.0182,0
202.11,0.35,30.92,52.2,0,0.0559,0
174.51,24.41,24.19,47.17,0,0.0511,0
356.0,26.67,23.32,67.42,0,0.1065,0
187.0,65.8,30.48,45.06,0,0.2,0
170.37,26.55,21.92,52.15,0,0.0499,0
122.9,12.82,28.65,53.58,0,0.04,0
144.1,6.68,30.79,46.76,0,0.0453,0
186.19,4.65,31.29,82.13,0,0.0681,0
407.15,162.89,27.75,52.43,0,0.4418,1
191.77,7.55,23.9,54.89,0,0.0375,0
72.11,32.31,20.09,69.68,0,0.0572,0
230.62,91.32,23.52,54.48,0,0.2813,0
177.81,0.0,25.78,74.85,0,0.0428,0
238.03,13.62,28.0,58.16,0,0.059,0
160.18,13.02,25.26,76.71,0,0.0503,0
187.87,5.58,22.73,72.49,0,0.0436,0
126.42,7.29,21.59,51.61,0,0.0289,0
28.26,32.71,16.4,39.69,0,0.0379,0
141.62,3.3,25.16,58.72,0,0.032,0
444.48,31.03,28.4,59.6,0,0.1797,0
203.44,18.17,21.39,62.05,0,0.0498,0
328.47,53.07,51.29,81.03,0,0.4488,1
253.82,11.5,30.52,47.38,0,0.0668,0
117.78,27.55,36.33,79.37,0,0.107,0
265.8,5.39,26.78,52.94,0,0.0604,0
199.38,11.48,20.02,29.4,0,0.0378,0
510.5,45.73,46.02,69.8,0,0.5141,1
133.59,17.63,13.73,78.95,0,0.0471,0
794.12,128.83,57.34,61.55,0,1.0,2
175.47,16.19,29.97,30.55,0,0.0518,0
405.9,153.62,46.23,38.19,0,0.7875,2
219.12,5.22,25.04,56.07,0,0.0462,0
299.5,8.66,30.8,31.41,0,0.079,0
290.06,34.59,19.91,67.7,0,0.0937,0
447.55,26.31,34.39,56.03,0,0.2072,0
233.04,12.5,20.18,48.64,0,0.0422,0
256.34,25.05,45.63,71.91,0,0.2315,0
5.6,12.57,29.49,57.03,0,0.0364,0
123.26,24.75,25.59,59.6,0,0.0473,0
215.18,7.39,17.06,65.97,0,0.0396,0
273.35,34.76,26.37,96.24,0,0.1203,0
1037.02,63.76,28.85,53.32,0,0.5594,1
202.67,18.05,24.47,49.29,0,0.0457,0
283.2,22.71,18.13,51.79,0,0.062,0
332.82,31.04,45.74,66.16,0,0.282,0
114.39,18.36,21.24,76.7,0,0.0484,0
155.09,7.53,22.5,64.9,0,0.0335,0
148.85,14.67,25.09,61.81,0,0.0443,0
226.92,5.79,16.67,52.44,0,0.0389,0
143.17,5.55,28.57,42.66,0,0.0394,0
227.39,12.84,26.77,50.65,0,0.0512,0
267.67,23.53,35.14,63.14,0,0.109,0
1096.7,45.64,33.12,64.56,0,0.5518,1
142.69,22.99,24.19,48.37,0,0.0452,0
32.93,21.08,24.84,53.99,0,0.0359,0
319.13,41.97,32.27,48.79,0,0.143,0
373.95,55.76,35.38,65.18,0,0.2381,0
148.21,29.0,15.3,43.45,0,0.0425,0
69.91,14.73,27.63,44.15,0,0.0363,0
113.94,2.92,20.73,62.33,0,0.0264,0
228.35,2.5,22.35,42.42,0,0.0409,0
242.31,11.89,26.05,27.89,0,0.0533,0
215.58,23.28,19.5,69.51,0,0.0618,0
117.5,21.07,24.18,60.79,0,0.0444,0
139.58,21.02,20.63,62.72,0,0.0435,0
239.23,19.73,29.72,79.01,0,0.0812,0
338.55,15.12,26.77,51.81,0,0.089,0
676.45,125.6,47.56,59.14,0,1.0,2
135.06,21.8,22.47,60.17,0,0.0417,0
212.23,25.93,22.29,57.83,0,0.0583,0
238.7,79.65,34.09,67.4,0,0.3085,0
802.63,80.52,28.58,47.82,0,0.5889,1
200.25,0.94,22.37,42.37,0,0.0356,0
399.2,38.43,34.97,71.32,0,0.1971,0
95.25,17.38,27.77,46.74,0,0.0407,0
309.84,17.28,34.89,68.93,0,0.1233,0
221.75,29.17,16.06,91.9,0,0.0832,0
101.89,8.22,27.79,63.69,0,0.0348,0
5.16,4.01,24.69,63.55,0,0.0245,0
71.72,12.91,23.01,81.47,0,0.0457,0
78.02,13.51,20.24,54.94,0,0.0275,0
481.15,183.74,34.09,73.88,0,0.5983,1
176.71,26.57,39.26,89.94,0,0.144,0
791.58,246.79,49.04,46.48,1,1.0,2
193.97,11.84,30.65,61.51,0,0.0591,0
133.76,5.14,17.73,50.2,0,0.0287,0
122.21,27.24,32.85,46.5,0,0.0746,0
938.19,86.51,52.05,74.99,0,1.0,2
247.12,9.12,25.95,55.75,0,0.0575,0
219.8,10.56,26.29,62.67,0,0.0516,0
49.74,20.96,31.92,84.59,0,0.0711,0
285.23,22.0,43.15,71.01,0,0.2089,0
876.42,108.33,31.98,51.91,0,0.7375,2
143.92,17.19,29.6,60.49,0,0.057,0
338.84,196.93,33.17,62.86,0,0.456,1
99.87,25.53,23.09,64.52,0,0.0483,0
146.74,14.29,31.52,45.92,0,0.0529,0
331.03,84.56,36.05,59.49,0,0.3672,1
408.79,37.65,39.0,76.3,0,0.2635,0
392.77,55.56,34.56,63.46,0,0.2624,0
916.27,98.71,48.98,55.28,1,1.0,2
337.8,39.66,42.67,90.91,0,0.28,0
190.34,18.78,21.06,57.41,0,0.0439,0
69.38,35.57,26.44,52.89,0,0.0631,0
151.41,6.69,27.68,66.26,0,0.0381,0
242.22,29.11,27.46,88.46,0,0.0985,0
211.46,44.01,54.64,69.68,0,0.3258,0
193.3,10.17,30.31,64.51,0,0.059,0
122.64,15.31,27.47,59.12,0,0.0435,0
172.4,4.43,28.41,55.59,0,0.0417,0
198.38,1.28,26.48,42.8,0,0.041,0
158.91,21.88,23.58,74.87,0,0.0552,0
197.01,16.18,21.0,46.42,0,0.0427,0
61.46,20.49,25.75,42.71,0,0.0398,0
83.59,16.84,18.47,45.4,0,0.0266,0
106.85,17.19,21.32,55.71,0,0.0321,0
405.64,6.64,25.42,68.23,0,0.117,0
162.56,15.86,20.84,22.82,0,0.0359,0
958.95,90.76,39.9,73.53,0,0.9566,2
43.93,13.45,18.12,51.7,0,0.0219,0
222.59,153.76,29.0,44.87,0,0.3805,1
18.2,6.85,21.44,65.89,0,0.0232,0
593.88,32.1,28.73,62.42,0,0.2957,0
108.2,28.48,33.12,49.35,0,0.0731,0
332.63,29.88,45.74,58.45,0,0.2805,0
180.86,8.49,27.68,75.17,0,0.0534,0
252.76,13.59,20.69,68.6,0,0.0547,0
752.58,118.53,52.29,44.12,1,1.0,2
452.9,36.04,35.86,76.29,0,0.2489,0
223.99,23.3,25.76,74.15,0,0.0733,0
270.74,10.5,27.22,49.64,0,0.0614,0
59.87,24.17,26.03,52.65,0,0.042,0
164.93,19.55,26.76,49.67,0,0.0458,0
159.26,23.56,22.2,83.13,0,0.0629,0
167.67,20.14,24.81,59.03,0,0.0455,0
45.01,22.5,25.02,53.35,0,0.0396,0
168.2,31.18,29.69,46.58,0,0.0653,0
295.5,7.9,24.2,57.76,0,0.0669,0
177.53,13.15,34.83,94.82,0,0.0999,0
289.16,73.26,35.32,75.95,0,0.3242,0
117.06,10.53,28.08,45.38,0,0.0362,0
101.09,26.74,30.16,44.97,0,0.0619,0
237.45,7.66,20.38,44.47,0,0.0451,0
115.93,1.03,29.48,49.26,0,0.036,0
221.97,4.73,28.67,45.83,0,0.0511,0
997.68,154.95,46.04,81.53,0,1.0,2
342.83,174.39,42.54,53.0,0,0.649,1
242.62,6.87,33.22,45.84,0,0.0752,0
1155.08,57.86,36.35,83.82,0,0.68,2
988.0,141.66,40.83,70.36,0,1.0,2
121.21,11.34,28.59,36.34,0,0.0377,0
519.06,33.77,37.21,64.24,0,0.2997,0
235.89,22.06,28.59,46.16,0,0.0632,0
135.72,18.52,34.86,63.55,0,0.082,0
236.19,26.37,25.48,58.2,0,0.0658,0
123.81,24.74,25.7,29.91,0,0.05,0
418.21,41.29,41.04,61.52,0,0.2803,0
93.28,2.07,27.68,64.9,0,0.0375,0
237.7,8.68,19.58,48.79,0,0.0453,0
76.77,24.23,24.4,37.9,0,0.042,0
138.21,18.93,25.2,59.34,0,0.0412,0
404.59,61.06,34.87,63.73,0,0.3011,0
163.31,15.93,22.2,66.02,0,0.0428,0
933.98,155.05,56.13,81.05,0,1.0,2
806.59,66.69,35.16,46.61,0,0.6,1
259.48,2.61,25.25,27.15,0,0.0504,0
983.25,156.74,67.57,87.21,0,1.0,2
74.18,17.72,24.28,66.59,0,0.0378,0
150.55,7.41,29.76,54.14,0,0.0437,0
258.35,13.0,21.0,30.18,0,0.0519,0
429.13,30.49,38.77,83.02,0,0.2511,0
151.54,18.23,21.28,63.73,0,0.0403,0
129.08,2.89,21.09,47.72,0,0.0243,0
98.81,15.27,26.1,37.73,0,0.0369,0
264.77,7.09,18.38,64.81,0,0.053,0
293.89,62.61,33.55,70.56,0,0.2276,0
140.79,1.6,27.17,51.74,0,0.0327,0
179.67,4.32,21.74,48.69,0,0.0341,0
224.16,9.05,32.31,89.26,0,0.092,0
954.4,152.17,44.45,70.83,0,1.0,2
174.22,0.0,19.97,60.95,0,0.0311,0
204.79,25.83,32.54,75.68,0,0.0909,0
1059.84,19.61,28.94,48.17,0,0.4382,1
115.6,18.64,34.31,47.04,0,0.0661,0
772.4,39.12,31.12,52.0,0,0.4466,1
1089.03,143.22,51.73,77.14,0,1.0,2
1004.09,112.77,53.19,44.09,0,1.0,2
141.91,34.41,28.32,56.46,0,0.0664,0
373.68,36.99,53.27,92.38,0,0.4187,1
370.6,51.41,37.85,81.77,0,0.2963,0
91.75,1.05,27.41,54.61,0,0.0289,0
29.52,24.34,31.29,58.76,0,0.0544,0
378.41,63.02,39.3,82.96,0,0.3604,1
118.65,22.17,21.87,50.25,0,0.0402,0
91.27,0.7,29.41,52.78,0,0.0344,0
164.37,9.9,21.48,83.43,0,0.0498,0
121.13,19.81,32.19,51.5,0,0.0642,0
146.49,24.05,25.41,78.3,0,0.0599,0
789.82,58.46,31.32,48.19,0,0.5126,1
497.19,48.75,34.18,73.89,0,0.3096,0
207.98,18.32,28.0,41.8,0,0.0553,0
611.05,47.75,29.32,44.81,0,0.3653,1
87.88,14.33,30.48,47.86,0,0.0446,0
84.43,18.39,19.67,43.0,0,0.0302,0
1007.75,141.17,49.75,62.0,0,1.0,2
440.27,133.68,37.05,63.78,0,0.5882,1
221.63,19.26,26.54,61.82,0,0.0549,0
419.5,47.09,39.51,74.94,0,0.2985,0
260.9,9.46,23.15,67.28,0,0.0581,0
258.23,1.04,27.04,69.25,0,0.0614,0
128.75,4.83,23.43,64.29,0,0.0324,0
251.92,96.49,29.2,39.42,0,0.3217,0
155.39,15.43,18.91,38.59,0,0.0328,0
47.4,21.87,17.72,45.81,0,0.0265,0
74.18,19.06,23.76,56.96,0,0.0371,0
149.32,2.13,25.32,85.68,0,0.049,0
283.57,41.21,45.83,66.86,0,0.2925,0
104.93,30.9,24.99,38.02,0,0.0532,0
360.36,72.05,52.01,74.25,0,0.6221,1
80.1,28.34,30.8,61.02,0,0.0703,0
117.45,12.27,23.57,38.57,0,0.0319,0
195.35,25.93,29.6,82.18,0,0.0875,0
174.92,1.94,26.76,56.01,0,0.0378,0
92.59,30.85,27.81,30.53,0,0.0526,0
35.69,14.95,34.93,54.07,0,0.063,0
255.51,13.43,21.23,77.89,0,0.0656,0
125.47,14.72,20.08,45.65,0,0.0286,0
410.2,57.87,31.11,53.88,0,0.2551,0
324.09,109.78,33.86,54.06,0,0.4413,1
303.9,0.0,27.15,67.18,0,0.0715,0
332.3,49.17,35.28,76.91,0,0.2087,0
395.46,41.65,38.27,77.31,0,0.2623,0
489.78,47.35,39.33,59.15,0,0.3655,0
303.03,68.69,29.64,73.52,0,0.2664,0
312.83,40.06,43.32,74.03,0,0.2674,0
223.63,18.49,29.81,89.53,0,0.0911,0
30.26,10.86,20.16,47.75,0,0.0214,0
890.51,173.97,45.16,74.22,0,1.0,2
220.83,15.85,27.87,60.81,0,0.0595,0
289.03,52.25,26.88,49.1,0,0.1562,0
202.36,15.74,30.23,73.29,0,0.0672,0
291.97,18.43,18.14,55.23,0,0.0639,0
93.73,28.16,23.54,53.96,0,0.0485,0
176.91,5.99,23.9,40.49,0,0.0359,0
308.8,51.04,40.86,80.34,0,0.2534,0
45.49,21.15,20.87,55.09,0,0.035,0
261.02,24.63,20.18,67.66,0,0.0701,0
124.94,8.03,27.64,77.13,0,0.0499,0
170.79,25.11,24.56,47.88,0,0.0523,0
449.13,142.81,40.17,37.21,0,0.653,1
99.46,17.58,24.43,72.11,0,0.0422,0
344.4,13.36,28.26,67.05,0,0.1,0
424.57,26.82,52.19,82.31,0,0.428,1
195.49,13.66,23.31,69.17,0,0.0447,0
209.2,4.41,23.08,54.97,0,0.0365,0
454.86,4.48,22.79,60.57,0,0.1433,0
288.78,14.04,48.29,58.22,0,0.23,0
295.35,38.56,45.48,63.22,0,0.2723,0
162.07,0.0,21.19,62.69,0,0.0289,0
164.78,29.65,22.53,62.35,0,0.0527,0
198.98,18.95,23.25,26.95,0,0.0421,0
276.65,21.92,13.29,58.26,0,0.0632,0
49.23,15.61,26.17,51.14,0,0.0341,0
204.48,6.21,24.23,47.17,0,0.0402,0
100.22,14.92,22.72,56.16,0,0.0314,0
4.93,13.42,20.76,68.22,0,0.0295,0
122.32,9.45,35.02,41.46,0,0.0698,0
71.68,6.23,24.53,49.68,0,0.0258,0
167.19,17.18,19.94,46.32,0,0.0412,0
239.57,14.91,29.99,58.9,0,0.0672,0
157.58,10.05,28.35,63.48,0,0.0481,0
347.48,12.2,41.11,58.06,0,0.1939,0
192.72,3.29,17.35,52.42,0,0.0327,0
79.8,11.46,24.74,64.1,0,0.0309,0
351.36,38.18,43.53,67.54,0,0.2706,0
75.14,22.4,32.07,64.56,0,0.0588,0
211.92,2.88,32.89,67.56,0,0.0705,0
22.97,7.55,21.92,44.49,0,0.0222,0
762.61,83.32,62.98,53.76,1,1.0,2
4.67,11.77,28.76,61.56,0,0.033,0
920.25,177.9,58.6,49.52,0,1.0,2
821.1,166.87,47.15,40.91,1,1.0,2
150.47,22.59,28.27,45.21,0,0.0538,0
315.33,15.28,22.64,61.49,0,0.0766,0
81.49,25.07,26.24,53.41,0,0.0455,0
183.74,2.95,34.87,55.75,0,0.0741,0
194.99,2.09,24.61,52.93,0,0.0381,0
245.53,72.31,32.79,58.7,0,0.2449,0
161.03,4.59,24.85,26.71,0,0.0343,0
439.84,50.25,40.18,68.75,0,0.3454,1
189.6,0.0,26.7,41.19,0,0.0376,0
165.63,18.06,22.34,88.4,0,0.0638,0
338.88,10.37,13.59,38.9,0,0.0687,0
85.51,2.1,30.53,40.64,0,0.0351,0
281.89,77.55,31.21,54.21,0,0.275,0
177.37,13.0,25.66,72.24,0,0.052,0
148.38,33.17,26.94,46.64,0,0.062,0
481.71,51.21,35.17,50.67,0,0.3195,0
267.87,74.2,19.79,60.21,0,0.2296,0
275.85,13.9,23.17,79.06,0,0.0752,0
29.01,0.0,22.32,44.32,0,0.0186,0
272.67,98.21,18.34,73.11,0,0.3198,0
450.19,46.25,34.09,46.5,0,0.2653,0
100.04,23.2,19.35,56.83,0,0.0343,0
848.27,125.35,49.07,57.07,0,1.0,2
243.58,33.15,51.65,81.01,0,0.3006,0
350.03,26.09,24.33,81.47,0,0.1201,0
182.83,9.31,19.52,65.02,0,0.0376,0
71.36,20.44,35.74,60.67,0,0.0717,0
276.64,24.08,18.17,43.57,0,0.0666,0
290.98,12.5,26.47,43.36,0,0.071,0
968.42,100.43,30.82,60.26,0,0.7221,2
343.73,33.32,41.45,56.02,0,0.2326,0
281.6,13.98,30.68,74.99,0,0.0879,0
610.73,33.24,33.13,69.46,0,0.3513,1
436.38,18.6,60.18,55.61,0,0.4468,1
300.96,14.67,33.82,62.87,0,0.1117,0
160.27,9.45,32.86,60.02,0,0.057,0
318.51,29.88,55.54,72.93,0,0.3386,0
497.88,22.78,32.93,70.03,0,0.2305,0
174.59,23.6,26.6,60.49,0,0.0569,0
2.73,4.03,27.4,80.44,0,0.0396,0
261.02,17.96,19.69,35.03,0,0.0561,0
327.41,4.32,26.93,51.32,0,0.0762,0
181.74,28.37,28.72,50.09,0,0.0748,0
347.42,20.98,43.88,64.91,0,0.247,0
400.71,33.07,23.78,54.76,0,0.1317,0
455.16,51.1,51.54,75.31,0,0.5574,1
436.48,41.69,33.6,76.02,0,0.2425,0
8.95,2.88,27.33,58.53,0,0.0246,0
96.92,12.77,14.55,37.89,0,0.0253,0
348.78,18.6,25.94,72.54,0,0.1043,0
567.09,18.18,32.15,49.14,0,0.2632,0
229.53,0.0,27.59,45.09,0,0.0504,0
5.53,16.1,18.54,71.24,0,0.0327,0
200.22,2.97,22.21,59.54,0,0.0382,0
10.99,24.9,20.22,50.28,0,0.0299,0
178.42,19.72,32.14,53.21,0,0.0705,0
130.72,77.25,27.49,46.24,0,0.2246,0
0.0,13.7,26.7,79.77,0,0.0431,0
462.47,162.71,36.31,54.62,0,0.5781,1
336.06,2.53,24.37,48.55,0,0.0766,0
183.48,5.21,26.22,39.11,0,0.0371,0
604.88,170.94,42.49,54.49,0,0.9165,2
128.68,10.93,22.72,49.19,0,0.0311,0
300.17,12.15,21.43,45.98,0,0.0637,0
287.75,1.81,32.01,44.78,0,0.0798,0
372.76,20.86,45.81,72.55,0,0.3032,0
196.68,10.87,24.08,53.96,0,0.0414,0
201.45,30.91,31.83,65.12,0,0.0927,0
220.25,0.0,21.0,29.98,0,0.0371,0
41.36,3.49,24.87,70.01,0,0.0285,0
59.21,12.46,23.74,65.51,0,0.0318,0
0.0,24.84,21.43,43.99,0,0.0348,0
118.14,17.19,22.25,57.12,0,0.0366,0
191.12,15.08,22.74,43.7,0,0.0427,0
105.73,10.53,24.86,63.44,0,0.0348,0
166.42,23.31,22.38,76.06,0,0.0612,0
191.13,6.24,24.48,64.17,0,0.0428,0
234.8,7.82,24.22,55.17,0,0.049,0
153.83,7.69,22.01,53.73,0,0.0308,0
394.52,12.4,20.65,41.57,0,0.1038,0
172.45,80.02,28.19,46.31,0,0.2451,0
937.25,190.39,46.17,89.09,0,1.0,2
80.06,10.99,34.1,51.88,0,0.0569,0
85.75,20.32,32.77,65.72,0,0.0587,0
262.54,71.43,57.49,81.32,0,0.586,1
105.74,8.43,31.42,63.38,0,0.0442,0
346.24,35.01,43.77,56.33,0,0.2751,0
131.55,9.66,24.5,51.91,0,0.0333,0
229.03,44.13,29.17,62.43,0,0.1104,0
438.66,66.0,35.0,83.56,0,0.3511,0
505.32,28.59,33.07,62.55,0,0.2402,0
581.29,47.71,23.58,48.37,0,0.3005,0
235.44,1.34,27.82,82.14,0,0.0644,0
217.01,9.43,27.83,61.95,0,0.0535,0
204.18,18.56,30.95,70.34,0,0.0719,0
279.63,43.88,53.26,84.26,0,0.3697,1
264.49,5.68,23.83,77.85,0,0.0634,0
224.91,10.47,19.65,55.94,0,0.0408,0
292.08,62.83,30.12,55.07,0,0.2016,0
271.39,17.68,20.95,48.76,0,0.0585,0
180.92,17.13,23.12,57.21,0,0.0421,0
128.48,16.02,29.97,61.59,0,0.0503,0
260.57,14.54,35.0,80.56,0,0.1154,0
144.67,27.08,24.0,38.35,0,0.0494,0
233.2,1.66,25.21,51.28,0,0.0448,0
249.64,60.33,37.03,72.36,0,0.2626,0
196.39,3.45,28.09,53.53,0,0.0465,0
136.52,10.34,20.32,40.28,0,0.028,0
284.54,21.19,20.64,46.65,0,0.0657,0
98.37,22.14,25.01,70.44,0,0.0457,0
283.03,32.45,43.15,58.31,0,0.2203,0
266.69,38.76,38.95,58.63,0,0.1896,0
538.16,22.07,27.17,71.46,0,0.2386,0
76.08,13.7,27.76,78.77,0,0.0483,0
439.85,40.22,34.64,73.38,0,0.2586,0
183.87,14.03,30.97,56.28,0,0.0608,0
141.08,16.61,22.79,63.86,0,0.04,0
25.44,10.4,25.13,54.47,0,0.0258,0
105.12,16.35,23.7,39.69,0,0.0314,0
496.8,33.55,33.54,56.44,0,0.2475,0
1233.68,79.15,33.65,68.86,0,0.7252,2
151.53,17.88,23.93,46.62,0,0.0398,0
234.97,0.82,28.98,80.95,0,0.0718,0
389.64,26.63,55.01,68.16,0,0.3891,1
280.08,42.82,32.33,56.34,0,0.155,0
112.37,9.94,14.2,45.58,0,0.0255,0
142.98,19.89,20.11,60.59,0,0.039,0
236.14,34.74,47.51,67.51,0,0.2479,0
178.06,14.19,27.83,34.82,0,0.0458,0
457.45,32.13,35.51,70.58,0,0.25,0
300.71,28.76,42.79,57.18,0,0.2129,0
294.35,8.67,25.6,45.14,0,0.0668,0
213.06,51.45,34.88,66.58,0,0.1857,0
342.51,11.44,26.02,48.16,0,0.0902,0
657.19,29.3,23.2,67.52,0,0.3191,0
8.84,8.44,24.43,34.71,0,0.0215,0
331.75,34.83,53.94,86.84,0,0.4026,1
107.81,12.32,24.97,36.81,0,0.0321,0
59.2,15.74,28.34,44.43,0,0.0379,0
11.49,3.15,29.77,53.91,0,0.0324,0
170.15,24.82,23.47,79.93,0,0.0633,0
189.1,19.81,21.6,45.49,0,0.0436,0
387.01,0.0,48.87,73.89,0,0.3122,0
275.3,22.97,54.05,81.18,0,0.3205,0
1042.01,146.99,44.31,61.89,0,1.0,2
81.38,18.02,22.92,39.35,0,0.0312,0
90.41,27.49,33.54,72.71,0,0.088,0
257.97,61.42,30.78,54.88,0,0.1937,0
403.85,124.97,44.68,55.47,0,0.726,2
64.82,15.27,21.38,48.41,0,0.0286,0
223.65,25.55,26.67,52.26,0,0.0642,0
428.8,181.85,41.51,63.18,0,0.6877,1
263.81,0.0,39.03,53.56,0,0.1247,0
339.28,55.98,32.18,65.11,0,0.2147,0
149.49,27.0,27.02,37.61,0,0.0572,0
144.14,5.65,16.9,64.3,0,0.0302,0
208.24,22.22,27.84,57.66,0,0.0574,0
182.4,4.46,17.86,31.82,0,0.0294,0
175.67,34.54,23.79,56.41,0,0.0638,0
501.38,144.81,26.24,39.58,0,0.4942,1
545.18,123.77,36.58,60.78,0,0.6423,1
203.47,13.81,28.48,75.16,0,0.06,0
7.78,11.58,20.19,53.07,0,0.022,0
344.13,22.47,42.83,47.44,0,0.2215,0
419.77,44.21,56.27,73.28,0,0.5081,1
45.23,12.1,16.01,59.84,0,0.0264,0
436.94,46.54,36.66,77.54,0,0.2874,0
194.47,12.92,25.9,71.33,0,0.0503,0
664.44,153.77,66.44,26.14,1,1.0,2
216.32,18.59,27.01,58.71,0,0.0568,0
73.58,7.04,21.6,62.02,0,0.0269,0
329.82,186.76,35.99,44.9,0,0.4937,1
379.65,27.86,56.03,73.01,0,0.3923,1
167.74,19.68,20.13,51.39,0,0.041,0
363.08,58.07,54.77,75.78,0,0.5018,1
262.56,5.41,23.05,60.38,0,0.0528,0
353.72,40.32,34.35,94.44,0,0.198,0
78.57,2.3,19.4,60.66,0,0.0226,0
275.5,23.54,24.44,49.06,0,0.0701,0
128.97,29.2,29.99,78.52,0,0.0776,0
833.88,151.52,42.34,78.62,0,1.0,2
382.84,122.14,29.22,53.04,0,0.4277,1
0.58,10.31,28.21,59.63,0,0.0334,0
49.91,12.84,25.35,59.4,0,0.0301,0
367.09,86.84,32.75,53.1,0,0.3776,0
981.59,57.51,30.1,55.26,0,0.5383,1
1021.45,48.41,38.43,57.78,0,0.6767,2
177.31,8.96,24.8,81.67,0,0.0565,0
309.08,30.88,28.02,88.37,0,0.1199,0
194.49,26.91,32.99,48.19,0,0.0783,0
73.21,20.25,24.42,47.54,0,0.0347,0
224.72,6.32,24.47,64.84,0,0.0487,0
94.89,11.05,29.45,39.96,0,0.0419,0
88.92,5.95,20.46,38.26,0,0.0212,0
93.42,14.26,26.18,59.58,0,0.0368,0
70.58,0.58,28.39,50.4,0,0.0285,0
39.05,24.39,33.41,29.32,0,0.0685,0
109.81,18.11,20.0,57.98,0,0.0334,0
408.45,62.87,49.32,66.51,0,0.5483,1
228.71,12.57,17.81,65.06,0,0.0465,0
335.45,33.92,44.53,64.38,0,0.2782,0
152.66,8.13,20.09,59.9,0,0.0298,0
224.16,15.32,25.49,62.21,0,0.0591,0
128.97,13.49,22.48,56.26,0,0.0335,0
67.19,2.16,18.84,57.63,0,0.0192,0
211.94,23.12,22.27,55.13,0,0.0544,0
8.08,30.98,32.16,54.67,0,0.0647,0
67.23,21.99,24.9,46.15,0,0.0367,0
483.19,48.73,31.78,43.59,0,0.2448,0
175.41,11.88,30.2,55.81,0,0.0579,0
142.49,28.08,22.44,39.8,0,0.0475,0
332.4,7.7,21.9,72.48,0,0.0773,0
244.3,18.94,25.37,68.88,0,0.067,0
137.61,12.84,31.07,84.52,0,0.0675,0
569.13,56.24,39.82,69.24,0,0.5143,1
730.34,152.67,56.15,36.97,1,1.0,2
252.29,25.86,26.59,49.17,0,0.0681,0
219.46,25.18,26.33,32.46,0,0.0642,0
308.18,22.18,40.65,50.04,0,0.1755,0
448.83,33.71,37.61,62.8,0,0.243,0
920.04,169.91,52.96,51.1,0,1.0,2
222.61,17.97,33.35,52.51,0,0.0764,0
951.13,172.96,60.13,33.69,1,1.0,2
262.59,25.42,32.76,82.9,0,0.111,0
192.39,7.85,25.05,55.75,0,0.0421,0
190.06,1.31,19.86,54.9,0,0.0326,0
311.55,22.08,25.27,62.74,0,0.0846,0
176.7,21.19,30.01,73.04,0,0.0634,0
223.58,15.82,29.46,55.1,0,0.0551,0
484.67,51.53,37.93,71.78,0,0.3661,1
411.71,62.85,40.63,78.59,0,0.4119,1
723.58,76.6,30.99,43.41,0,0.5584,1
130.77,21.06,24.59,70.9,0,0.0484,0
10.86,13.04,31.04,63.4,0,0.0472,0
293.4,0.0,21.18,36.45,0,0.0546,0
269.32,19.41,31.35,94.05,0,0.1054,0
866.76,148.1,61.99,23.45,1,1.0,2
166.28,22.54,19.72,54.13,0,0.0404,0
286.83,19.17,21.22,55.03,0,0.0674,0
197.04,1.55,20.51,51.57,0,0.0347,0
146.69,17.96,30.72,21.77,0,0.0536,0
275.02,14.4,21.82,41.97,0,0.0561,0
112.64,7.49,22.1,84.29,0,0.0479,0
521.6,22.12,28.54,52.77,0,0.2148,0
155.79,10.52,22.25,56.14,0,0.0349,0
475.3,53.56,32.63,79.45,0,0.3,0
129.82,17.47,34.8,92.18,0,0.091,0
246.75,32.21,35.59,64.15,0,0.1265,0
438.82,178.37,27.24,49.03,0,0.4733,1
47.25,34.9,31.15,43.9,0,0.0721,0
832.94,100.57,69.27,68.07,1,1.0,2
475.53,150.81,28.85,49.72,0,0.5075,1
166.35,15.16,25.79,73.13,0,0.0494,0
228.78,74.1,26.82,53.23,0,0.2237,0
319.23,14.33,45.08,75.18,0,0.2246,0
384.07,52.66,31.49,70.98,0,0.2111,0
275.81,22.97,20.68,45.63,0,0.0644,0
183.7,7.96,25.16,68.3,0,0.0453,0
578.13,36.96,35.2,66.3,0,0.3668,1
149.22,2.86,21.44,63.32,0,0.0321,0
228.2,4.22,23.78,78.18,0,0.0547,0
727.23,118.58,62.13,49.21,1,1.0,2
233.0,7.58,27.22,60.89,0,0.0569,0
1208.18,65.86,37.34,88.13,0,0.7475,2
208.34,0.2,26.79,74.84,0,0.0535,0
198.65,15.53,26.91,43.0,0,0.0495,0
206.14,27.65,30.37,90.09,0,0.0967,0
259.33,44.93,37.29,49.23,0,0.1765,0
481.72,1.4,42.43,65.87,0,0.3104,0
249.19,22.62,22.59,88.08,0,0.0844,0
718.78,71.76,51.79,15.02,1,1.0,2
241.18,9.02,29.01,78.44,0,0.0757,0
243.67,11.96,29.54,50.49,0,0.0641,0
207.75,17.16,21.58,55.81,0,0.0478,0
206.28,16.04,31.51,65.83,0,0.0721,0
971.72,122.2,55.59,61.01,0,1.0,2
425.43,34.72,41.58,72.02,0,0.2898,0
131.47,10.65,31.67,57.91,0,0.0513,0
204.04,25.86,27.84,79.3,0,0.0776,0
317.38,4.24,16.88,51.78,0,0.0611,0
264.71,77.87,33.55,52.64,0,0.3026,0
238.55,13.8,27.13,65.38,0,0.0634,0
85.41,13.14,20.44,73.43,0,0.0358,0
220.83,26.14,25.48,42.29,0,0.0589,0
209.45,17.5,19.34,42.36,0,0.0428,0
205.16,13.42,23.82,56.47,0,0.0469,0
70.37,16.92,35.29,56.45,0,0.0752,0
84.49,22.53,27.01,50.34,0,0.0439,0
0.75,0.44,32.17,30.67,0,0.0382,0
115.09,0.0,18.19,61.12,0,0.0236,0
308.46,1.19,23.71,34.25,0,0.0643,0
78.12,9.08,22.68,56.42,0,0.0291,0
150.02,22.38,23.06,55.28,0,0.0422,0
244.01,117.02,40.27,52.08,0,0.4951,1
223.2,12.77,26.2,41.97,0,0.0512,0
169.34,13.6,26.43,53.42,0,0.0436,0
151.38,13.92,28.55,65.22,0,0.0462,0
241.88,5.28,25.86,68.23,0,0.057,0
268.18,98.5,33.99,69.87,0,0.3904,0
111.01,6.11,28.71,31.49,0,0.0389,0
137.27,7.78,30.74,57.08,0,0.0454,0
510.05,46.04,40.27,85.56,0,0.418,1
178.25,16.88,20.54,57.62,0,0.0419,0
58.79,4.51,21.38,71.91,0,0.0286,0
0.0,8.86,23.35,51.71,0,0.0227,0
352.28,55.68,52.67,66.96,0,0.4863,1
172.35,13.73,21.71,38.25,0,0.0402,0
87.82,24.18,23.67,81.41,0,0.0541,0
159.57,15.3,28.89,47.95,0,0.0531,0
446.18,34.99,42.85,74.97,0,0.3299,0
58.13,21.8,22.06,50.5,0,0.0329,0
349.19,44.38,48.52,61.59,0,0.3656,1
269.36,19.74,29.76,63.89,0,0.08,0
236.59,19.83,24.13,66.93,0,0.0598,0
589.81,39.16,26.39,54.44,0,0.2954,0
163.62,14.72,22.44,63.46,0,0.0427,0
53.67,8.54,24.19,53.61,0,0.0277,0
124.55,6.48,21.46,52.52,0,0.0295,0
227.79,0.15,24.23,62.45,0,0.0455,0
106.38,14.3,27.67,45.62,0,0.0392,0
75.94,0.0,28.11,53.76,0,0.033,0
360.32,79.12,23.0,60.05,0,0.2821,0
260.14,30.09,45.68,62.66,0,0.2287,0
8.47,3.67,29.91,34.81,0,0.0277,0
235.8,25.18,17.35,64.43,0,0.0606,0
101.28,15.34,23.42,37.0,0,0.0341,0
808.29,104.26,43.07,50.83,0,1.0,2
1036.8,136.91,51.68,64.64,0,1.0,2
150.33,14.35,28.2,84.18,0,0.065,0
319.25,4.94,25.39,85.87,0,0.09,0
37.91,12.41,32.31,55.74,0,0.053,0
333.69,24.94,52.24,80.64,0,0.3394,0
7.0,20.26,18.12,56.38,0,0.028,0
175.46,15.17,27.9,59.31,0,0.0486,0
158.18,25.86,28.83,43.33,0,0.0591,0
350.94,77.26,33.81,57.02,0,0.3329,0
295.7,5.29,23.44,46.94,0,0.0613,0
983.98,137.05,57.46,56.52,1,1.0,2
352.64,31.47,41.03,54.05,0,0.2341,0
206.28,11.65,28.13,86.58,0,0.0726,0
70.13,0.01,27.32,42.88,0,0.0267,0
834.99,105.8,43.79,76.34,0,1.0,2
270.03,9.1,22.38,33.77,0,0.0529,0
181.88,21.02,26.42,63.54,0,0.0534,0
225.03,28.43,29.47,53.37,0,0.0796,0
112.5,28.24,27.31,79.68,0,0.0636,0
6.0,25.16,25.06,67.86,0,0.0411,0
111.25,28.48,24.7,72.71,0,0.0509,0
263.98,46.03,36.16,69.59,0,0.1955,0
615.87,13.97,37.19,73.18,0,0.3825,1
180.28,0.0,23.73,40.08,0,0.0315,0
95.21,12.26,34.35,54.87,0,0.0662,0
235.07,34.89,51.15,64.11,0,0.2889,0
438.94,51.97,38.38,85.03,0,0.3525,0
64.33,2.66,22.39,47.7,0,0.0208,0
174.36,6.94,27.12,68.41,0,0.0452,0
226.88,6.96,25.2,97.37,0,0.0757,0
336.02,9.3,29.44,63.42,0,0.0904,0
128.45,52.59,31.4,56.02,0,0.1313,0
598.11,45.36,37.03,44.68,0,0.416,1
120.5,23.14,19.65,56.05,0,0.04,0
288.92,128.0,32.66,31.13,0,0.4237,1
160.44,22.23,19.56,38.64,0,0.041,0
263.3,1.82,29.9,36.67,0,0.0629,0
135.4,15.33,18.42,49.78,0,0.0323,0
5.18,13.3,21.12,60.01,0,0.0273,0
180.61,16.62,29.11,87.47,0,0.0739,0
95.22,11.15,18.8,45.32,0,0.0233,0
234.45,2.81,24.65,65.48,0,0.0492,0
96.02,15.71,18.59,68.26,0,0.0363,0
456.69,96.27,27.72,48.87,0,0.4192,1
224.38,5.16,22.68,70.77,0,0.0469,0
262.22,20.03,24.64,53.75,0,0.0626,0
176.11,17.82,22.53,49.71,0,0.0417,0
226.09,3.69,24.46,56.39,0,0.0436,0
262.78,2.21,26.41,48.47,0,0.0536,0
636.58,129.81,43.14,31.29,1,1.0,2
126.12,1.41,23.51,54.97,0,0.0272,0
499.32,57.41,38.9,67.16,0,0.4106,1
10.14,15.19,15.74,47.0,0,0.0226,0
757.82,12.16,30.71,58.39,0,0.3984,1
182.41,11.21,31.17,55.95,0,0.0642,0
121.46,17.18,28.32,56.2,0,0.046,0
169.77,20.26,30.42,68.22,0,0.0609,0
63.22,13.44,31.99,51.97,0,0.0458,0
56.56,15.21,22.03,79.37,0,0.0399,0
86.54,11.26,14.59,50.94,0,0.0213,0
316.15,178.3,31.09,62.77,0,0.4323,1
1080.66,49.66,32.2,82.8,0,0.558,1
127.35,11.75,16.9,40.26,0,0.0274,0
884.1,51.93,45.88,60.16,0,0.8472,2
121.86,20.1,17.7,71.2,0,0.0391,0
449.17,51.09,40.46,64.41,0,0.369,0
168.46,2.84,16.19,66.33,0,0.0305,0
225.39,12.33,29.53,55.03,0,0.06,0
9.2,13.6,28.22,43.3,0,0.0321,0
48.43,37.87,20.13,49.51,0,0.0571,0
176.52,9.76,33.35,80.52,0,0.076,0
62.39,15.28,29.1,60.82,0,0.0401,0
195.92,18.28,29.11,45.06,0,0.0561,0
1.07,0.0,26.26,69.85,0,0.0266,0
609.12,46.36,22.5,76.62,0,0.3246,0
204.33,4.89,29.18,72.43,0,0.0579,0
235.31,17.39,22.79,51.13,0,0.052,0
202.14,7.12,20.79,43.71,0,0.036,0
406.35,117.69,28.54,36.95,0,0.4371,1
578.66,156.26,55.56,32.05,1,1.0,2
884.6,155.93,53.35,57.96,1,1.0,2
832.01,34.25,41.15,63.98,0,0.611,1
179.25,25.29,29.37,72.9,0,0.0698,0
241.9,13.9,25.38,58.21,0,0.0565,0
680.64,22.32,30.98,60.06,0,0.3563,1
214.74,19.07,20.11,51.86,0,0.0459,0
88.96,22.47,25.96,60.73,0,0.0443,0
83.23,14.07,23.8,75.81,0,0.0391,0
465.65,43.27,26.91,49.75,0,0.2032,0
163.4,2.59,28.71,47.64,0,0.0393,0
159.14,18.49,17.31,59.88,0,0.0359,0
327.63,42.46,39.71,70.65,0,0.2414,0
700.03,49.74,31.71,62.03,0,0.4447,1
479.52,35.17,25.87,65.47,0,0.1927,0
486.79,39.0,25.57,62.45,0,0.2107,0
384.58,132.05,38.88,66.12,0,0.5525,1
0.0,18.33,30.12,70.09,0,0.051,0
614.76,48.64,40.41,61.19,0,0.524,1
910.0,146.18,53.05,67.64,1,1.0,2
181.36,12.44,29.41,60.2,0,0.0527,0
146.61,0.52,28.07,71.07,0,0.0458,0
341.83,16.61,27.7,85.12,0,0.112,0
263.78,70.07,36.6,50.49,0,0.3002,0
70.22,11.84,27.11,46.49,0,0.0354,0
123.94,47.96,29.69,61.76,0,0.1158,0
119.89,8.64,18.47,42.36,0,0.0254,0
586.82,26.19,34.52,60.22,0,0.3511,1
6.21,18.36,29.56,48.57,0,0.039,0
804.83,131.37,44.03,43.38,0,1.0,2
236.19,3.07,29.2,73.57,0,0.0655,0
304.61,84.49,21.74,60.57,0,0.277,0
107.7,15.08,21.18,51.38,0,0.0296,0
261.85,14.69,34.34,51.82,0,0.0973,0
155.71,9.89,30.46,51.78,0,0.0485,0
136.12,0.0,22.63,82.55,0,0.0426,0
461.0,23.2,43.44,75.63,0,0.3316,0
160.65,2.23,21.27,53.12,0,0.0305,0
313.14,7.69,29.34,42.1,0,0.0778,0
185.15,9.33,32.83,72.92,0,0.0681,0
46.26,14.98,19.96,80.49,0,0.0395,0
93.59,9.16,27.17,69.84,0,0.0393,0
194.24,53.0,26.78,56.87,0,0.1287,0
95.41,15.11,26.32,53.35,0,0.0357,0
365.97,156.23,38.55,45.74,0,0.5683,1
129.18,13.58,25.98,78.7,0,0.0516,0
159.95,20.7,16.86,47.97,0,0.0375,0
308.64,3.09,20.42,70.01,0,0.0722,0
248.91,14.58,18.35,37.69,0,0.0519,0
349.32,32.99,56.97,87.47,0,0.3969,1
694.15,148.61,51.02,20.45,1,1.0,2
199.59,3.58,20.5,97.63,0,0.0626,0
643.56,132.67,56.98,41.76,1,1.0,2
99.11,23.0,29.55,51.36,0,0.0491,0
247.73,9.06,27.57,97.6,0,0.0877,0
210.13,24.04,25.97,55.8,0,0.0575,0
415.67,188.84,40.09,56.42,0,0.6496,1
370.42,29.49,36.68,76.31,0,0.2023,0
900.9,86.87,51.78,64.77,0,1.0,2
270.21,9.44,20.82,60.33,0,0.056,0
10.87,16.56,29.1,48.57,0,0.0366,0
320.98,29.78,44.43,74.41,0,0.2745,0
354.72,5.95,29.47,65.92,0,0.097,0
1042.87,103.29,35.04,61.45,0,0.7876,2
324.76,25.41,25.23,57.3,0,0.0923,0
200.31,3.52,19.83,63.17,0,0.0402,0
306.58,59.6,18.36,54.89,0,0.1695,0
52.07,12.06,32.49,36.33,0,0.0474,0
26.25,5.8,19.53,41.55,0,0.0165,0
132.88,26.72,24.11,45.69,0,0.0495,0
128.71,13.2,26.25,71.13,0,0.0442,0
138.75,25.7,28.43,45.23,0,0.054,0
15.31,0.0,15.53,28.83,0,0.014,0
161.4,8.6,22.57,52.66,0,0.0345,0
66.31,9.96,20.47,57.62,0,0.0233,0
971.94,129.76,47.66,64.3,0,1.0,2
261.08,28.48,30.53,71.55,0,0.0909,0
229.99,4.86,27.82,55.41,0,0.0514,0
181.85,12.93,29.46,53.18,0,0.0526,0
168.26,12.65,17.61,37.9,0,0.0331,0
226.29,21.37,17.65,72.1,0,0.0604,0
115.35,5.52,20.52,61.85,0,0.0276,0
314.64,38.65,54.96,66.9,0,0.3638,1
