Gas,CO,Temperature,Humidity,Flame,RiskLevel,Timestamp
145.78,14.78,22.83,58.0,0,0,2026-08-25 08:53:13
170.35,7.38,27.53,56.7,0,0,2026-08-25 08:53:14
190.6,9.13,22.42,52.72,0,0,2026-08-25 08:53:16
111.45,9.85,24.94,59.72,0,0,2026-08-25 08:53:18
155.5,5.34,23.17,47.7,0,0,2026-08-25 08:53:20
196.09,6.89,25.34,59.66,0,0,2026-08-25 08:53:22
105.13,9.23,20.36,50.47,0,0,2026-08-25 08:53:24
176.41,12.11,23.33,51.28,0,0,2026-08-25 08:53:26
121.32,12.57,24.92,46.81,0,0,2026-08-25 08:53:28
110.99,5.11,27.51,53.16,0,0,2026-08-25 08:53:30
156.5,11.02,27.93,53.01,0,0,2026-08-25 08:53:32
107.03,10.37,20.5,56.54,0,0,2026-08-25 08:53:34
112.17,10.57,25.57,48.13,0,0,2026-08-25 08:53:36
119.61,10.55,21.53,45.15,0,0,2026-08-25 08:53:38
177.29,12.7,26.97,45.24,0,0,2026-08-25 08:53:40
195.67,13.6,26.56,53.47,0,0,2026-08-25 08:53:42
160.09,13.15,27.28,58.4,0,0,2026-08-25 08:53:44
115.36,8.66,20.5,49.91,0,0,2026-08-25 08:53:46
106.67,14.32,25.25,57.73,0,0,2026-08-25 08:53:48
186.82,6.9,26.52,55.33,0,0,2026-08-25 08:53:50
184.68,8.75,22.83,54.76,0,0,2026-08-25 08:53:52
154.27,6.82,23.56,55.93,0,0,2026-08-25 08:53:54
128.25,12.6,22.9,45.92,0,0,2026-08-25 08:53:56
119.98,14.44,22.61,51.08,0,0,2026-08-25 08:53:58
178.3,9.9,22.13,57.29,0,0,2026-08-25 08:54:00
188.22,7.8,25.4,58.26,0,0,2026-08-25 08:54:02
114.24,14.19,20.96,50.25,0,0,2026-08-25 08:54:04
194.23,5.57,26.34,53.21,0,0,2026-08-25 08:54:06
187.36,13.96,21.6,52.73,0,0,2026-08-25 08:54:08
113.25,9.96,23.71,51.53,0,0,2026-08-25 08:54:10
117.77,5.19,20.67,46.38,0,0,2026-08-25 08:54:12
146.37,6.37,21.14,53.16,0,0,2026-08-25 08:54:14
172.43,11.34,23.68,56.03,0,0,2026-08-25 08:54:16
121.02,10.7,20.43,48.29,0,0,2026-08-25 08:54:18
102.1,9.16,26.13,51.11,0,0,2026-08-25 08:54:20
128.09,6.57,26.19,49.16,0,0,2026-08-25 08:54:22
135.07,14.27,25.38,51.91,0,0,2026-08-25 08:54:24
155.11,14.97,24.25,54.5,0,0,2026-08-25 08:54:27
184.52,13.81,24.48,58.48,0,0,2026-08-25 08:54:28
123.21,11.13,27.59,52.32,0,0,2026-08-25 08:54:30
151.06,10.25,20.09,46.98,0,0,2026-08-25 08:54:32
102.8,5.49,22.74,49.12,0,0,2026-08-25 08:54:34
180.67,9.1,21.48,59.02,0,0,2026-08-25 08:54:37
122.3,13.71,24.49,47.94,0,0,2026-08-25 08:54:38
198.04,6.33,22.8,58.93,0,0,2026-08-25 08:54:40
109.03,7.97,25.58,50.26,0,0,2026-08-25 08:54:42
194.09,11.16,28.0,57.11,0,0,2026-08-25 08:54:44
169.06,7.06,22.15,58.68,0,0,2026-08-25 08:54:46
197.64,5.52,21.03,47.36,0,0,2026-08-25 08:54:48
141.44,13.23,26.9,46.06,0,0,2026-08-25 08:54:50
133.82,7.05,25.57,53.06,0,0,2026-08-25 08:54:52
108.33,14.97,25.03,47.2,0,0,2026-08-25 08:54:54
170.41,9.37,24.69,49.29,0,0,2026-08-25 08:54:56
115.69,9.09,21.42,46.8,0,0,2026-08-25 08:54:58
169.56,11.82,25.66,59.34,0,0,2026-08-25 08:55:00
111.79,11.48,24.37,59.79,0,0,2026-08-25 08:55:02
132.45,12.49,24.06,52.98,0,0,2026-08-25 08:55:04
111.98,6.88,26.61,58.22,0,0,2026-08-25 08:55:06
194.58,9.2,23.15,49.27,0,0,2026-08-25 08:55:08
193.07,6.63,25.77,54.72,0,0,2026-08-25 08:55:10
196.76,6.12,26.21,51.97,0,0,2026-08-25 08:55:12
176.35,14.34,26.81,52.27,0,0,2026-08-25 08:55:14
111.69,8.82,24.24,58.64,0,0,2026-08-25 08:55:16
156.19,11.32,22.66,45.95,0,0,2026-08-25 08:55:18
292.48,34.52,34.61,72.46,0,0,2026-08-25 08:55:20
722.0,25.56,25.78,53.77,0,1,2026-08-25 08:55:22
511.64,45.43,26.73,49.35,0,0,2026-08-25 08:55:24
651.93,29.15,23.38,57.91,0,0,2026-08-25 08:55:26
745.54,26.7,26.3,53.14,0,1,2026-08-25 08:55:28
516.21,36.51,22.88,52.48,0,0,2026-08-25 08:55:30
141.63,8.11,21.76,53.8,0,0,2026-08-25 08:55:32
114.15,8.27,22.87,55.5,0,0,2026-08-25 08:55:35
149.36,6.61,26.51,45.35,0,0,2026-08-25 08:55:36
134.02,7.46,22.44,52.4,0,0,2026-08-25 08:55:38
143.79,8.47,26.85,57.73,0,0,2026-08-25 08:55:41
132.24,13.11,20.27,54.72,0,0,2026-08-25 08:55:42
360.29,175.98,53.45,44.84,1,2,2026-08-25 08:55:44
130.65,14.25,24.09,53.88,0,0,2026-08-25 08:55:46
103.93,5.72,20.41,54.72,0,0,2026-08-25 08:55:48
173.25,8.72,22.33,55.31,0,0,2026-08-25 08:55:50
144.25,6.86,26.07,50.96,0,0,2026-08-25 08:55:52
182.67,5.66,21.89,54.27,0,0,2026-08-25 08:55:54
150.89,14.52,24.18,53.94,0,0,2026-08-25 08:55:56
153.17,12.64,23.04,48.77,0,0,2026-08-25 08:55:58
185.05,10.93,24.68,53.86,0,0,2026-08-25 08:56:00
111.03,10.69,22.82,53.97,0,0,2026-08-25 08:56:02
177.33,12.43,23.38,46.46,0,0,2026-08-25 08:56:04
120.37,6.1,20.58,55.57,0,0,2026-08-25 08:56:06
188.36,12.7,26.32,55.46,0,0,2026-08-25 08:56:08
196.96,5.08,27.21,54.31,0,0,2026-08-25 08:56:10
135.35,5.07,22.5,57.62,0,0,2026-08-25 08:56:12
129.95,8.45,26.32,48.39,0,0,2026-08-25 08:56:14
193.53,12.01,23.74,49.11,0,0,2026-08-25 08:56:16
170.6,6.44,21.28,58.28,0,0,2026-08-25 08:56:18
184.08,5.06,21.47,48.02,0,0,2026-08-25 08:56:20
128.63,9.15,27.15,53.03,0,0,2026-08-25 08:56:22
131.71,10.84,27.1,45.23,0,0,2026-08-25 08:56:24
145.86,13.16,21.6,56.7,0,0,2026-08-25 08:56:26
125.19,8.81,20.91,45.4,0,0,2026-08-25 08:56:28
117.08,13.25,24.12,55.54,0,0,2026-08-25 08:56:30
173.29,10.39,20.93,59.46,0,0,2026-08-25 08:56:32
188.34,12.68,20.92,48.71,0,0,2026-08-25 08:56:34
183.92,7.87,21.46,53.4,0,0,2026-08-25 08:56:36
138.25,5.0,23.01,53.31,0,0,2026-08-25 08:56:38
131.16,14.0,20.18,45.3,0,0,2026-08-25 08:56:40
133.39,11.97,20.44,48.55,0,0,2026-08-25 08:56:43
161.29,6.83,25.31,45.71,0,0,2026-08-25 08:56:44
148.39,12.95,26.65,55.85,0,0,2026-08-25 08:56:46
140.7,6.76,23.43,48.98,0,0,2026-08-25 08:56:48
157.7,5.24,24.14,55.66,0,0,2026-08-25 08:56:50
199.13,13.03,24.08,45.93,0,0,2026-08-25 08:56:52
325.9,30.87,34.59,75.03,0,0,2026-08-25 08:56:55
300.25,35.14,31.56,81.3,0,0,2026-08-25 08:56:57
263.61,41.11,37.24,69.23,0,0,2026-08-25 08:56:58
313.42,35.72,31.27,83.56,0,0,2026-08-25 08:57:00
325.76,42.49,30.57,73.26,0,0,2026-08-25 08:57:02
288.56,40.22,31.19,76.36,0,0,2026-08-25 08:57:04
332.69,42.07,33.36,83.33,0,0,2026-08-25 08:57:06
267.53,34.72,37.76,83.95,0,0,2026-08-25 08:57:08
341.96,25.41,34.28,74.6,0,0,2026-08-25 08:57:10
299.38,39.96,36.51,72.95,0,0,2026-08-25 08:57:12
400.94,31.91,27.86,47.0,0,0,2026-08-25 08:57:14
815.24,44.3,22.55,58.53,0,1,2026-08-25 08:57:17
868.07,26.7,26.56,52.6,0,1,2026-08-25 08:57:18
422.93,38.28,27.78,58.32,0,0,2026-08-25 08:57:21
848.3,43.56,24.01,52.76,0,1,2026-08-25 08:57:25
135.66,7.72,27.81,45.22,0,0,2026-08-25 08:57:25
124.64,14.72,27.61,48.11,0,0,2026-08-25 08:57:26
117.96,6.23,27.23,59.29,0,0,2026-08-25 08:57:29
100.19,8.29,24.73,58.02,0,0,2026-08-25 08:57:30
175.73,13.23,21.38,52.21,0,0,2026-08-25 08:57:33
599.35,109.25,42.23,35.83,1,2,2026-08-25 08:57:34
485.43,88.65,64.69,42.41,1,2,2026-08-25 08:57:37
310.45,106.11,49.91,30.73,1,2,2026-08-25 08:57:38
566.99,185.17,49.52,38.53,1,2,2026-08-25 08:57:40
550.29,157.51,44.06,36.52,1,2,2026-08-25 08:57:42
497.81,191.95,50.87,35.51,1,2,2026-08-25 08:57:44
355.5,152.9,48.42,43.96,1,2,2026-08-25 08:57:46
599.24,92.02,62.0,40.08,1,2,2026-08-25 08:57:48
511.58,186.65,64.24,37.15,1,2,2026-08-25 08:57:50
449.32,91.24,42.9,37.57,1,2,2026-08-25 08:57:53
323.13,177.27,40.92,32.76,1,2,2026-08-25 08:57:54
430.44,112.46,56.12,34.84,1,2,2026-08-25 08:57:57
567.18,166.96,64.33,34.94,1,2,2026-08-25 08:57:58
557.67,87.17,52.85,37.12,1,2,2026-08-25 08:58:00
482.51,120.69,48.93,35.75,1,2,2026-08-25 08:58:03
311.35,113.76,47.69,30.22,1,2,2026-08-25 08:58:05
466.06,95.69,51.29,30.67,1,2,2026-08-25 08:58:06
477.11,140.44,51.11,38.48,1,2,2026-08-25 08:58:09
431.92,100.27,57.34,40.71,1,2,2026-08-25 08:58:11
148.85,5.99,24.59,46.84,0,0,2026-08-25 08:58:12
119.52,12.77,22.58,45.63,0,0,2026-08-25 08:58:14
118.83,5.02,24.97,56.85,0,0,2026-08-25 08:58:16
174.42,7.71,25.89,55.44,0,0,2026-08-25 08:58:18
169.52,5.47,26.28,45.54,0,0,2026-08-25 08:58:20
160.25,14.37,23.63,45.06,0,0,2026-08-25 08:58:23
151.17,5.8,21.88,46.63,0,0,2026-08-25 08:58:25
195.83,6.68,22.95,53.2,0,0,2026-08-25 08:58:26
175.09,5.44,24.69,50.24,0,0,2026-08-25 08:58:29
132.69,11.39,20.1,57.86,0,0,2026-08-25 08:58:30
118.52,14.86,27.06,50.66,0,0,2026-08-25 08:58:33
192.39,8.47,27.78,59.57,0,0,2026-08-25 08:58:34
159.45,13.44,23.25,51.08,0,0,2026-08-25 08:58:36
157.84,14.94,26.36,46.73,0,0,2026-08-25 08:58:39
126.5,12.35,27.47,50.05,0,0,2026-08-25 08:58:40
163.18,13.66,25.69,56.43,0,0,2026-08-25 08:58:42
192.38,5.21,20.88,51.42,0,0,2026-08-25 08:58:44
120.34,7.38,25.14,55.3,0,0,2026-08-25 08:58:46
107.55,7.56,25.94,52.68,0,0,2026-08-25 08:58:49
167.21,6.08,21.81,47.37,0,0,2026-08-25 08:58:50
136.34,14.72,26.3,49.7,0,0,2026-08-25 08:58:52
108.04,6.32,21.54,59.66,0,0,2026-08-25 08:58:54
176.85,8.01,26.62,45.13,0,0,2026-08-25 08:58:57
158.31,7.39,26.09,50.38,0,0,2026-08-25 08:58:59
197.91,9.28,23.36,58.65,0,0,2026-08-25 08:59:01
174.56,9.49,26.69,57.31,0,0,2026-08-25 08:59:02
179.07,8.87,23.19,51.73,0,0,2026-08-25 08:59:06
138.55,12.69,27.72,52.87,0,0,2026-08-25 08:59:07
176.17,10.15,21.8,53.72,0,0,2026-08-25 08:59:08
107.22,8.75,21.93,47.85,0,0,2026-08-25 08:59:11
168.33,10.67,20.08,55.29,0,0,2026-08-25 08:59:13
112.7,12.29,22.23,58.12,0,0,2026-08-25 08:59:14
144.76,11.24,22.95,47.71,0,0,2026-08-25 08:59:16
120.39,5.62,24.65,54.44,0,0,2026-08-25 08:59:19
129.6,8.09,23.31,51.28,0,0,2026-08-25 08:59:21
142.27,14.91,22.1,56.34,0,0,2026-08-25 08:59:22
281.45,42.05,33.86,84.84,0,0,2026-08-25 08:59:25
317.46,39.85,33.61,79.77,0,0,2026-08-25 08:59:27
332.26,43.4,37.34,83.47,0,0,2026-08-25 08:59:29
309.38,42.46,31.35,67.17,0,0,2026-08-25 08:59:30
543.66,33.69,26.98,51.97,0,0,2026-08-25 08:59:33
725.55,27.04,27.84,54.72,0,1,2026-08-25 08:59:35
801.22,23.64,25.21,51.22,0,1,2026-08-25 08:59:36
427.55,26.29,24.56,50.27,0,0,2026-08-25 08:59:38
859.05,28.16,24.11,52.24,0,1,2026-08-25 08:59:41
151.2,5.65,20.95,54.04,0,0,2026-08-25 15:05:22
110.27,13.22,25.89,46.67,0,0,2026-08-25 15:05:24
190.85,13.3,26.84,54.16,0,0,2026-08-25 15:05:26
116.57,14.64,27.02,59.05,0,0,2026-08-25 15:05:28
153.06,13.61,25.23,47.05,0,0,2026-08-25 15:05:30
163.16,5.69,25.95,46.75,0,0,2026-08-25 15:05:32
112.73,9.47,26.62,48.28,0,0,2026-08-25 15:05:34
194.36,8.62,27.2,59.46,0,0,2026-08-25 15:05:36
155.51,6.41,20.62,59.72,0,0,2026-08-25 15:05:39
157.13,5.2,27.77,52.36,0,0,2026-08-25 15:05:45
152.16,7.06,20.88,55.77,0,0,2026-08-25 15:05:45
155.79,6.37,26.03,49.47,0,0,2026-08-25 15:05:45
129.77,6.24,26.28,46.6,0,0,2026-08-25 15:05:46
109.43,11.83,26.37,58.76,0,0,2026-08-25 15:05:48
158.56,7.64,26.78,46.71,0,0,2026-08-25 15:05:50
171.61,8.21,21.53,57.67,0,0,2026-08-25 15:05:52
106.31,14.26,20.24,47.47,0,0,2026-08-25 15:05:54
183.78,7.31,26.46,52.8,0,0,2026-08-25 15:05:56
161.07,6.4,24.0,58.86,0,0,2026-08-25 15:05:58
100.68,12.84,20.7,54.31,0,0,2026-08-25 15:06:00
121.05,14.5,20.85,52.96,0,0,2026-08-25 15:06:02
115.45,10.58,25.9,57.18,0,0,2026-08-25 15:06:04
170.39,13.88,23.76,47.44,0,0,2026-08-25 15:06:06
103.27,7.31,24.11,57.56,0,0,2026-08-25 15:06:08
115.1,12.08,22.77,46.91,0,0,2026-08-25 15:06:10
158.92,7.91,22.9,53.45,0,0,2026-08-25 15:06:12
171.99,14.17,26.04,59.97,0,0,2026-08-25 15:06:14
155.44,7.48,25.35,53.02,0,0,2026-08-25 15:06:16
147.59,8.53,26.71,49.63,0,0,2026-08-25 15:06:18
191.24,8.94,26.47,45.19,0,0,2026-08-25 15:06:20
197.19,8.22,22.6,56.06,0,0,2026-08-25 15:06:22
162.91,13.63,25.43,58.35,0,0,2026-08-25 15:06:24
178.07,6.9,23.51,56.83,0,0,2026-08-25 15:06:26
144.46,14.14,23.06,48.12,0,0,2026-08-25 15:06:28
138.03,9.08,23.73,54.18,0,0,2026-08-25 15:06:30
158.62,5.73,25.26,55.12,0,0,2026-08-25 15:06:32
161.68,7.89,24.81,54.9,0,0,2026-08-25 15:06:34
194.02,9.73,22.7,45.46,0,0,2026-08-25 15:06:36
151.6,8.75,26.54,59.98,0,0,2026-08-25 15:06:38
187.6,10.59,23.84,49.98,0,0,2026-08-25 15:06:40
161.53,10.73,26.73,47.29,0,0,2026-08-25 15:06:42
178.26,7.13,23.52,55.74,0,0,2026-08-25 15:06:44
154.11,5.75,24.16,59.89,0,0,2026-08-25 15:06:46
146.4,13.97,23.31,55.67,0,0,2026-08-25 15:06:48
170.07,9.11,24.72,58.32,0,0,2026-08-25 15:06:50
191.32,13.2,24.11,55.62,0,0,2026-08-25 15:06:52
140.26,7.29,24.64,54.09,0,0,2026-08-25 15:06:54
136.04,8.3,24.3,52.77,0,0,2026-08-25 15:06:56
115.74,9.58,27.99,56.22,0,0,2026-08-25 15:06:58
174.78,5.91,22.4,54.38,0,0,2026-08-25 15:07:00
137.54,11.12,22.61,48.57,0,0,2026-08-25 15:07:02
110.89,6.36,21.13,54.31,0,0,2026-08-25 15:07:04
191.99,9.67,21.53,54.45,0,0,2026-08-25 15:07:06
146.79,10.2,25.34,57.74,0,0,2026-08-25 15:07:08
118.35,12.37,22.31,58.67,0,0,2026-08-25 15:07:10
171.3,14.15,23.74,56.67,0,0,2026-08-25 15:07:13
179.16,13.39,26.83,55.94,0,0,2026-08-25 15:07:14
137.17,12.42,20.62,58.4,0,0,2026-08-25 15:07:16
154.51,7.39,25.84,47.96,0,0,2026-08-25 15:07:18
100.25,9.64,27.68,56.0,0,0,2026-08-25 15:07:20
159.28,14.51,22.45,53.49,0,0,2026-08-25 15:07:22
152.85,5.62,20.04,46.23,0,0,2026-08-25 15:07:24
137.28,12.75,23.1,54.14,0,0,2026-08-25 15:07:26
100.45,9.91,23.85,58.68,0,0,2026-08-25 15:07:28
159.56,9.58,21.98,50.94,0,0,2026-08-25 15:07:30
190.79,5.24,26.98,52.98,0,0,2026-08-25 15:07:32
194.33,11.56,22.45,47.94,0,0,2026-08-25 15:07:34
150.17,5.44,25.73,49.55,0,0,2026-08-25 15:07:36
150.05,9.37,24.74,48.73,0,0,2026-08-25 15:07:38
166.23,5.5,23.87,45.37,0,0,2026-08-25 15:07:40
145.5,12.05,25.23,57.45,0,0,2026-08-25 15:07:42
102.61,9.41,27.33,59.42,0,0,2026-08-25 15:07:44
277.84,37.12,30.92,83.76,0,0,2026-08-25 15:07:46
297.18,35.22,35.64,77.21,0,0,2026-08-25 15:07:48
312.78,33.95,33.19,76.57,0,0,2026-08-25 15:07:50
301.09,29.82,33.7,74.4,0,0,2026-08-25 15:07:52
336.39,40.72,30.46,80.64,0,0,2026-08-25 15:07:54
263.7,30.9,32.99,69.65,0,0,2026-08-25 15:07:56
609.78,24.16,25.83,54.76,0,0,2026-08-25 15:07:58
639.28,29.48,26.65,55.86,0,0,2026-08-25 15:08:01
458.32,23.54,23.44,48.81,0,0,2026-08-25 15:08:03
703.32,37.92,24.39,45.23,0,1,2026-08-25 15:08:05
175.25,10.63,22.42,56.14,0,0,2026-08-25 15:08:06
154.35,14.91,26.71,57.55,0,0,2026-08-25 15:08:08
114.54,10.76,26.85,56.84,0,0,2026-08-25 15:08:11
494.84,122.87,57.77,44.35,1,2,2026-08-25 15:08:12
352.13,89.18,51.52,35.38,1,2,2026-08-25 15:08:14
304.24,105.16,58.24,30.58,1,2,2026-08-25 15:08:16
437.63,118.61,57.99,42.27,1,2,2026-08-25 15:08:18
466.98,117.37,50.98,30.67,1,2,2026-08-25 15:08:20
492.72,141.71,59.96,35.11,1,2,2026-08-25 15:08:22
314.56,128.44,62.67,39.13,1,2,2026-08-25 15:08:24
402.92,111.77,62.87,38.55,1,2,2026-08-25 15:08:26
379.51,167.58,45.55,41.59,1,2,2026-08-25 15:08:28
455.59,151.99,40.15,34.88,1,2,2026-08-25 15:08:30
324.79,123.51,55.74,36.23,1,2,2026-08-25 15:08:32
319.08,153.0,48.26,34.48,1,2,2026-08-25 15:08:34
392.53,187.66,57.94,40.01,1,2,2026-08-25 15:08:36
193.99,11.17,22.91,48.52,0,0,2026-08-25 15:08:38
140.52,13.08,26.9,49.87,0,0,2026-08-25 15:08:40
109.16,10.74,21.16,51.61,0,0,2026-08-25 15:08:42
193.4,9.5,22.91,46.96,0,0,2026-08-25 15:08:44
138.95,12.32,25.14,50.75,0,0,2026-08-25 15:08:46
190.24,11.39,26.87,45.17,0,0,2026-08-25 15:08:48
197.79,7.67,25.57,49.52,0,0,2026-08-25 15:08:50
176.94,10.27,26.23,56.68,0,0,2026-08-25 15:08:52
121.42,12.17,23.69,51.57,0,0,2026-08-25 15:08:54
195.66,10.17,22.57,55.44,0,0,2026-08-25 15:08:56
199.16,10.48,21.89,47.2,0,0,2026-08-25 15:08:58
105.18,8.78,26.27,57.1,0,0,2026-08-25 15:09:00
169.77,14.51,25.66,49.3,0,0,2026-08-25 15:09:02
114.95,6.37,25.63,58.42,0,0,2026-08-25 15:09:04
160.76,12.85,22.14,49.28,0,0,2026-08-25 15:09:06
198.83,13.82,21.26,58.11,0,0,2026-08-25 15:09:08
176.03,13.18,24.32,52.41,0,0,2026-08-25 15:09:10
197.27,5.76,20.44,57.65,0,0,2026-08-25 15:09:12
133.01,10.45,22.25,56.84,0,0,2026-08-25 15:09:14
155.26,6.25,27.15,47.32,0,0,2026-08-25 15:09:16
142.43,5.18,24.77,50.9,0,0,2026-08-25 15:09:18
172.33,13.91,26.4,56.77,0,0,2026-08-25 15:09:20
147.0,6.62,24.18,53.05,0,0,2026-08-25 15:09:22
145.3,9.23,24.34,57.29,0,0,2026-08-25 15:09:24
137.34,6.98,20.29,45.13,0,0,2026-08-25 15:09:26
192.62,10.36,22.45,58.07,0,0,2026-08-25 15:09:28
128.91,7.34,27.68,54.68,0,0,2026-08-25 15:09:30
105.24,12.99,20.96,45.11,0,0,2026-08-25 15:09:32
158.23,13.77,24.02,56.92,0,0,2026-08-25 15:09:34
175.3,9.93,25.42,54.39,0,0,2026-08-25 15:09:36
102.44,5.8,27.92,59.19,0,0,2026-08-25 15:09:38
122.7,7.7,22.69,47.48,0,0,2026-08-25 15:09:40
114.71,9.9,27.67,57.62,0,0,2026-08-25 15:09:42
156.82,13.3,22.69,47.45,0,0,2026-08-25 15:09:44
170.13,12.42,27.05,46.55,0,0,2026-08-25 15:09:46
175.15,9.53,25.6,45.72,0,0,2026-08-25 15:09:48
140.59,11.64,24.98,52.18,0,0,2026-08-25 15:09:50
140.14,12.24,23.53,54.26,0,0,2026-08-25 15:09:52
187.29,5.8,22.58,45.4,0,0,2026-08-25 15:09:54
171.35,6.23,27.65,46.98,0,0,2026-08-25 15:09:56
115.87,11.87,20.16,53.0,0,0,2026-08-25 15:09:58
134.97,6.95,21.78,59.61,0,0,2026-08-25 15:10:00
169.15,11.19,24.94,56.44,0,0,2026-08-25 15:10:02
167.9,12.27,27.41,56.12,0,0,2026-08-25 15:10:04
144.95,10.89,25.46,46.84,0,0,2026-08-25 15:10:06
155.51,13.29,25.56,56.39,0,0,2026-08-25 15:10:08
293.68,41.17,31.92,75.41,0,0,2026-08-25 15:10:10
261.34,39.81,33.61,81.04,0,0,2026-08-25 15:10:12
269.31,43.27,37.04,73.33,0,0,2026-08-25 15:10:14
258.88,34.6,32.29,84.5,0,0,2026-08-25 15:10:16
307.95,32.31,36.23,72.34,0,0,2026-08-25 15:10:18
271.73,33.76,37.68,66.67,0,0,2026-08-25 15:10:20
348.21,42.45,31.94,84.47,0,0,2026-08-25 15:10:22
301.53,37.87,31.14,83.25,0,0,2026-08-25 15:10:24
173.67,10.5,27.84,54.74,0,0,2026-08-28 09:10:11
107.07,8.99,24.89,47.46,0,0,2026-08-28 09:10:13
121.75,5.4,22.21,49.71,0,0,2026-08-28 09:10:15
183.27,8.54,22.89,57.43,0,0,2026-08-28 09:10:19
182.26,8.61,24.14,46.33,0,0,2026-08-28 09:10:20
192.91,11.71,26.63,54.1,0,0,2026-08-28 09:10:21
133.59,12.79,25.63,47.38,0,0,2026-08-28 09:10:24
145.19,14.79,23.43,51.42,0,0,2026-08-28 09:10:25
118.17,10.04,26.37,55.81,0,0,2026-08-28 09:10:27
128.99,7.35,26.95,53.2,0,0,2026-08-28 09:10:29
195.01,12.49,25.62,58.72,0,0,2026-08-28 09:10:31
170.37,9.01,23.72,58.3,0,0,2026-08-28 09:10:33
141.5,5.11,20.07,58.1,0,0,2026-08-28 09:10:36
152.67,8.0,27.87,52.32,0,0,2026-08-28 09:10:38
185.66,10.74,22.52,51.82,0,0,2026-08-28 09:10:40
311.33,27.67,31.15,79.21,0,0,2026-08-28 09:10:42
312.07,40.61,30.12,78.99,0,0,2026-08-28 09:10:44
283.49,26.8,35.13,72.85,0,0,2026-08-28 09:10:46
261.15,41.37,36.43,83.95,0,0,2026-08-28 09:10:48
319.75,26.1,35.46,78.72,0,0,2026-08-28 09:10:50
296.72,34.1,33.11,84.01,0,0,2026-08-28 09:10:52
260.66,34.23,32.22,67.34,0,0,2026-08-28 09:10:54
323.57,27.11,31.19,72.55,0,0,2026-08-28 09:10:56
297.66,32.42,35.88,67.9,0,0,2026-08-28 09:10:58
291.63,29.15,31.15,68.08,0,0,2026-08-28 09:11:00
343.12,43.79,36.55,65.37,0,0,2026-08-28 09:11:02
280.06,38.94,33.36,78.76,0,0,2026-08-28 09:11:04
297.36,32.46,33.4,77.93,0,0,2026-08-28 09:11:07
253.03,41.24,36.94,80.76,0,0,2026-08-28 09:11:08
258.96,34.91,30.53,76.41,0,0,2026-08-28 09:11:10
314.79,44.03,34.77,71.97,0,0,2026-08-28 09:11:12
310.85,43.09,35.28,67.7,0,0,2026-08-28 09:11:14
308.74,29.37,30.44,74.82,0,0,2026-08-28 09:11:17
862.26,44.89,23.64,50.79,0,1,2026-08-28 09:11:18
412.16,24.94,27.65,48.37,0,0,2026-08-28 09:11:21
478.81,40.24,23.62,57.25,0,0,2026-08-28 09:11:23
815.57,29.26,22.9,49.38,0,1,2026-08-28 09:11:24
105.74,7.28,26.39,45.12,0,0,2026-08-28 09:11:26
189.77,12.68,21.75,55.88,0,0,2026-08-28 09:11:28
111.78,10.72,26.85,53.71,0,0,2026-08-28 09:11:31
109.06,6.03,25.91,50.96,0,0,2026-08-28 09:11:33
113.25,5.83,25.98,56.33,0,0,2026-08-28 09:11:34
105.25,10.04,21.2,54.2,0,0,2026-08-28 09:11:46
168.84,11.81,24.13,51.73,0,0,2026-08-28 09:11:48
303.89,187.26,59.08,41.08,1,2,2026-08-28 09:11:50
172.47,9.47,26.9,53.5,0,0,2026-08-28 09:11:53
186.85,14.03,22.56,55.29,0,0,2026-08-28 09:11:54
142.21,11.26,22.75,53.72,0,0,2026-08-28 09:11:57
182.6,14.59,20.93,46.06,0,0,2026-08-28 09:11:59
177.73,8.04,22.77,50.0,0,0,2026-08-28 09:12:01
157.23,10.28,21.5,58.63,0,0,2026-08-28 09:12:03
156.11,6.51,26.52,57.12,0,0,2026-08-28 09:12:05
164.75,11.45,20.97,46.24,0,0,2026-08-28 09:12:07
114.27,13.97,20.68,52.28,0,0,2026-08-28 09:12:09
128.03,9.58,22.73,46.14,0,0,2026-08-28 09:12:11
138.49,14.34,24.47,54.46,0,0,2026-08-28 09:12:13
124.32,7.99,25.01,53.51,0,0,2026-08-28 09:12:15
186.1,8.72,23.7,59.91,0,0,2026-08-28 09:12:17
100.3,10.28,26.45,57.09,0,0,2026-08-28 09:12:19
128.91,6.09,23.79,51.08,0,0,2026-08-28 09:12:21
101.75,5.5,20.51,51.95,0,0,2026-08-28 09:12:23
154.9,10.63,23.62,50.29,0,0,2026-08-28 09:12:25
158.62,6.27,26.44,51.74,0,0,2026-08-28 09:12:27
169.7,9.52,25.64,56.44,0,0,2026-08-28 09:12:29
183.9,8.7,25.16,49.72,0,0,2026-08-28 09:12:31
182.49,13.22,27.91,57.53,0,0,2026-08-28 09:12:34
131.17,14.44,24.24,45.7,0,0,2026-08-28 09:12:36
139.3,6.83,25.36,53.99,0,0,2026-08-28 09:12:37
197.46,8.21,21.0,54.99,0,0,2026-08-28 09:12:39
190.94,5.4,27.87,56.09,0,0,2026-08-28 09:12:42
102.76,6.85,22.15,48.99,0,0,2026-08-28 09:12:43
104.05,14.22,27.62,59.35,0,0,2026-08-28 09:12:45
134.02,14.19,21.36,46.48,0,0,2026-08-28 09:12:47
128.06,13.66,20.77,58.3,0,0,2026-08-28 09:12:50
116.68,14.05,24.31,59.11,0,0,2026-08-28 09:12:51
194.46,12.15,27.15,50.3,0,0,2026-08-28 09:12:53
145.79,11.28,21.19,47.86,0,0,2026-08-28 09:12:56
105.66,14.27,22.44,46.3,0,0,2026-08-28 09:12:58
145.74,8.15,26.94,56.91,0,0,2026-08-28 09:13:00
145.7,6.7,22.67,56.9,0,0,2026-08-28 09:13:01
458.49,39.24,22.35,52.58,0,0,2026-08-28 09:20:36
614.15,37.59,23.0,55.79,0,0,2026-08-28 09:20:38
879.19,30.85,22.26,50.06,0,0,2026-08-28 09:20:40
102.81,14.01,24.5,53.16,0,0,2026-08-28 09:20:42
159.94,7.51,23.48,51.76,0,0,2026-08-28 09:20:44
120.36,12.92,20.31,46.14,0,0,2026-08-28 09:20:46
163.14,14.32,20.5,59.62,0,0,2026-08-28 09:20:48
157.51,5.99,21.52,52.11,0,0,2026-08-28 09:20:50
121.79,14.26,21.72,57.76,0,0,2026-08-28 09:20:52
167.77,11.94,24.41,46.45,0,0,2026-08-28 09:20:54
153.64,8.4,26.32,55.28,0,0,2026-08-28 09:20:56
164.37,8.49,26.55,58.38,0,0,2026-08-28 09:20:58
105.24,11.66,27.84,52.69,0,0,2026-08-28 09:21:00
154.61,9.29,24.46,58.85,0,0,2026-08-28 09:21:02
197.17,9.85,25.29,54.19,0,0,2026-08-28 09:21:04
169.2,12.98,26.2,47.91,0,0,2026-08-28 09:21:06
123.16,7.63,22.99,45.25,0,0,2026-08-28 09:21:08
147.28,11.06,26.16,59.34,0,0,2026-08-28 09:21:10
137.25,13.51,20.66,50.25,0,0,2026-08-28 09:21:12
498.71,197.4,58.38,44.06,1,2,2026-08-28 09:21:14
502.76,151.71,45.5,34.87,1,2,2026-08-28 09:21:16
327.41,197.66,40.59,33.44,1,2,2026-08-28 09:21:18
423.75,177.54,48.61,41.14,1,2,2026-08-28 09:21:20
388.81,115.88,64.92,34.15,1,2,2026-08-28 09:21:22
459.21,138.26,63.05,33.73,1,2,2026-08-28 09:21:24
577.9,130.1,64.21,31.7,1,2,2026-08-28 09:21:26
461.36,128.03,54.48,39.4,1,2,2026-08-28 09:21:28
406.03,195.26,48.07,42.9,1,2,2026-08-28 09:21:31
359.35,177.6,45.28,42.54,1,2,2026-08-28 09:21:32
355.22,114.84,46.58,37.93,1,2,2026-08-28 09:21:34
386.82,156.45,52.03,31.54,1,2,2026-08-28 09:21:36
542.08,165.03,64.68,37.14,1,2,2026-08-28 09:21:38
498.79,105.28,60.57,31.63,1,2,2026-08-28 09:21:40
442.02,94.61,54.2,33.25,1,2,2026-08-28 09:21:42
571.75,191.37,57.32,42.29,1,2,2026-08-28 09:21:44
327.08,156.51,41.04,31.32,1,2,2026-08-28 09:21:46
528.27,199.77,55.95,33.07,1,2,2026-08-28 09:21:48
560.2,183.83,64.74,36.23,1,2,2026-08-28 09:21:50
387.59,125.6,42.66,37.8,1,2,2026-08-28 09:21:52
547.75,91.32,42.17,42.38,1,2,2026-08-28 09:21:54
400.52,166.84,50.63,39.15,1,2,2026-08-28 09:21:56
317.15,105.08,58.7,37.09,1,2,2026-08-28 09:21:59
583.86,140.32,56.63,30.61,1,2,2026-08-28 09:22:00
382.41,190.61,51.99,31.87,1,2,2026-08-28 09:22:02
525.47,113.07,47.61,37.83,1,2,2026-08-28 09:22:04
482.71,182.49,54.32,33.97,1,2,2026-08-28 09:22:06
580.11,153.7,40.24,31.44,1,2,2026-08-28 09:22:08
405.2,128.62,52.71,41.21,1,2,2026-08-28 09:22:10
536.84,88.9,44.08,38.22,1,2,2026-08-28 09:22:12
526.35,188.17,50.68,35.45,1,2,2026-08-28 09:22:14
477.49,109.67,51.46,32.78,1,2,2026-08-28 09:22:16
401.3,179.41,46.97,42.33,1,2,2026-08-28 09:22:18
446.62,183.12,42.47,40.67,1,2,2026-08-28 09:22:20
342.53,174.07,42.36,37.56,1,2,2026-08-28 09:22:22
363.22,95.17,53.37,35.55,1,2,2026-08-28 09:22:24
189.11,14.83,24.98,53.08,0,0,2026-08-28 09:22:26
181.72,9.7,25.92,58.95,0,0,2026-08-28 09:22:28
192.66,7.78,27.69,48.97,0,0,2026-08-28 09:22:30
133.04,5.8,26.96,53.24,0,0,2026-08-28 09:22:33
123.41,6.07,24.62,57.62,0,0,2026-08-28 09:22:34
104.53,8.34,23.71,59.1,0,0,2026-08-28 09:22:36
148.11,14.16,24.49,49.21,0,0,2026-08-28 09:22:38
192.24,14.71,25.89,46.41,0,0,2026-08-28 09:22:41
135.44,7.94,25.95,59.8,0,0,2026-08-28 09:22:42
154.02,11.3,27.72,45.54,0,0,2026-08-28 09:22:45
171.47,11.06,23.41,51.0,0,0,2026-08-28 09:22:48
143.19,13.74,25.32,57.06,0,0,2026-08-28 09:22:49
103.47,12.87,24.43,53.25,0,0,2026-08-28 09:22:50
108.41,12.1,25.18,55.02,0,0,2026-08-28 13:55:27
115.37,7.88,23.24,50.03,0,0,2026-08-28 13:55:29
124.06,14.64,23.84,58.75,0,0,2026-08-28 13:55:31
143.59,6.23,21.15,52.89,0,0,2026-08-28 13:55:33
108.13,12.83,20.82,59.8,0,0,2026-08-28 13:55:35
152.16,12.23,26.21,54.82,0,0,2026-08-28 13:55:38
191.3,9.58,27.91,50.12,0,0,2026-08-28 13:55:39
108.85,10.89,24.22,58.09,0,0,2026-08-28 13:55:41
128.7,10.95,23.02,58.0,0,0,2026-08-28 13:55:43
103.46,7.68,23.7,57.81,0,0,2026-08-28 13:55:45
174.02,12.93,26.77,47.06,0,0,2026-08-28 13:55:47
136.36,7.08,21.33,49.96,0,0,2026-08-28 13:55:50
103.55,6.57,23.54,47.15,0,0,2026-08-28 13:55:51
102.15,14.59,26.51,51.01,0,0,2026-08-28 13:55:53
169.99,13.35,23.6,53.85,0,0,2026-08-28 13:55:55
153.02,5.02,21.56,45.08,0,0,2026-08-28 13:55:57
132.54,9.7,23.38,50.61,0,0,2026-08-28 13:55:59
122.95,7.03,24.0,54.14,0,0,2026-08-28 13:56:01
126.06,10.1,27.32,54.27,0,0,2026-08-28 13:56:04
156.69,6.39,20.6,51.56,0,0,2026-08-28 13:56:05
188.84,10.28,22.61,47.69,0,0,2026-08-28 13:56:07
183.37,12.22,21.43,45.99,0,0,2026-08-29 15:18:33
167.56,14.28,26.13,56.74,0,0,2026-08-29 15:18:35
190.77,14.93,20.71,46.17,0,0,2026-08-29 15:18:37
168.34,9.39,22.37,48.97,0,0,2026-08-29 15:18:39
153.23,5.3,20.05,47.83,0,0,2026-08-29 15:18:41
166.79,13.95,22.01,45.93,0,0,2026-08-29 15:18:43
156.5,12.38,25.81,46.71,0,0,2026-08-29 15:18:45
107.38,8.11,25.68,55.91,0,0,2026-08-29 15:18:47
155.49,8.19,23.7,53.88,0,0,2026-08-29 15:18:49
104.48,6.0,23.53,59.77,0,0,2026-08-29 15:18:51
143.35,5.39,23.98,59.96,0,0,2026-08-29 15:18:53
164.14,11.68,22.56,59.22,0,0,2026-08-29 15:18:55
151.29,5.42,25.12,49.61,0,0,2026-08-29 15:18:57
192.3,5.77,23.14,52.16,0,0,2026-08-29 15:18:59
184.53,11.67,25.71,52.46,0,0,2026-08-29 15:19:01
179.46,10.21,24.66,52.21,0,0,2026-08-29 15:19:03
158.94,9.32,26.67,55.37,0,0,2026-08-29 15:19:05
101.54,7.34,22.78,55.45,0,0,2026-08-29 15:19:07
108.84,11.52,20.18,50.55,0,0,2026-08-29 15:19:09
172.33,7.74,21.69,59.57,0,0,2026-08-29 15:19:11
192.25,10.5,20.11,45.81,0,0,2026-08-29 15:19:13
143.83,6.26,24.82,52.85,0,0,2026-08-29 15:19:15
152.18,6.94,22.3,53.86,0,0,2026-08-29 15:19:17
103.61,13.17,25.4,45.77,0,0,2026-08-29 15:19:19
138.0,9.05,20.91,57.54,0,0,2026-08-29 15:19:21
139.82,14.48,25.18,59.99,0,0,2026-08-29 15:19:23
194.73,14.78,20.64,47.98,0,0,2026-08-29 15:19:25
158.25,14.92,26.74,55.54,0,0,2026-08-29 15:19:27
133.53,12.1,20.78,45.57,0,0,2026-08-29 15:19:29
121.12,11.07,24.05,47.2,0,0,2026-08-29 15:19:31
131.03,12.16,27.61,45.02,0,0,2026-08-29 15:19:33
145.07,11.74,22.51,59.07,0,0,2026-08-29 15:19:35
171.29,12.4,27.91,59.64,0,0,2026-08-29 15:19:37
126.89,11.32,25.73,52.19,0,0,2026-08-29 15:19:39
145.85,5.69,26.27,52.32,0,0,2026-08-29 15:19:41
285.82,30.33,37.01,72.74,0,0,2026-08-29 15:19:43
276.09,27.92,34.56,84.07,0,0,2026-08-29 15:19:45
307.5,26.32,32.31,69.96,0,0,2026-08-29 15:19:47
258.5,44.45,34.08,69.64,0,0,2026-08-29 15:19:49
763.11,40.83,24.54,52.46,0,1,2026-08-29 15:19:51
878.23,31.22,23.91,55.48,0,1,2026-08-29 15:19:53
620.75,23.62,26.43,49.4,0,0,2026-08-29 15:19:55
577.79,44.71,22.56,57.92,0,0,2026-08-29 15:19:57
676.07,20.08,26.93,59.79,0,0,2026-08-29 15:19:59
603.9,49.54,23.34,47.05,0,0,2026-08-29 15:20:01
748.06,49.36,26.7,58.97,0,1,2026-08-29 15:20:03
639.24,25.2,27.24,47.03,0,0,2026-08-29 15:20:05
799.11,33.79,24.17,46.8,0,1,2026-08-29 15:20:07
140.92,6.2,21.68,55.94,0,0,2026-08-29 15:20:10
124.3,5.78,26.77,49.82,0,0,2026-08-29 15:20:11
173.05,10.05,26.49,52.37,0,0,2026-08-29 15:20:13
111.72,14.05,27.69,47.38,0,0,2026-08-29 15:20:15
134.57,14.95,21.68,54.83,0,0,2026-08-29 15:20:17
149.98,10.51,23.36,55.64,0,0,2026-08-29 15:20:19
180.05,5.53,25.98,51.43,0,0,2026-08-29 15:20:21
175.86,14.55,22.36,53.9,0,0,2026-08-29 15:20:23
167.25,5.49,25.02,50.92,0,0,2026-08-29 15:20:25
158.87,13.07,20.14,57.64,0,0,2026-08-29 15:20:27
135.08,9.43,20.49,49.2,0,0,2026-08-29 15:20:29
144.13,11.26,24.29,50.12,0,0,2026-08-29 15:20:31
158.18,7.99,25.3,54.84,0,0,2026-08-29 15:20:33
160.35,8.39,24.98,56.59,0,0,2026-08-29 15:20:35
138.77,8.05,20.91,60.0,0,0,2026-08-29 15:20:37
193.04,9.0,27.17,55.09,0,0,2026-08-29 15:20:39
184.33,13.02,22.25,48.12,0,0,2026-08-29 15:20:41
158.94,14.41,26.21,45.7,0,0,2026-08-29 15:20:43
573.85,186.31,62.02,40.03,1,2,2026-08-29 15:20:45
381.38,176.39,64.7,34.45,1,2,2026-08-29 15:20:47
197.69,9.36,23.27,56.05,0,0,2026-08-29 15:20:49
169.05,6.68,27.8,48.45,0,0,2026-08-29 15:20:51
136.99,14.18,26.46,53.98,0,0,2026-08-29 15:20:53
170.61,9.71,25.42,46.69,0,0,2026-08-29 15:20:55
157.22,13.07,21.06,49.6,0,0,2026-08-29 15:20:57
140.95,13.85,24.91,55.28,0,0,2026-08-29 15:20:59
187.01,8.62,21.33,53.09,0,0,2026-08-29 15:21:01
136.48,14.75,25.38,47.34,0,0,2026-08-29 15:21:03
116.74,6.03,27.79,46.95,0,0,2026-08-29 15:21:05
184.07,9.42,23.04,50.95,0,0,2026-08-29 15:21:07
153.83,8.82,25.67,52.25,0,0,2026-08-29 15:21:09
176.2,7.28,25.6,47.94,0,0,2026-08-29 15:21:11
104.64,9.57,25.27,51.37,0,0,2026-08-29 15:21:13
187.76,12.17,25.21,56.01,0,0,2026-08-29 15:21:15
176.77,11.83,25.97,57.55,0,0,2026-08-29 15:21:17
186.65,9.74,22.39,57.66,0,0,2026-08-29 15:21:19
163.06,6.5,22.06,47.74,0,0,2026-08-29 15:21:21
129.63,7.72,25.39,55.16,0,0,2026-08-29 15:21:23
117.79,7.96,22.46,51.09,0,0,2026-08-29 15:21:25
195.89,7.4,22.59,50.39,0,0,2026-08-29 15:21:27
142.67,14.45,21.13,54.72,0,0,2026-08-29 15:21:29
115.35,13.6,23.49,49.82,0,0,2026-08-29 15:21:33
169.85,11.81,27.65,54.21,0,0,2026-08-29 15:21:34
180.96,7.69,22.5,56.51,0,0,2026-08-29 15:21:35
120.97,11.73,20.71,51.04,0,0,2026-08-29 15:21:38
176.4,13.69,25.59,58.63,0,0,2026-08-29 15:21:40
131.67,7.73,26.39,48.58,0,0,2026-08-29 15:21:42
196.64,5.77,27.54,56.15,0,0,2026-08-29 15:21:44
120.55,12.29,26.32,59.39,0,0,2026-08-29 15:21:47
123.83,8.84,27.18,49.37,0,0,2026-08-29 15:21:47
126.44,10.57,27.7,50.15,0,0,2026-08-29 15:21:49
107.99,7.16,21.5,56.31,0,0,2026-08-29 15:21:52
144.16,12.87,26.25,52.47,0,0,2026-08-29 15:21:53
116.5,6.7,26.19,45.2,0,0,2026-08-29 15:21:57
195.61,7.63,21.41,52.97,0,0,2026-08-29 15:22:05
191.44,5.4,20.28,48.73,0,0,2026-08-29 15:22:05
124.57,10.58,22.16,53.16,0,0,2026-08-29 15:22:06
151.62,8.88,20.84,52.39,0,0,2026-08-29 15:22:06
143.71,11.25,22.46,58.74,0,0,2026-08-29 15:22:06
179.1,10.68,23.44,59.28,0,0,2026-08-29 15:22:08
101.78,8.88,20.29,55.11,0,0,2026-08-29 15:22:10
101.67,12.73,25.72,48.8,0,0,2026-08-29 15:22:15
145.61,12.87,23.94,49.87,0,0,2026-08-29 15:22:15
164.05,5.4,21.65,53.64,0,0,2026-08-29 15:22:15
179.27,8.75,24.71,49.42,0,0,2026-08-29 15:22:17
145.67,10.84,26.37,47.75,0,0,2026-08-29 15:22:20
192.62,13.61,22.22,55.65,0,0,2026-08-29 15:22:21
112.59,9.76,22.62,48.4,0,0,2026-08-29 15:22:23
116.72,6.9,25.44,53.24,0,0,2026-08-29 15:22:26
116.16,8.37,22.49,59.11,0,0,2026-08-29 15:22:28
166.22,11.36,21.66,47.34,0,0,2026-08-29 15:22:30
116.19,10.73,22.31,51.72,0,0,2026-08-29 15:22:32
176.57,8.06,25.29,54.13,0,0,2026-08-29 15:22:34
165.93,13.76,20.99,57.78,0,0,2026-08-29 15:22:36
117.86,13.74,25.93,54.51,0,0,2026-08-29 15:22:38
130.3,9.47,27.77,50.8,0,0,2026-08-29 15:22:40
130.23,10.36,25.15,51.62,0,0,2026-08-29 15:22:41
157.95,13.64,25.85,55.45,0,0,2026-08-29 15:22:43
114.01,5.31,24.58,54.86,0,0,2026-08-29 15:22:46
114.62,13.74,20.84,47.66,0,0,2026-08-29 15:22:47
184.7,5.76,24.85,45.74,0,0,2026-08-29 15:22:49
189.82,12.85,26.66,53.99,0,0,2026-08-29 15:22:52
110.01,5.86,26.99,55.56,0,0,2026-08-29 15:22:54
184.95,5.61,23.47,58.86,0,0,2026-08-29 15:22:56
100.5,12.58,26.04,47.32,0,0,2026-08-29 15:22:57
143.93,10.45,25.91,50.8,0,0,2026-08-29 15:23:00
162.78,7.13,23.36,54.33,0,0,2026-08-29 15:23:01
101.38,12.1,20.72,50.91,0,0,2026-08-29 15:23:03
185.28,7.69,21.27,58.7,0,0,2026-08-29 15:23:05
147.19,9.34,26.14,59.72,0,0,2026-08-29 15:23:10
142.68,11.08,21.25,46.83,0,0,2026-08-29 15:23:10
178.68,12.53,24.33,59.63,0,0,2026-08-29 15:23:15
163.2,13.91,24.94,51.45,0,0,2026-08-29 15:23:15
171.2,11.49,21.3,57.78,0,0,2026-08-29 15:23:16
175.1,10.8,26.96,55.3,0,0,2026-08-29 15:23:18
136.59,8.52,25.7,48.71,0,0,2026-08-29 15:23:22
153.18,11.23,24.27,53.68,0,0,2026-08-29 15:23:22
117.27,9.9,26.04,53.78,0,0,2026-08-29 15:23:27
160.58,5.16,20.62,53.88,0,0,2026-08-29 15:23:27
142.81,11.98,24.07,55.09,0,0,2026-08-29 15:23:28
118.88,14.06,22.62,51.34,0,0,2026-08-29 15:23:30
289.66,44.09,30.12,71.53,0,0,2026-08-29 15:23:32
271.04,27.26,35.39,84.46,0,0,2026-08-29 15:23:33
281.07,41.51,31.33,76.28,0,0,2026-08-29 15:23:39
309.44,35.86,37.96,71.0,0,0,2026-08-29 15:23:39
267.23,29.59,37.95,84.17,0,0,2026-08-29 15:23:40
864.53,48.97,24.45,57.58,0,1,2026-08-29 15:23:47
630.33,20.78,23.52,46.19,0,0,2026-08-29 15:23:47
758.98,41.63,22.99,59.42,0,1,2026-08-29 15:23:47
533.43,48.45,24.87,57.75,0,0,2026-08-29 15:23:48
666.86,44.36,24.04,51.58,0,0,2026-08-29 15:23:50
636.77,34.42,27.04,51.28,0,0,2026-08-29 15:23:52
880.06,28.08,23.42,53.09,0,1,2026-08-29 15:23:54
548.62,22.96,26.44,54.63,0,0,2026-08-29 15:23:55
893.22,44.6,24.12,48.45,0,1,2026-08-29 15:23:58
524.83,25.06,22.56,58.16,0,0,2026-08-29 15:24:00
882.16,44.31,24.77,57.93,0,1,2026-08-29 15:24:02
785.26,39.2,27.16,58.93,0,1,2026-08-29 15:24:04
710.4,23.3,22.6,53.46,0,0,2026-08-29 15:24:06
844.25,20.56,26.66,48.59,0,1,2026-08-29 15:24:08
101.69,12.99,22.04,53.76,0,0,2026-08-29 15:24:10
194.79,5.07,24.92,47.4,0,0,2026-08-29 15:24:11
102.18,10.8,24.45,59.82,0,0,2026-08-29 15:24:19
103.8,12.87,21.08,54.78,0,0,2026-08-29 15:24:19
192.41,13.75,22.69,54.64,0,0,2026-08-29 15:24:20
105.6,8.54,21.32,50.39,0,0,2026-08-29 15:24:20
163.26,5.97,27.0,56.15,0,0,2026-08-29 15:24:22
110.82,14.28,25.84,47.74,0,0,2026-08-29 15:24:24
117.15,14.06,22.54,46.98,0,0,2026-08-29 15:24:30
141.3,9.08,24.4,46.79,0,0,2026-08-29 15:24:30
170.31,6.55,25.73,53.32,0,0,2026-08-29 15:24:41
151.25,11.26,24.24,50.76,0,0,2026-08-29 15:24:41
199.44,10.84,23.68,54.42,0,0,2026-08-29 15:24:41
161.8,10.37,22.16,45.88,0,0,2026-08-29 15:25:18
135.16,6.94,23.97,57.49,0,0,2026-08-29 15:25:18
137.31,13.54,26.6,51.35,0,0,2026-08-29 15:25:18
132.81,13.42,24.49,45.14,0,0,2026-08-29 15:25:18
189.01,10.23,22.82,46.42,0,0,2026-08-29 15:25:18
134.06,8.48,23.01,59.18,0,0,2026-08-29 15:26:00
563.17,184.57,42.77,36.96,1,2,2026-08-29 15:26:00
325.33,160.28,59.23,42.16,1,2,2026-08-29 15:26:00
587.41,117.64,55.34,40.67,1,2,2026-08-29 15:26:00
576.38,91.44,54.81,42.39,1,2,2026-08-29 15:26:00
439.01,116.99,42.35,31.24,1,2,2026-08-29 15:26:00
579.97,131.11,41.64,31.49,1,2,2026-08-29 15:26:00
441.54,115.36,53.91,40.96,1,2,2026-08-29 15:26:00
325.46,131.43,51.68,40.23,1,2,2026-08-29 15:26:03
557.73,94.07,63.3,42.57,1,2,2026-08-29 15:26:03
496.23,98.94,51.8,35.37,1,2,2026-08-29 15:26:03
582.72,119.18,51.63,39.36,1,2,2026-08-29 15:26:03
397.75,185.23,62.33,35.81,1,2,2026-08-29 15:26:03
321.4,136.79,60.61,41.95,1,2,2026-08-29 15:26:03
406.12,100.26,51.01,35.64,1,2,2026-08-29 15:26:03
412.12,119.03,64.27,35.28,1,2,2026-08-29 15:26:03
370.74,186.89,56.28,37.99,1,2,2026-08-29 15:26:03
159.56,7.01,22.98,49.59,0,0,2026-08-29 15:26:03
110.91,14.89,25.98,57.2,0,0,2026-08-29 15:26:03
142.83,10.49,22.48,55.45,0,0,2026-08-29 15:26:03
166.4,10.0,20.16,58.0,0,0,2026-08-29 15:26:03
130.41,11.41,21.32,58.61,0,0,2026-08-29 15:26:03
182.83,6.34,26.69,49.06,0,0,2026-08-29 15:26:03
115.55,12.77,26.4,46.63,0,0,2026-08-29 15:26:03
167.1,9.23,27.1,52.82,0,0,2026-08-29 15:26:03
141.68,7.68,20.83,58.59,0,0,2026-08-29 15:26:03
165.19,7.41,27.31,50.2,0,0,2026-08-29 15:26:03
104.81,14.76,21.06,52.62,0,0,2026-08-29 15:26:03
141.69,7.77,22.86,58.39,0,0,2026-08-29 15:26:03
182.27,9.51,20.09,51.26,0,0,2026-08-29 15:26:03
100.11,6.58,23.23,55.99,0,0,2026-08-29 15:26:03
159.63,10.02,20.17,46.7,0,0,2026-08-29 15:26:03
176.36,8.34,21.05,56.34,0,0,2026-08-29 15:26:03
111.42,14.52,25.64,54.02,0,0,2026-08-29 15:26:03
337.57,39.23,32.85,76.2,0,0,2026-08-29 15:26:03
250.06,38.14,35.41,79.09,0,0,2026-08-29 15:26:03
278.1,36.09,32.47,76.78,0,0,2026-08-29 15:26:03
297.4,40.11,34.9,70.88,0,0,2026-08-29 15:26:03
345.16,29.03,37.98,82.83,0,0,2026-08-29 15:26:03
260.62,37.0,32.09,68.39,0,0,2026-08-29 15:26:03
282.31,31.86,31.89,76.27,0,0,2026-08-29 15:26:06
272.1,36.07,31.16,66.69,0,0,2026-08-29 15:26:09
266.6,29.11,32.9,67.58,0,0,2026-08-29 15:26:10
283.95,39.98,34.68,68.57,0,0,2026-08-29 15:26:12
268.96,34.8,36.28,71.57,0,0,2026-08-29 15:26:14
271.65,41.95,35.06,70.65,0,0,2026-08-29 15:26:18
251.04,39.9,35.63,83.36,0,0,2026-08-29 15:26:19
315.73,40.11,32.78,78.77,0,0,2026-08-29 15:26:19
333.96,42.6,34.97,73.33,0,0,2026-08-29 15:26:21
290.65,26.3,36.46,78.56,0,0,2026-08-29 15:26:23
288.12,35.43,37.33,79.03,0,0,2026-08-29 15:26:25
347.11,38.02,36.52,69.92,0,0,2026-08-29 15:26:28
309.58,33.15,30.75,67.7,0,0,2026-08-29 15:26:29
322.34,36.1,34.46,75.05,0,0,2026-08-29 15:26:32
329.79,29.69,35.96,72.92,0,0,2026-08-29 15:26:34
277.26,37.74,34.67,70.59,0,0,2026-08-29 15:26:36
267.28,37.85,34.15,67.26,0,0,2026-08-29 15:26:44
294.46,43.59,37.58,78.23,0,0,2026-08-29 15:26:44
264.53,34.96,30.63,65.03,0,0,2026-08-29 15:26:46
272.06,37.55,32.84,72.04,0,0,2026-08-29 15:26:46
335.13,29.54,32.53,76.76,0,0,2026-08-29 15:26:49
316.02,25.16,33.46,84.12,0,0,2026-08-29 15:26:50
434.89,45.35,25.87,59.56,0,0,2026-08-29 15:26:50
823.12,23.73,24.9,47.96,0,1,2026-08-29 15:26:53
892.38,37.1,27.38,54.84,0,1,2026-08-29 15:26:53
895.58,25.43,26.29,56.57,0,1,2026-08-29 15:26:56
404.89,49.02,24.17,57.46,0,0,2026-08-29 15:26:58
557.81,44.37,25.38,46.67,0,0,2026-08-29 15:27:00
625.27,48.19,22.64,45.92,0,0,2026-08-29 15:27:02
664.66,43.46,26.93,47.78,0,0,2026-08-29 15:27:06
132.06,10.48,26.77,48.0,0,0,2026-08-29 15:27:07
170.27,9.75,20.17,54.62,0,0,2026-08-29 15:27:08
178.41,9.81,21.06,58.28,0,0,2026-08-29 15:27:09
189.72,7.07,24.01,51.42,0,0,2026-08-29 15:27:12
130.28,13.81,25.0,58.23,0,0,2026-08-29 15:27:14
356.57,151.45,63.49,34.04,1,2,2026-08-29 15:27:16
576.14,162.48,51.11,35.47,1,2,2026-08-29 15:27:17
177.24,5.39,27.16,59.12,0,0,2026-08-29 15:27:20
111.79,8.7,21.93,52.83,0,0,2026-08-29 15:27:22
106.02,6.52,27.09,51.68,0,0,2026-08-29 15:27:28
182.83,6.48,25.14,45.67,0,0,2026-08-29 15:27:28
192.66,13.22,20.4,52.94,0,0,2026-08-29 15:27:28
188.44,14.02,23.74,51.25,0,0,2026-08-29 15:27:29
187.45,10.75,24.78,55.59,0,0,2026-08-29 15:27:31
102.1,11.78,24.36,51.6,0,0,2026-08-29 15:27:35
198.36,9.24,26.96,51.33,0,0,2026-08-29 15:27:37
122.99,5.3,20.19,49.55,0,0,2026-08-29 15:27:37
110.99,9.86,20.09,49.94,0,0,2026-08-29 15:27:40
143.19,6.09,23.92,59.88,0,0,2026-08-29 15:27:44
139.08,7.25,20.83,47.8,0,0,2026-08-29 15:27:49
117.04,11.59,20.83,51.33,0,0,2026-08-29 15:27:49
199.34,5.63,20.4,52.56,0,0,2026-08-29 15:27:49
192.59,12.03,24.54,50.55,0,0,2026-08-29 15:27:49
138.79,5.09,20.23,46.7,0,0,2026-08-29 15:27:52
176.3,13.09,22.68,50.13,0,0,2026-08-29 15:27:54
190.52,10.47,25.54,57.2,0,0,2026-08-29 15:27:56
199.75,12.21,25.24,54.81,0,0,2026-08-29 15:27:57
106.84,6.92,25.9,59.03,0,0,2026-08-29 15:28:00
109.3,8.21,23.26,58.44,0,0,2026-08-29 15:28:02
156.94,10.4,22.38,54.37,0,0,2026-08-29 15:28:04
192.38,9.22,20.07,50.02,0,0,2026-08-29 15:28:08
102.34,11.66,23.64,45.16,0,0,2026-08-29 15:28:08
157.33,13.51,22.74,58.45,0,0,2026-08-29 15:28:10
176.31,5.31,20.67,51.21,0,0,2026-08-29 15:28:12
186.1,12.94,23.02,45.71,0,0,2026-08-29 15:28:14
194.8,6.74,24.79,45.56,0,0,2026-08-29 15:28:16
139.59,11.97,23.33,52.74,0,0,2026-08-29 15:28:18
184.5,11.94,22.88,55.09,0,0,2026-08-29 15:28:19
112.19,13.41,26.89,45.24,0,0,2026-08-29 15:28:22
107.33,14.54,23.63,49.45,0,0,2026-08-29 15:28:23
197.09,9.4,22.62,47.09,0,0,2026-08-29 15:28:25
105.21,12.12,27.63,58.61,0,0,2026-08-29 15:28:28
108.24,9.77,20.8,50.24,0,0,2026-08-29 15:28:30
113.7,5.19,22.78,50.98,0,0,2026-08-29 15:28:31
163.34,10.85,26.4,49.15,0,0,2026-08-29 15:28:34
146.26,6.09,22.96,50.91,0,0,2026-08-29 15:28:35
149.99,5.48,25.58,56.1,0,0,2026-08-29 15:28:38
168.86,10.17,21.4,45.43,0,0,2026-08-29 15:28:40
154.96,14.9,25.19,48.18,0,0,2026-08-29 15:28:42
106.6,8.52,23.65,51.64,0,0,2026-08-29 15:28:44
116.17,10.92,24.03,50.78,0,0,2026-08-29 15:28:45
123.65,12.06,25.04,45.32,0,0,2026-08-29 15:28:48
167.61,6.21,20.74,49.76,0,0,2026-08-29 15:28:50
129.69,13.97,27.52,49.28,0,0,2026-08-29 15:28:54
175.04,6.44,24.8,55.31,0,0,2026-08-29 15:28:57
162.5,10.74,22.63,53.12,0,0,2026-08-29 15:28:57
128.12,13.3,26.04,56.86,0,0,2026-08-29 15:28:58
104.23,5.23,24.69,47.94,0,0,2026-08-29 15:29:00
104.49,7.12,26.89,59.9,0,0,2026-08-29 15:29:01
125.09,8.13,24.46,57.01,0,0,2026-08-29 15:29:04
198.93,14.31,25.31,59.5,0,0,2026-08-29 15:29:06
148.92,7.79,21.45,58.8,0,0,2026-08-29 15:29:08
198.81,7.64,21.39,57.23,0,0,2026-08-29 15:29:10
168.83,7.98,23.33,59.55,0,0,2026-08-29 15:29:12
174.12,11.37,22.63,53.83,0,0,2026-08-29 15:29:14
169.57,7.27,24.61,54.05,0,0,2026-08-29 15:29:18
106.04,13.14,23.12,56.0,0,0,2026-08-29 15:29:19
110.16,7.5,27.03,55.59,0,0,2026-08-29 15:29:22
159.43,11.95,21.97,53.29,0,0,2026-08-29 15:29:23
150.05,14.74,25.23,49.72,0,0,2026-08-29 15:29:23
199.32,7.59,24.56,55.52,0,0,2026-08-29 15:29:25
159.58,5.06,22.63,56.0,0,0,2026-08-29 15:29:28
125.39,9.39,24.09,49.8,0,0,2026-08-29 15:29:30
190.58,11.77,20.17,54.57,0,0,2026-08-29 15:29:32
199.7,11.42,22.15,51.28,0,0,2026-08-29 15:29:33
151.73,11.01,27.18,57.22,0,0,2026-08-29 15:29:36
135.33,9.48,25.12,54.01,0,0,2026-08-29 15:29:38
136.36,5.84,22.84,59.21,0,0,2026-08-29 15:29:40
120.05,6.88,27.02,52.47,0,0,2026-08-29 15:29:41
101.42,14.68,25.94,53.49,0,0,2026-08-29 15:29:43
116.68,5.81,25.93,45.52,0,0,2026-08-29 15:29:45
102.39,9.03,21.45,54.01,0,0,2026-08-29 15:29:47
185.76,6.65,20.38,50.46,0,0,2026-08-29 15:29:49
182.84,10.8,27.21,59.83,0,0,2026-08-29 15:29:52
168.48,13.7,27.44,58.59,0,0,2026-08-29 15:29:53
144.48,5.87,25.42,53.38,0,0,2026-08-29 15:29:55
132.64,11.26,26.39,56.94,0,0,2026-08-29 15:29:58
105.42,10.1,23.32,59.59,0,0,2026-08-29 15:29:59
162.25,5.17,20.11,57.08,0,0,2026-08-29 15:30:02
124.84,5.02,25.45,54.97,0,0,2026-08-29 15:30:03
185.63,10.08,24.09,48.81,0,0,2026-08-29 15:30:07
177.27,9.99,24.8,47.54,0,0,2026-08-29 15:30:08
176.57,5.06,24.69,50.05,0,0,2026-08-29 15:30:10
156.91,13.48,23.15,59.28,0,0,2026-08-29 15:30:12
190.6,7.61,24.14,51.0,0,0,2026-08-29 15:30:15
197.25,11.74,22.66,52.63,0,0,2026-08-29 15:30:16
161.27,10.06,25.84,54.58,0,0,2026-08-29 15:30:18
319.11,35.08,33.61,75.46,0,0,2026-08-29 15:30:20
733.21,47.09,25.24,57.51,0,1,2026-08-29 15:30:22
481.65,38.63,27.58,56.11,0,0,2026-08-29 15:30:24
192.43,12.27,24.96,45.82,0,0,2026-08-29 15:30:26
131.81,7.59,20.71,59.13,0,0,2026-08-29 15:30:27
194.28,13.95,20.91,58.27,0,0,2026-08-29 15:30:29
103.07,13.12,21.84,57.86,0,0,2026-08-29 15:30:31
438.16,100.24,52.06,42.19,1,2,2026-08-29 15:30:34
448.33,132.33,62.92,30.28,1,2,2026-08-29 15:30:40
319.01,98.31,57.14,36.32,1,2,2026-08-29 15:30:40
358.81,86.94,57.92,42.17,1,2,2026-08-29 15:30:41
354.38,104.74,54.64,32.86,1,2,2026-08-29 15:30:41
561.73,102.27,45.38,35.02,1,2,2026-08-29 15:30:43
428.13,125.59,49.12,39.13,1,2,2026-08-29 15:30:46
549.38,115.42,46.51,41.59,1,2,2026-08-29 15:30:48
314.03,132.3,52.32,40.44,1,2,2026-08-29 15:30:51
576.32,173.52,44.52,32.05,1,2,2026-08-29 15:30:52
323.32,108.77,63.47,36.38,1,2,2026-08-29 15:30:56
501.83,187.56,53.67,32.89,1,2,2026-08-29 15:30:56
315.86,188.15,43.91,35.8,1,2,2026-08-29 15:31:00
343.18,169.24,50.22,34.91,1,2,2026-08-29 15:31:00
574.5,171.07,48.76,30.23,1,2,2026-08-29 15:31:03
576.02,117.53,49.44,41.05,1,2,2026-08-29 15:31:05
307.91,143.4,55.67,33.57,1,2,2026-08-29 15:31:06
585.5,148.7,48.97,42.59,1,2,2026-08-29 15:31:08
123.6,10.67,21.2,46.09,0,0,2026-08-29 15:53:29
164.53,6.84,23.31,54.09,0,0,2026-08-29 15:53:32
166.43,13.31,21.54,52.8,0,0,2026-08-29 15:53:36
194.16,7.91,27.24,58.65,0,0,2026-08-29 15:53:36
139.16,12.33,21.87,48.08,0,0,2026-08-29 15:53:37
169.03,10.45,27.42,49.46,0,0,2026-08-29 15:53:41
141.41,6.69,25.55,52.03,0,0,2026-08-29 15:53:44
186.84,11.83,24.54,47.18,0,0,2026-08-29 15:53:44
152.25,10.58,25.09,56.56,0,0,2026-08-29 17:07:34
146.7,14.33,22.33,52.83,0,0,2026-08-29 17:07:35
143.76,6.67,26.35,47.77,0,0,2026-08-29 17:07:38
141.22,12.7,26.36,47.12,0,0,2026-08-29 17:07:39
156.82,7.11,23.22,55.62,0,0,2026-08-29 17:07:41
158.03,7.74,21.22,50.34,0,0,2026-08-29 17:07:44
117.7,9.81,23.26,54.46,0,0,2026-08-29 17:07:45
197.59,9.93,21.89,46.16,0,0,2026-08-29 17:07:48
110.69,10.38,27.79,54.49,0,0,2026-08-29 17:07:49
192.93,5.61,20.74,59.39,0,0,2026-08-29 17:07:52
119.47,14.6,22.55,48.37,0,0,2026-08-29 17:07:54
139.98,10.38,20.26,48.97,0,0,2026-08-29 17:07:56
150.92,12.34,27.09,50.09,0,0,2026-08-29 17:07:57
156.89,12.59,20.59,54.19,0,0,2026-08-29 17:08:00
135.74,8.91,22.25,45.6,0,0,2026-08-29 17:08:02
107.49,11.48,26.3,52.39,0,0,2026-08-29 17:08:04
163.74,7.33,25.4,56.23,0,0,2026-08-29 17:08:05
153.51,13.5,23.08,51.48,0,0,2026-08-29 17:08:08
130.09,7.3,25.18,54.45,0,0,2026-08-29 17:08:10
191.89,6.17,21.57,48.28,0,0,2026-08-29 17:08:12
134.43,9.32,21.54,56.07,0,0,2026-08-29 17:08:13
160.89,5.32,22.63,46.2,0,0,2026-08-29 17:08:16
112.51,14.99,20.95,52.08,0,0,2026-08-29 17:08:17
100.89,7.57,26.89,51.36,0,0,2026-08-29 17:08:19
180.0,5.28,26.51,55.03,0,0,2026-08-29 17:08:21
145.53,6.83,24.49,46.9,0,0,2026-08-29 17:08:24
125.39,10.32,24.21,59.83,0,0,2026-08-29 17:08:26
156.08,6.84,23.33,59.61,0,0,2026-08-29 17:08:28
158.02,8.88,22.14,45.89,0,0,2026-08-29 17:08:30
156.58,13.79,23.57,53.17,0,0,2026-08-29 17:08:32
151.77,6.6,22.24,58.09,0,0,2026-08-29 17:08:34
140.94,5.13,25.38,49.77,0,0,2026-08-29 17:08:36
129.12,13.47,23.97,50.51,0,0,2026-08-29 17:08:38
154.31,14.97,22.11,58.52,0,0,2026-08-29 17:08:40
173.86,12.82,23.16,58.6,0,0,2026-08-29 17:08:42
102.79,7.08,27.42,58.43,0,0,2026-08-29 17:08:44
191.67,7.96,27.11,55.6,0,0,2026-08-29 17:08:46
149.88,7.1,22.67,54.06,0,0,2026-08-29 17:08:48
142.56,12.21,20.63,55.3,0,0,2026-08-29 17:08:50
124.88,14.78,21.41,46.28,0,0,2026-08-29 17:08:52
175.27,5.01,20.85,46.69,0,0,2026-08-29 17:08:54
152.28,11.92,24.48,49.8,0,0,2026-08-29 17:08:56
187.76,12.41,22.96,49.33,0,0,2026-08-29 17:08:58
184.95,9.13,24.4,53.49,0,0,2026-08-29 17:09:00
133.26,5.79,26.89,56.98,0,0,2026-08-29 17:09:02
156.9,9.43,26.53,46.94,0,0,2026-08-29 17:09:04
286.11,39.65,33.98,78.09,0,0,2026-08-29 17:09:08
421.0,39.21,26.38,45.17,0,0,2026-08-29 17:09:09
803.69,43.47,26.13,48.5,0,1,2026-08-29 17:09:10
611.5,24.5,27.18,51.35,0,0,2026-08-29 17:09:12
520.1,23.24,22.44,48.87,0,0,2026-08-29 17:09:15
888.14,33.01,22.58,45.1,0,1,2026-08-29 17:09:16
880.75,46.42,23.89,58.26,0,1,2026-08-29 17:09:18
599.83,27.01,26.43,46.77,0,0,2026-08-29 17:09:20
649.9,43.27,23.84,49.82,0,0,2026-08-29 17:09:22
182.33,12.71,24.8,59.46,0,0,2026-08-29 17:09:24
124.99,11.51,22.72,51.15,0,0,2026-08-29 17:09:26
158.13,6.18,20.53,50.27,0,0,2026-08-29 17:09:28
173.29,11.72,23.41,58.68,0,0,2026-08-29 17:09:30
415.32,168.19,45.93,36.7,1,2,2026-08-29 17:09:32
530.49,177.4,45.21,38.93,1,2,2026-08-29 17:09:35
572.8,101.32,60.21,34.67,1,2,2026-08-29 17:09:38
557.19,173.95,40.26,32.19,1,2,2026-08-29 17:09:40
443.77,193.03,45.52,40.1,1,2,2026-08-29 17:09:41
485.13,83.42,53.39,34.3,1,2,2026-08-29 17:09:44
416.1,186.36,53.96,40.57,1,2,2026-08-29 17:09:44
375.44,111.89,56.89,32.06,1,2,2026-08-29 17:09:46
470.01,124.02,57.74,40.59,1,2,2026-08-29 17:09:48
546.94,178.43,40.74,44.84,1,2,2026-08-29 17:09:50
134.35,10.98,26.84,46.56,0,0,2026-08-29 17:09:52
170.95,5.79,27.13,48.0,0,0,2026-08-29 17:09:55
195.83,12.54,21.57,54.0,0,0,2026-08-29 17:09:58
128.32,12.92,23.91,53.97,0,0,2026-08-29 17:09:59
185.84,14.25,20.31,55.14,0,0,2026-08-29 17:10:00
193.12,10.77,25.31,50.31,0,0,2026-08-29 17:10:03
196.92,6.22,25.99,50.3,0,0,2026-08-29 17:10:04
128.77,6.76,20.07,47.03,0,0,2026-08-29 17:10:06
103.72,11.77,24.23,58.31,0,0,2026-08-29 17:10:08
169.21,13.15,27.33,52.71,0,0,2026-08-29 17:10:10
176.31,14.35,24.3,55.9,0,0,2026-08-29 17:10:12
146.97,10.31,26.04,50.28,0,0,2026-08-29 17:10:14
141.93,13.26,24.47,55.91,0,0,2026-08-29 17:10:16
173.09,9.24,22.35,53.31,0,0,2026-08-29 17:10:18
166.07,13.35,20.84,48.05,0,0,2026-08-29 17:10:20
271.45,42.65,35.38,67.92,0,0,2026-08-29 17:10:23
650.8,38.27,25.56,53.92,0,0,2026-08-29 17:10:26
684.08,25.96,24.48,45.35,0,0,2026-08-29 17:10:28
857.69,35.65,24.4,53.59,0,1,2026-08-29 17:10:29
616.88,45.16,27.55,47.07,0,0,2026-08-29 17:10:31
566.18,32.01,23.82,52.02,0,0,2026-08-29 17:10:34
553.92,28.18,27.0,57.11,0,0,2026-08-29 17:10:35
629.13,24.91,22.72,58.57,0,0,2026-08-29 17:10:36
680.32,37.44,26.3,55.65,0,0,2026-08-29 17:10:38
601.05,25.64,22.71,50.41,0,0,2026-08-29 17:10:40
874.71,28.41,24.35,55.39,0,1,2026-08-29 17:10:42
806.04,23.85,24.87,51.11,0,1,2026-08-29 17:10:44
887.66,24.99,26.84,46.87,0,1,2026-08-29 17:10:46
831.27,36.32,25.83,56.84,0,1,2026-08-29 17:10:48
859.12,46.28,22.64,49.9,0,1,2026-08-29 17:10:50
782.72,41.43,23.85,52.11,0,1,2026-08-29 17:10:52
825.7,20.45,24.25,48.69,0,1,2026-08-29 17:10:54
175.53,13.02,20.66,48.35,0,0,2026-08-29 17:10:56
117.87,11.7,25.11,48.39,0,0,2026-08-29 17:10:58
124.16,9.02,27.47,54.23,0,0,2026-08-29 17:11:00
164.16,7.85,21.33,48.39,0,0,2026-08-29 17:11:02
185.96,9.54,22.15,49.16,0,0,2026-08-29 17:11:05
133.81,12.22,24.99,53.65,0,0,2026-08-29 17:11:06
376.67,152.51,62.12,39.77,1,2,2026-08-29 17:11:08
145.22,11.66,22.45,53.41,0,0,2026-08-29 17:11:10
151.34,5.01,25.78,53.28,0,0,2026-08-29 17:11:12
141.13,12.86,24.06,57.67,0,0,2026-08-29 17:11:14
143.75,12.61,22.93,47.22,0,0,2026-08-29 17:11:16
120.38,11.59,26.83,55.11,0,0,2026-08-29 17:11:18
106.92,11.16,26.75,51.98,0,0,2026-08-29 17:11:20
132.01,10.7,26.97,45.21,0,0,2026-08-29 17:11:22
160.66,9.75,24.86,48.86,0,0,2026-08-29 17:11:24
190.85,6.69,22.47,58.71,0,0,2026-08-29 17:11:26
176.81,6.65,26.45,49.75,0,0,2026-08-29 17:11:29
160.87,9.28,21.5,49.18,0,0,2026-08-29 17:11:30
142.69,10.84,24.2,47.68,0,0,2026-08-29 17:11:32
161.5,8.22,20.59,45.89,0,0,2026-08-29 17:11:34
134.21,9.28,23.47,57.78,0,0,2026-08-29 17:11:36
132.58,12.0,23.3,48.16,0,0,2026-08-29 17:11:38
187.14,14.64,26.97,56.05,0,0,2026-08-29 17:11:40
105.05,12.62,22.87,48.99,0,0,2026-08-29 17:11:42
142.49,6.89,21.95,49.44,0,0,2026-08-29 17:11:45
122.35,8.12,24.08,58.97,0,0,2026-08-29 17:11:46
143.3,10.72,27.23,55.7,0,0,2026-08-29 17:11:49
109.71,7.28,27.82,56.58,0,0,2026-08-29 17:11:52
138.48,6.71,22.19,58.87,0,0,2026-08-29 17:11:53
162.69,12.57,21.98,54.06,0,0,2026-08-29 17:11:55
144.47,8.53,24.48,48.11,0,0,2026-08-29 17:11:56
145.52,8.36,23.88,54.33,0,0,2026-08-29 17:11:58
164.41,5.64,24.82,55.87,0,0,2026-08-29 17:12:00
138.0,8.6,26.23,50.04,0,0,2026-08-29 17:12:03
188.12,13.6,24.46,47.96,0,0,2026-08-29 17:12:06
115.72,12.9,24.83,56.15,0,0,2026-08-29 17:12:07
165.34,10.23,20.84,51.36,0,0,2026-08-29 17:12:09
116.24,13.94,26.95,46.06,0,0,2026-08-29 17:12:11
153.42,13.16,24.26,55.25,0,0,2026-08-29 17:12:12
304.86,26.48,35.02,77.96,0,0,2026-08-29 17:12:14
271.63,30.92,33.9,84.18,0,0,2026-08-29 17:12:16
261.82,28.6,33.11,73.5,0,0,2026-08-29 17:12:18
250.58,35.11,31.64,66.04,0,0,2026-08-29 17:12:21
316.63,34.09,34.55,74.66,0,0,2026-08-29 17:12:23
301.02,41.64,32.46,68.07,0,0,2026-08-29 17:12:24
314.7,30.3,34.48,65.27,0,0,2026-08-29 17:12:27
288.68,44.23,34.68,73.71,0,0,2026-08-29 17:12:29
260.12,28.65,30.64,82.04,0,0,2026-08-29 17:12:31
254.6,26.11,32.42,65.44,0,0,2026-08-29 17:12:33
823.42,23.92,24.69,47.21,0,1,2026-08-29 17:12:35
745.92,37.02,23.87,47.14,0,1,2026-08-29 17:12:38
461.98,22.94,24.25,59.52,0,0,2026-08-29 17:12:40
706.29,27.0,25.25,47.4,0,0,2026-08-29 17:12:41
657.0,31.82,27.25,53.77,0,0,2026-08-29 17:12:43
837.88,27.0,22.56,49.71,0,1,2026-08-29 17:12:44
622.2,32.94,27.62,57.84,0,0,2026-08-29 17:12:48
639.74,22.18,25.09,54.98,0,0,2026-08-29 17:12:52
525.81,27.96,22.91,55.24,0,0,2026-08-29 17:12:52
675.8,42.31,23.9,58.0,0,0,2026-08-29 17:12:54
567.46,48.47,25.13,47.09,0,0,2026-08-29 17:12:55
617.5,32.57,25.77,51.73,0,0,2026-08-29 17:12:57
432.82,39.05,25.58,47.31,0,0,2026-08-29 17:12:59
152.26,8.84,22.27,54.11,0,0,2026-08-29 17:13:06
172.95,11.2,25.64,48.54,0,0,2026-08-29 17:13:06
197.67,7.88,21.9,50.85,0,0,2026-08-29 17:13:06
124.12,11.3,23.16,58.99,0,0,2026-08-29 17:13:06
104.56,11.58,25.96,50.69,0,0,2026-08-29 17:13:22
144.94,7.09,23.64,54.85,0,0,2026-08-29 17:13:22
189.09,5.39,26.97,46.31,0,0,2026-08-29 17:13:22
186.16,6.79,26.04,58.72,0,0,2026-08-29 17:13:23
515.91,96.59,49.49,30.64,1,2,2026-08-29 17:13:23
513.26,138.4,52.82,37.64,1,2,2026-08-29 17:13:23
533.01,171.94,52.46,36.13,1,2,2026-08-29 17:13:23
491.94,185.99,60.98,44.58,1,2,2026-08-29 17:13:23
197.43,9.5,24.97,49.71,0,0,2026-08-29 17:13:25
158.15,12.93,25.08,55.81,0,0,2026-08-29 17:13:26
124.49,7.48,21.3,53.59,0,0,2026-08-29 17:13:29
109.46,5.11,23.78,56.28,0,0,2026-08-29 17:13:31
197.57,6.32,23.5,49.87,0,0,2026-08-29 17:13:33
190.3,12.02,27.29,47.16,0,0,2026-08-29 17:13:35
127.93,5.78,24.94,45.31,0,0,2026-08-29 17:13:38
109.24,12.24,23.68,59.06,0,0,2026-08-29 17:13:39
195.91,11.07,25.92,56.92,0,0,2026-08-29 17:13:42
124.47,6.95,22.89,49.79,0,0,2026-08-29 17:13:44
110.5,12.31,21.56,51.11,0,0,2026-08-29 17:13:46
171.52,14.48,22.49,45.99,0,0,2026-08-29 17:13:47
142.48,10.39,25.38,52.17,0,0,2026-08-29 17:13:49
126.47,11.59,21.14,46.97,0,0,2026-08-29 17:13:51
117.93,9.48,20.22,52.81,0,0,2026-08-29 17:13:53
169.12,11.49,24.08,50.75,0,0,2026-08-29 17:13:55
189.91,9.56,20.16,56.92,0,0,2026-08-29 17:14:00
194.95,10.96,23.71,48.13,0,0,2026-08-29 17:14:00
118.22,7.73,22.12,50.81,0,0,2026-08-29 17:14:03
114.85,7.84,23.12,52.55,0,0,2026-08-29 17:14:04
131.31,7.49,23.83,56.49,0,0,2026-08-29 17:14:06
130.65,14.08,20.99,59.83,0,0,2026-08-29 17:14:08
100.79,10.73,27.36,46.98,0,0,2026-08-29 17:14:09
289.96,39.04,36.08,82.95,0,0,2026-08-29 17:14:12
345.53,25.63,33.4,70.16,0,0,2026-08-29 17:14:13
277.85,40.1,35.15,81.32,0,0,2026-08-29 17:14:18
268.7,41.38,36.32,79.82,0,0,2026-08-29 17:14:18
292.04,45.0,36.5,73.4,0,0,2026-08-29 17:14:19
251.79,42.16,34.84,70.1,0,0,2026-08-29 17:14:20
306.19,43.51,36.46,71.78,0,0,2026-08-29 17:14:22
499.87,36.24,24.97,47.44,0,0,2026-08-29 17:14:25
175.84,14.07,21.14,53.96,0,0,2026-08-29 17:14:26
111.61,6.61,20.13,48.56,0,0,2026-08-29 17:14:28
163.93,14.91,27.78,57.66,0,0,2026-08-29 17:14:30
119.66,5.49,22.73,45.95,0,0,2026-08-29 17:14:32
133.08,7.9,27.73,55.03,0,0,2026-08-29 17:14:35
108.57,8.76,27.55,48.88,0,0,2026-08-29 17:14:36
194.18,9.22,25.64,45.22,0,0,2026-08-29 17:14:40
186.72,9.29,20.91,46.92,0,0,2026-08-29 17:14:43
123.26,13.7,24.18,50.7,0,0,2026-08-29 17:14:44
114.78,5.28,21.11,47.68,0,0,2026-08-29 17:14:47
139.41,9.76,24.93,55.31,0,0,2026-08-29 17:14:47
147.08,13.27,21.58,51.59,0,0,2026-08-29 17:14:49
160.84,10.12,21.3,59.4,0,0,2026-08-29 17:14:51
373.58,167.66,61.47,39.82,1,2,2026-08-29 17:14:53
595.75,92.65,44.8,38.07,1,2,2026-08-29 17:14:54
496.25,132.03,42.55,42.26,1,2,2026-08-29 17:14:57
380.73,103.31,62.62,33.13,1,2,2026-08-29 17:14:59
353.22,97.37,56.78,32.96,1,2,2026-08-29 17:15:01
550.78,182.29,49.24,30.44,1,2,2026-08-29 17:15:03
191.44,12.07,24.51,53.6,0,0,2026-08-30 10:30:23
186.14,6.82,22.84,56.9,0,0,2026-08-30 10:30:24
123.4,6.32,27.04,59.16,0,0,2026-08-30 10:30:27
186.18,13.07,20.51,46.26,0,0,2026-08-30 10:30:28
128.0,5.95,25.52,49.34,0,0,2026-08-30 10:30:31
127.84,13.55,24.09,51.44,0,0,2026-08-30 10:30:33
120.92,8.56,27.06,59.93,0,0,2026-08-30 10:30:35
131.53,11.49,26.33,56.78,0,0,2026-08-30 10:30:37
199.01,12.3,23.58,50.06,0,0,2026-08-30 10:30:39
130.9,7.54,25.2,54.66,0,0,2026-08-30 10:30:41
189.36,12.39,25.33,55.99,0,0,2026-08-30 10:30:43
152.19,11.39,21.77,49.73,0,0,2026-08-30 10:30:45
144.97,5.33,27.17,57.61,0,0,2026-08-30 10:30:47
347.76,29.46,31.74,80.77,0,0,2026-08-30 10:30:49
257.87,43.64,33.22,74.1,0,0,2026-08-30 10:30:51
314.55,35.88,37.76,78.55,0,0,2026-08-30 10:30:53
288.09,29.09,33.87,77.84,0,0,2026-08-30 10:30:55
252.06,35.06,37.48,67.58,0,0,2026-08-30 10:30:57
255.25,41.32,33.65,73.43,0,0,2026-08-30 10:30:59
290.28,31.33,34.68,72.42,0,0,2026-08-30 10:31:01
322.71,30.57,31.26,72.67,0,0,2026-08-30 10:31:03
335.2,40.71,34.72,80.54,0,0,2026-08-30 10:31:05
278.0,33.49,34.43,73.53,0,0,2026-08-30 10:31:07
264.46,43.47,31.99,67.77,0,0,2026-08-30 10:31:09
348.82,42.78,30.7,67.66,0,0,2026-08-30 10:31:11
599.37,48.89,27.11,57.26,0,0,2026-08-30 10:31:13
200.0,8.19,23.39,57.18,0,0,2026-08-30 10:31:15
138.84,6.37,25.26,54.34,0,0,2026-08-30 10:31:17
192.06,14.3,27.4,49.97,0,0,2026-08-30 10:31:19
149.14,13.86,24.05,59.78,0,0,2026-08-30 10:31:21
320.52,182.18,47.46,39.28,1,2,2026-08-30 10:31:23
465.7,186.26,60.82,43.07,1,2,2026-08-30 10:31:25
428.11,161.69,56.11,36.45,1,2,2026-08-30 10:31:27
487.96,81.33,64.91,34.74,1,2,2026-08-30 10:31:29
380.84,106.91,59.45,33.21,1,2,2026-08-30 10:31:31
492.59,125.8,41.29,31.5,1,2,2026-08-30 10:31:33
526.52,167.67,58.23,36.29,1,2,2026-08-30 10:31:35
302.4,175.9,46.29,35.04,1,2,2026-08-30 10:31:37
518.71,100.77,64.85,33.75,1,2,2026-08-30 10:31:39
444.23,185.22,61.99,43.5,1,2,2026-08-30 10:31:41
399.0,180.46,54.16,42.1,1,2,2026-08-30 10:31:43
567.09,82.3,56.38,32.66,1,2,2026-08-30 10:31:45
493.98,140.92,55.11,44.43,1,2,2026-08-30 10:31:47
400.64,146.11,45.08,38.53,1,2,2026-08-30 10:31:49
583.95,95.49,57.36,37.24,1,2,2026-08-30 10:31:51
371.62,130.75,47.37,35.71,1,2,2026-08-30 10:31:53
504.2,179.42,51.87,34.5,1,2,2026-08-30 10:31:55
365.45,96.84,43.68,30.86,1,2,2026-08-30 10:31:57
553.43,138.87,53.17,36.88,1,2,2026-08-30 10:31:59
417.18,176.83,57.98,38.6,1,2,2026-08-30 10:32:01
425.76,132.09,45.87,41.69,1,2,2026-08-30 10:32:03
569.04,114.61,52.19,38.06,1,2,2026-08-30 10:32:05
305.08,126.24,55.15,39.57,1,2,2026-08-30 10:32:07
496.27,81.03,59.1,34.84,1,2,2026-08-30 10:32:09
335.19,170.64,59.61,41.11,1,2,2026-08-30 10:32:11
432.93,180.93,46.87,39.13,1,2,2026-08-30 10:32:13
386.58,144.84,44.44,44.78,1,2,2026-08-30 10:32:15
593.35,158.39,60.95,31.27,1,2,2026-08-30 10:32:17
556.55,103.38,42.76,42.66,1,2,2026-08-30 10:32:19
337.36,171.37,58.95,33.08,1,2,2026-08-30 10:32:21
506.57,130.93,62.38,40.99,1,2,2026-08-30 10:32:23
383.96,137.73,53.55,34.12,1,2,2026-08-30 10:32:25
481.34,170.16,41.81,42.65,1,2,2026-08-30 10:32:27
146.31,7.27,24.32,54.39,0,0,2026-08-30 10:32:29
142.41,14.67,22.65,52.65,0,0,2026-08-30 10:32:31
143.72,11.23,20.18,52.36,0,0,2026-08-30 10:32:33
110.13,11.73,26.8,59.98,0,0,2026-08-30 10:32:35
160.26,7.53,20.86,55.66,0,0,2026-08-30 10:32:37
167.26,5.76,26.41,56.85,0,0,2026-08-30 10:32:39
140.8,6.75,22.35,58.8,0,0,2026-08-30 10:32:41
147.6,8.01,24.43,54.65,0,0,2026-08-30 10:32:43
180.64,10.16,26.62,56.79,0,0,2026-08-30 10:32:45
113.11,13.56,24.37,53.64,0,0,2026-08-30 10:32:47
182.38,7.76,24.68,51.36,0,0,2026-08-30 10:32:49
100.48,8.52,20.37,49.85,0,0,2026-08-30 10:32:51
102.3,13.24,27.76,48.82,0,0,2026-08-30 10:32:53
190.02,10.4,23.1,56.35,0,0,2026-08-30 10:32:55
157.72,13.68,25.49,47.99,0,0,2026-08-30 10:32:57
118.4,9.71,20.08,57.04,0,0,2026-08-30 10:32:59
192.77,13.17,20.76,56.37,0,0,2026-08-30 10:33:01
181.54,14.14,25.42,48.69,0,0,2026-08-30 10:33:03
290.39,41.26,36.87,72.18,0,0,2026-08-30 10:33:05
264.77,30.03,32.97,67.2,0,0,2026-08-30 10:33:07
768.39,32.51,22.03,55.58,0,0,2026-08-30 10:33:09
849.2,37.39,26.72,48.45,0,1,2026-08-30 10:33:11
135.91,10.32,27.59,56.84,0,0,2026-08-30 10:33:13
137.08,8.52,23.38,53.94,0,0,2026-08-30 10:33:15
138.54,6.02,20.59,55.65,0,0,2026-08-30 10:33:17
107.23,9.71,22.21,52.0,0,0,2026-08-30 10:33:19
156.82,8.54,21.32,46.62,0,0,2026-08-30 10:33:21
120.23,14.58,20.61,57.87,0,0,2026-08-30 10:33:23
134.6,14.1,23.19,55.31,0,0,2026-08-30 10:33:25
106.65,6.17,22.6,46.41,0,0,2026-08-30 10:33:27
174.49,5.76,21.87,53.28,0,0,2026-08-30 10:33:29
165.85,7.71,24.17,52.12,0,0,2026-08-30 10:33:31
127.52,5.09,23.27,57.76,0,0,2026-08-30 10:33:33
190.0,11.58,21.12,56.67,0,0,2026-08-30 10:33:35
136.33,10.62,27.74,45.51,0,0,2026-08-30 10:33:37
191.81,6.75,20.59,58.75,0,0,2026-08-30 10:33:39
156.27,6.29,24.99,49.39,0,0,2026-08-30 10:33:41
119.17,9.41,27.25,51.25,0,0,2026-08-30 10:33:43
423.15,139.13,57.0,32.11,1,2,2026-08-30 10:33:45
376.96,135.54,45.13,31.95,1,2,2026-08-30 10:33:47
372.63,93.44,49.22,40.56,1,2,2026-08-30 10:33:49
367.4,88.16,48.98,33.76,1,2,2026-08-30 10:33:51
481.88,156.93,40.9,30.97,1,2,2026-08-30 10:33:53
563.17,148.15,49.39,31.38,1,2,2026-08-30 10:33:55
466.6,171.16,54.72,35.91,1,2,2026-08-30 10:33:57
106.08,14.86,25.06,48.57,0,0,2026-08-30 10:33:59
194.91,5.35,21.88,59.57,0,0,2026-08-30 10:34:01
188.11,7.93,22.25,46.81,0,0,2026-08-30 10:34:03
171.83,12.69,23.62,46.39,0,0,2026-08-30 10:34:05
123.53,12.12,22.8,52.88,0,0,2026-08-30 10:34:07
169.23,8.0,21.31,49.49,0,0,2026-08-30 10:34:09
184.66,8.14,22.82,53.57,0,0,2026-08-30 10:34:11
178.32,6.08,27.04,56.84,0,0,2026-08-30 10:34:13
166.66,13.06,24.62,45.91,0,0,2026-08-30 10:34:15
139.61,8.4,22.1,46.06,0,0,2026-08-30 10:34:17
175.44,8.73,23.71,50.25,0,0,2026-08-30 10:34:19
172.37,7.33,25.99,52.6,0,0,2026-08-30 10:34:21
171.55,13.0,25.25,58.52,0,0,2026-08-30 10:34:23
108.67,12.77,23.33,58.91,0,0,2026-08-30 10:34:25
161.01,9.64,23.62,58.84,0,0,2026-08-30 10:34:27
154.29,13.2,25.91,58.38,0,0,2026-08-30 10:34:29
138.01,5.52,25.27,59.62,0,0,2026-08-30 10:34:31
182.64,7.74,23.29,48.85,0,0,2026-08-30 10:34:33
146.56,8.92,27.99,47.55,0,0,2026-08-30 10:34:35
133.76,9.69,21.11,53.02,0,0,2026-08-30 10:34:37
173.53,10.6,25.51,57.82,0,0,2026-08-30 10:34:39
153.0,7.61,21.37,47.48,0,0,2026-08-30 10:34:41
186.11,8.43,22.03,57.55,0,0,2026-08-30 10:34:43
192.15,14.5,26.49,55.84,0,0,2026-08-30 10:34:45
168.56,11.86,26.76,54.66,0,0,2026-08-30 10:34:47
184.9,8.39,24.98,46.37,0,0,2026-08-30 10:34:49
177.95,12.94,20.4,51.04,0,0,2026-08-30 10:34:51
181.59,5.09,23.43,51.34,0,0,2026-08-30 10:34:53
115.68,7.77,27.85,55.61,0,0,2026-08-30 10:34:55
163.06,6.65,20.39,58.12,0,0,2026-08-30 10:34:57
119.79,11.45,26.78,45.76,0,0,2026-08-30 10:34:59
135.53,13.07,27.88,58.14,0,0,2026-08-30 10:35:01
193.02,11.88,20.36,51.36,0,0,2026-08-30 10:35:03
144.87,14.27,25.04,49.33,0,0,2026-08-30 10:35:05
109.31,5.21,20.03,56.18,0,0,2026-08-30 10:35:07
108.89,8.69,24.87,48.98,0,0,2026-08-30 10:35:09
254.16,41.26,31.06,82.4,0,0,2026-08-30 10:35:11
258.83,28.5,35.37,81.09,0,0,2026-08-30 10:35:13
796.29,30.98,26.89,52.04,0,1,2026-08-30 10:35:15
857.8,33.97,27.76,49.82,0,1,2026-08-30 10:35:17
120.14,8.27,27.46,45.94,0,0,2026-08-30 10:35:19
196.04,5.38,27.1,55.99,0,0,2026-08-30 10:35:21
124.75,10.78,24.74,59.71,0,0,2026-08-30 10:35:23
315.86,97.42,47.61,44.72,1,2,2026-08-30 10:35:25
186.84,6.61,20.28,48.61,0,0,2026-08-30 10:35:27
161.15,9.78,20.81,58.25,0,0,2026-08-30 10:35:29
152.82,7.34,26.44,46.49,0,0,2026-08-30 10:35:31
180.55,13.91,23.71,56.32,0,0,2026-08-30 10:35:33
101.56,13.77,24.61,46.28,0,0,2026-08-30 10:35:35
173.12,14.07,21.26,47.95,0,0,2026-08-30 10:35:37
131.81,7.61,22.84,45.42,0,0,2026-08-30 10:35:39
141.41,12.79,24.31,52.72,0,0,2026-08-30 10:35:41
147.69,14.22,22.4,54.71,0,0,2026-08-30 10:35:43
106.53,10.88,25.44,52.47,0,0,2026-08-30 10:35:45
115.32,13.1,27.99,52.95,0,0,2026-08-30 10:35:47
180.97,14.42,24.67,53.04,0,0,2026-08-30 10:35:49
280.1,31.84,32.58,76.35,0,0,2026-08-30 10:35:51
279.09,36.73,36.02,80.11,0,0,2026-08-30 10:35:53
334.42,38.7,31.01,73.44,0,0,2026-08-30 10:35:55
312.5,34.1,32.48,67.32,0,0,2026-08-30 10:35:57
477.58,34.56,26.46,48.5,0,0,2026-08-30 10:35:59
507.79,33.92,23.29,47.85,0,0,2026-08-30 10:36:01
614.56,49.0,25.8,58.84,0,0,2026-08-30 10:36:03
838.07,41.55,25.15,53.68,0,1,2026-08-30 10:36:05
518.24,39.93,22.55,54.24,0,0,2026-08-30 10:36:07
615.84,22.91,27.79,48.68,0,0,2026-08-30 10:36:09
467.77,41.4,26.51,57.23,0,0,2026-08-30 10:36:11
665.89,48.7,27.43,51.89,0,1,2026-08-30 10:36:13
722.27,24.32,27.94,59.02,0,0,2026-08-30 10:36:15
700.8,31.1,23.84,54.13,0,0,2026-08-30 10:36:17
417.17,48.13,26.55,45.76,0,0,2026-08-30 10:36:19
113.63,6.98,23.53,46.44,0,0,2026-08-30 10:36:21
151.28,7.94,21.33,53.09,0,0,2026-08-30 10:36:23
101.35,12.03,27.15,46.84,0,0,2026-08-30 10:36:25
126.73,10.84,26.68,56.97,0,0,2026-08-30 10:36:27
190.74,8.04,24.14,58.03,0,0,2026-08-30 10:36:29
133.58,9.97,23.12,56.17,0,0,2026-08-30 10:36:31
154.18,12.43,24.99,54.13,0,0,2026-08-30 10:36:33
164.62,12.25,25.9,50.44,0,0,2026-08-30 10:36:35
195.69,5.01,20.17,54.49,0,0,2026-08-30 10:36:37
137.7,14.8,26.52,50.18,0,0,2026-08-30 10:36:39
178.32,8.23,25.29,55.36,0,0,2026-08-30 10:36:41
168.38,14.67,24.72,55.01,0,0,2026-08-30 10:36:43
168.35,7.57,21.88,47.62,0,0,2026-08-30 10:36:45
129.76,8.06,23.04,57.45,0,0,2026-08-30 10:36:47
409.86,127.64,51.49,33.84,1,2,2026-08-30 10:36:49
598.92,102.62,48.38,34.56,1,2,2026-08-30 10:36:51
450.52,163.82,59.79,30.86,1,2,2026-08-30 10:36:53
439.46,80.99,51.95,42.93,1,2,2026-08-30 10:36:55
461.3,184.74,61.48,34.49,1,2,2026-08-30 10:36:57
311.21,104.21,40.27,37.98,1,2,2026-08-30 10:36:59
571.43,96.13,57.54,44.7,1,2,2026-08-30 10:37:01
555.98,92.48,51.92,43.57,1,2,2026-08-30 10:37:03
323.69,179.78,56.84,41.56,1,2,2026-08-30 10:37:05
472.11,151.98,60.81,33.56,1,2,2026-08-30 10:37:07
319.22,152.3,46.46,33.34,1,2,2026-08-30 10:37:09
430.43,162.63,44.01,32.6,1,2,2026-08-30 10:37:11
466.84,135.4,63.13,34.33,1,2,2026-08-30 10:37:13
583.07,155.66,56.18,34.07,1,2,2026-08-30 10:37:15
345.37,176.02,60.97,40.87,1,2,2026-08-30 10:37:17
456.85,96.45,54.19,31.91,1,2,2026-08-30 10:37:19
491.87,116.09,57.53,43.25,1,2,2026-08-30 10:37:21
411.6,143.49,56.17,30.09,1,2,2026-08-30 10:37:23
300.86,183.27,50.1,33.83,1,2,2026-08-30 10:37:25
489.32,152.75,46.91,35.69,1,2,2026-08-30 10:37:27
348.54,149.95,53.52,30.63,1,2,2026-08-30 10:37:29
588.17,97.77,54.47,34.34,1,2,2026-08-30 10:37:31
388.36,165.77,50.16,33.44,1,2,2026-08-30 10:37:33
599.77,90.94,55.79,37.26,1,2,2026-08-30 10:37:35
492.41,151.58,41.1,30.04,1,2,2026-08-30 10:37:37
537.68,168.55,53.62,39.62,1,2,2026-08-30 10:37:39
146.46,5.67,26.44,56.47,0,0,2026-08-30 10:37:41
104.78,10.56,22.24,51.65,0,0,2026-08-30 10:37:43
159.29,10.79,25.7,54.26,0,0,2026-08-30 10:37:45
151.32,14.4,23.26,49.33,0,0,2026-08-30 10:37:47
176.3,14.35,20.84,47.83,0,0,2026-08-30 10:37:49
120.43,5.26,24.42,49.2,0,0,2026-08-30 10:37:51
128.79,6.36,23.03,50.87,0,0,2026-08-30 10:37:53
138.02,10.39,21.69,55.86,0,0,2026-08-30 10:37:55
195.47,12.8,27.61,56.66,0,0,2026-08-30 10:37:57
178.08,11.82,27.03,50.34,0,0,2026-08-30 10:37:59
130.5,6.45,22.39,47.35,0,0,2026-08-30 10:38:01
111.18,10.22,25.51,46.66,0,0,2026-08-30 10:38:03
180.4,6.4,26.61,55.47,0,0,2026-08-30 10:38:05
110.63,10.38,24.16,59.33,0,0,2026-08-30 10:38:07
156.91,10.21,24.05,45.91,0,0,2026-08-30 10:38:09
154.26,7.72,22.19,56.2,0,0,2026-08-30 10:38:11
192.65,11.83,27.28,52.71,0,0,2026-08-30 10:38:13
132.29,10.2,23.59,52.33,0,0,2026-08-30 10:38:15
182.13,6.78,21.11,47.38,0,0,2026-08-30 10:38:17
191.93,6.89,21.06,59.49,0,0,2026-08-30 10:38:19
129.73,7.38,21.33,58.33,0,0,2026-08-30 10:38:21
195.78,10.44,23.44,45.29,0,0,2026-08-30 10:38:23
137.6,5.89,27.08,58.29,0,0,2026-08-30 10:38:25
146.36,11.99,22.69,46.53,0,0,2026-08-30 10:38:27
191.28,8.05,25.17,50.77,0,0,2026-08-30 10:38:29
188.18,11.78,21.97,47.9,0,0,2026-08-30 10:38:31
187.94,6.07,27.84,57.61,0,0,2026-08-30 10:38:33
188.56,7.94,22.94,50.89,0,0,2026-08-30 10:38:35
179.48,12.35,25.89,48.66,0,0,2026-08-30 10:38:37
163.99,7.22,25.61,56.34,0,0,2026-08-30 10:38:39
179.99,7.43,27.78,45.69,0,0,2026-08-30 10:38:41
188.84,8.49,20.48,50.02,0,0,2026-08-30 10:38:43
158.31,8.22,26.8,58.79,0,0,2026-08-30 10:38:45
197.48,5.77,21.65,51.83,0,0,2026-08-30 10:38:47
127.11,6.26,25.61,55.72,0,0,2026-08-30 10:38:49
197.01,14.43,25.66,57.13,0,0,2026-08-30 10:38:51
112.22,8.94,25.8,55.25,0,0,2026-08-30 10:38:53
166.86,10.05,26.66,56.83,0,0,2026-08-30 10:38:55
190.99,9.49,26.79,46.85,0,0,2026-08-30 10:38:57
136.65,11.24,21.14,57.81,0,0,2026-08-30 10:38:59
193.46,12.9,27.35,53.21,0,0,2026-08-30 10:39:01
199.48,5.74,24.11,45.2,0,0,2026-08-30 10:39:03
161.91,11.47,26.7,55.62,0,0,2026-08-30 10:39:05
141.52,6.76,25.94,51.48,0,0,2026-08-30 10:39:07
147.0,5.95,22.27,47.62,0,0,2026-08-30 10:39:09
188.97,13.61,26.17,53.31,0,0,2026-08-30 10:39:11
148.74,10.46,26.62,46.95,0,0,2026-08-30 10:39:13
173.29,11.09,25.2,55.18,0,0,2026-08-30 10:39:15
167.08,11.73,20.36,48.7,0,0,2026-08-30 10:39:17
173.74,14.75,25.51,52.84,0,0,2026-08-30 10:39:19
153.73,10.25,25.19,45.8,0,0,2026-08-30 10:39:21
144.75,7.29,27.52,52.05,0,0,2026-08-30 10:39:23
189.34,6.31,26.49,59.89,0,0,2026-08-30 10:39:25
175.72,5.11,24.37,48.25,0,0,2026-08-30 10:39:27
182.01,10.16,26.44,45.16,0,0,2026-08-30 10:39:29
141.57,6.27,20.87,58.24,0,0,2026-08-30 10:39:31
160.25,10.21,27.12,54.52,0,0,2026-08-30 10:39:33
195.75,12.91,25.37,51.49,0,0,2026-08-30 10:39:35
129.01,11.28,24.96,47.29,0,0,2026-08-30 10:39:37
123.4,8.16,25.26,46.14,0,0,2026-08-30 10:39:39
130.01,6.89,21.01,48.76,0,0,2026-08-30 10:39:41
114.51,14.35,22.08,49.36,0,0,2026-08-30 10:39:43
145.62,6.72,20.28,53.9,0,0,2026-08-30 10:39:45
128.49,5.34,27.17,45.23,0,0,2026-08-30 10:39:47
146.57,5.0,22.9,59.73,0,0,2026-08-30 10:39:49
155.15,13.95,22.2,52.11,0,0,2026-08-30 10:39:51
187.51,13.08,25.46,46.51,0,0,2026-08-30 10:39:53
116.56,7.88,21.27,45.81,0,0,2026-08-30 10:39:55
107.57,7.46,26.55,46.34,0,0,2026-08-30 10:39:57
113.79,14.8,20.33,57.32,0,0,2026-08-30 10:39:59
113.92,6.71,24.95,56.0,0,0,2026-08-30 10:40:01
110.27,11.54,23.41,46.85,0,0,2026-08-30 10:40:03
118.47,9.47,27.63,54.56,0,0,2026-08-30 10:40:05
260.12,42.87,33.74,80.28,0,0,2026-08-30 10:40:07
287.27,33.89,31.53,83.66,0,0,2026-08-30 10:40:09
300.01,38.05,30.73,68.26,0,0,2026-08-30 10:40:11
310.6,26.34,31.04,79.86,0,0,2026-08-30 10:40:13
254.44,32.11,34.04,74.75,0,0,2026-08-30 10:40:15
331.65,27.16,34.71,82.31,0,0,2026-08-30 10:40:17
323.76,37.38,36.79,75.96,0,0,2026-08-30 10:40:19
269.38,44.15,31.55,81.53,0,0,2026-08-30 10:40:21
311.48,30.77,31.39,74.25,0,0,2026-08-30 10:40:23
251.25,38.52,34.31,65.1,0,0,2026-08-30 10:40:25
320.08,43.84,34.62,68.23,0,0,2026-08-30 10:40:27
347.39,41.88,33.82,66.42,0,0,2026-08-30 10:40:29
253.0,27.25,30.57,68.06,0,0,2026-08-30 10:40:31
335.95,29.59,33.66,77.46,0,0,2026-08-30 10:40:33
342.25,31.36,35.72,69.19,0,0,2026-08-30 10:40:35
892.31,47.04,24.03,45.08,0,1,2026-08-30 10:40:37
862.92,24.45,27.26,54.72,0,1,2026-08-30 10:40:39
821.44,29.11,27.86,52.34,0,1,2026-08-30 10:40:41
653.6,29.5,24.93,52.64,0,0,2026-08-30 10:40:43
570.48,29.97,27.35,59.91,0,0,2026-08-30 10:40:45
837.56,21.63,26.03,47.42,0,1,2026-08-30 10:40:47
172.72,7.22,25.68,58.47,0,0,2026-08-30 10:40:49
183.42,5.53,24.13,50.88,0,0,2026-08-30 10:40:51
189.43,8.47,22.94,51.27,0,0,2026-08-30 10:40:53
145.99,9.91,22.22,56.59,0,0,2026-08-30 10:40:55
153.73,12.03,22.95,49.75,0,0,2026-08-30 10:40:57
188.45,7.6,27.71,53.6,0,0,2026-08-30 10:40:59
136.94,6.88,22.22,47.35,0,0,2026-08-30 10:41:01
136.81,11.57,25.6,45.63,0,0,2026-08-30 10:41:03
170.46,8.02,25.48,54.53,0,0,2026-08-30 10:41:05
112.7,8.55,23.23,45.46,0,0,2026-08-30 10:41:07
565.03,169.58,46.7,34.53,1,2,2026-08-30 10:41:09
342.45,102.26,59.02,39.38,1,2,2026-08-30 10:41:11
342.09,165.57,40.39,32.93,1,2,2026-08-30 10:41:13
595.95,134.51,59.97,44.68,1,2,2026-08-30 10:41:15
447.73,133.47,64.8,37.4,1,2,2026-08-30 10:41:17
538.98,144.3,54.86,32.69,1,2,2026-08-30 10:41:19
596.84,184.63,60.07,43.85,1,2,2026-08-30 10:41:21
397.28,103.79,53.44,41.75,1,2,2026-08-30 10:41:23
300.16,140.94,51.09,36.8,1,2,2026-08-30 10:41:25
490.95,101.93,55.43,43.83,1,2,2026-08-30 10:41:27
377.32,92.26,60.42,34.76,1,2,2026-08-30 10:41:29
472.72,184.23,49.75,42.07,1,2,2026-08-30 10:41:31
449.52,111.15,44.03,42.47,1,2,2026-08-30 10:41:33
415.69,111.24,58.79,30.14,1,2,2026-08-30 10:41:35
587.55,101.22,62.02,34.26,1,2,2026-08-30 10:41:37
367.6,88.9,51.54,36.58,1,2,2026-08-30 10:41:39
472.58,148.27,62.9,39.29,1,2,2026-08-30 10:41:41
300.33,188.42,60.61,43.3,1,2,2026-08-30 10:41:43
103.97,9.87,22.47,58.33,0,0,2026-08-30 10:41:45
162.26,13.26,22.38,55.16,0,0,2026-08-30 10:41:47
186.14,7.72,24.69,56.1,0,0,2026-08-30 10:41:49
146.73,6.51,22.05,55.28,0,0,2026-08-30 10:41:51
127.98,10.32,25.66,45.57,0,0,2026-08-30 10:41:53
141.52,14.18,21.38,56.91,0,0,2026-08-30 10:41:55
152.5,7.72,27.25,48.49,0,0,2026-08-30 10:41:57
103.68,6.47,24.25,49.3,0,0,2026-08-30 10:41:59
199.6,12.66,25.27,52.57,0,0,2026-08-30 10:42:01
180.5,12.23,20.48,46.36,0,0,2026-08-30 10:42:03
181.34,13.04,26.24,59.57,0,0,2026-08-30 10:42:05
143.33,7.53,21.68,55.29,0,0,2026-08-30 10:42:07
108.89,9.87,27.94,52.26,0,0,2026-08-30 10:42:09
193.98,12.78,22.91,49.08,0,0,2026-08-30 10:42:11
157.07,12.82,21.21,53.78,0,0,2026-08-30 10:42:13
118.7,12.93,24.4,48.02,0,0,2026-08-30 10:42:15
103.41,10.23,21.68,49.4,0,0,2026-08-30 10:42:17
104.13,10.82,26.32,57.36,0,0,2026-08-30 10:42:19
170.56,14.68,25.89,57.02,0,0,2026-08-30 10:42:21
195.0,10.74,25.46,51.91,0,0,2026-08-30 10:42:23
180.07,11.89,24.33,55.48,0,0,2026-08-30 10:42:25
128.53,5.12,21.83,48.43,0,0,2026-08-30 10:42:27
107.48,10.62,26.85,50.85,0,0,2026-08-30 10:42:29
198.8,5.49,21.22,49.42,0,0,2026-08-30 10:42:31
131.89,12.27,21.11,49.41,0,0,2026-08-30 10:42:33
277.54,27.5,35.3,67.02,0,0,2026-08-30 10:42:35
288.61,31.91,35.08,70.93,0,0,2026-08-30 10:42:37
543.22,38.71,27.82,50.1,0,0,2026-08-30 10:42:39
662.66,46.18,25.35,54.61,0,1,2026-08-30 10:42:41
785.97,40.6,24.34,59.97,0,1,2026-08-30 10:42:43
515.29,21.16,25.75,50.6,0,0,2026-08-30 10:42:45
783.74,49.04,22.04,49.87,0,1,2026-08-30 10:42:47
165.76,14.03,26.4,53.06,0,0,2026-08-30 10:42:49
104.07,7.59,24.6,55.75,0,0,2026-08-30 10:42:51
103.35,9.15,24.23,57.68,0,0,2026-08-30 10:42:53
190.71,10.43,21.26,52.03,0,0,2026-08-30 10:42:55
366.16,124.32,60.64,44.19,1,2,2026-08-30 10:42:57
475.43,140.16,62.6,43.91,1,2,2026-08-30 10:42:59
453.16,178.2,56.61,41.23,1,2,2026-08-30 10:43:01
599.05,172.84,49.76,44.3,1,2,2026-08-30 10:43:03
371.92,176.48,46.91,42.7,1,2,2026-08-30 10:43:05
359.25,184.8,43.4,44.27,1,2,2026-08-30 10:43:07
479.72,186.72,47.51,44.78,1,2,2026-08-30 10:43:09
344.6,154.78,55.65,30.26,1,2,2026-08-30 10:43:11
430.09,167.7,43.52,30.0,1,2,2026-08-30 10:43:13
426.75,168.9,53.21,36.45,1,2,2026-08-30 10:43:15
303.92,163.59,45.06,42.82,1,2,2026-08-30 10:43:17
392.57,82.04,40.14,33.19,1,2,2026-08-30 10:43:19
184.68,8.52,20.24,47.78,0,0,2026-08-30 10:43:21
104.92,5.18,24.5,55.7,0,0,2026-08-30 10:43:23
166.38,12.47,22.62,52.35,0,0,2026-08-30 10:43:25
188.69,14.26,27.5,51.09,0,0,2026-08-30 10:43:27
114.42,5.99,20.6,58.49,0,0,2026-08-30 10:43:29
179.51,8.77,26.12,52.87,0,0,2026-08-30 10:43:31
107.86,11.95,26.51,45.52,0,0,2026-08-30 10:43:33
146.86,14.09,20.44,51.81,0,0,2026-08-30 10:43:35
143.92,7.33,26.43,45.11,0,0,2026-08-30 10:43:37
153.12,14.02,22.48,46.86,0,0,2026-08-30 10:43:39
186.2,5.51,24.27,52.16,0,0,2026-08-30 10:43:41
124.06,11.45,27.3,55.39,0,0,2026-08-30 10:43:43
142.48,9.58,24.88,46.16,0,0,2026-08-30 10:43:45
132.28,13.44,25.21,47.35,0,0,2026-08-30 10:43:47
123.1,9.09,22.54,49.34,0,0,2026-08-30 10:43:49
194.99,13.96,24.67,52.86,0,0,2026-08-30 10:43:51
176.03,14.66,21.89,52.51,0,0,2026-08-30 10:43:53
154.7,8.97,21.87,57.17,0,0,2026-08-30 10:43:55
156.14,6.81,22.81,57.0,0,0,2026-08-30 10:43:57
136.71,6.61,23.04,56.26,0,0,2026-08-30 10:43:59
186.64,9.94,20.84,47.4,0,0,2026-08-30 10:44:01
100.1,12.77,23.76,55.93,0,0,2026-08-30 10:44:03
126.25,13.62,26.04,54.5,0,0,2026-08-30 10:44:05
135.97,6.3,20.75,45.02,0,0,2026-08-30 10:44:07
118.0,7.52,25.33,46.98,0,0,2026-08-30 10:44:09
183.83,5.51,24.99,53.84,0,0,2026-08-30 10:44:12
199.65,11.88,26.81,56.53,0,0,2026-08-30 10:44:13
147.35,8.34,23.18,54.23,0,0,2026-08-30 10:44:15
124.32,5.06,21.27,47.43,0,0,2026-08-30 10:44:17
159.73,6.12,20.13,56.92,0,0,2026-08-30 10:44:19
118.56,11.16,27.87,56.96,0,0,2026-08-30 10:44:21
152.1,8.18,22.51,53.99,0,0,2026-08-30 10:44:23
156.3,5.79,26.31,59.97,0,0,2026-08-30 10:44:25
253.97,34.13,30.06,77.07,0,0,2026-08-30 10:44:27
280.03,29.18,33.59,81.54,0,0,2026-08-30 10:44:29
348.25,32.7,32.81,75.82,0,0,2026-08-30 10:44:31
280.67,44.81,35.11,74.75,0,0,2026-08-30 10:44:33
279.58,30.57,30.12,80.94,0,0,2026-08-30 10:44:35
838.7,21.34,27.28,46.86,0,1,2026-08-30 10:44:37
142.43,9.08,27.38,53.16,0,0,2026-08-30 10:44:39
134.42,10.33,23.9,46.13,0,0,2026-08-30 10:44:41
155.11,6.23,23.39,45.36,0,0,2026-08-30 10:44:43
304.65,134.92,58.51,43.62,1,2,2026-08-30 10:44:45
344.75,146.19,62.97,34.68,1,2,2026-08-30 10:44:47
573.24,132.91,59.85,35.14,1,2,2026-08-30 10:44:49
441.21,125.4,40.08,35.43,1,2,2026-08-30 10:44:51
527.96,150.17,52.67,33.2,1,2,2026-08-30 10:44:53
386.98,146.23,50.39,42.93,1,2,2026-08-30 10:44:55
123.58,13.45,20.3,55.45,0,0,2026-08-30 10:44:57
105.45,10.47,24.22,53.41,0,0,2026-08-30 10:44:59
193.59,7.41,21.85,50.88,0,0,2026-08-30 10:45:01
122.57,8.33,22.69,49.89,0,0,2026-08-30 10:45:03
124.55,7.19,23.76,54.11,0,0,2026-08-30 10:45:06
189.2,10.89,25.46,57.71,0,0,2026-08-30 10:45:09
189.77,14.39,22.91,50.01,0,0,2026-08-30 10:45:10
118.71,11.14,23.02,55.85,0,0,2026-08-30 10:45:12
164.78,8.82,26.66,57.12,0,0,2026-08-30 10:45:14
108.47,5.42,26.81,46.21,0,0,2026-08-30 10:45:16
163.84,9.58,21.22,59.44,0,0,2026-08-30 10:45:18
172.72,5.4,22.83,51.2,0,0,2026-08-30 10:45:19
128.14,8.6,24.63,53.21,0,0,2026-08-30 10:45:21
114.09,14.64,25.4,51.13,0,0,2026-08-30 10:45:23
156.91,8.92,21.91,49.53,0,0,2026-08-30 10:45:26
142.33,11.09,23.17,48.46,0,0,2026-08-30 10:45:27
151.39,10.19,22.66,54.97,0,0,2026-08-30 10:45:29
112.14,7.25,25.44,47.54,0,0,2026-08-30 10:45:32
184.97,6.72,21.28,50.4,0,0,2026-08-30 10:45:34
107.03,14.66,23.68,56.97,0,0,2026-08-30 10:45:36
106.89,6.54,23.65,55.83,0,0,2026-08-30 10:45:37
158.93,5.2,27.6,53.7,0,0,2026-08-30 10:45:39
130.59,14.45,26.01,45.7,0,0,2026-08-30 10:45:41
194.33,8.55,22.26,47.6,0,0,2026-08-30 10:45:43
197.45,7.59,24.86,52.81,0,0,2026-08-30 10:45:45
149.83,6.66,25.03,52.22,0,0,2026-08-30 10:45:47
187.29,5.71,25.98,46.32,0,0,2026-08-30 10:45:49
180.91,8.61,24.9,59.38,0,0,2026-08-30 10:45:51
176.48,11.84,21.56,58.21,0,0,2026-08-30 10:45:54
144.66,8.15,23.44,53.23,0,0,2026-08-30 10:45:55
180.43,13.9,20.91,47.15,0,0,2026-08-30 10:45:57
140.15,13.74,23.93,59.34,0,0,2026-08-30 10:45:59
160.28,14.5,20.28,48.65,0,0,2026-08-30 10:46:01
196.59,7.66,24.62,54.34,0,0,2026-08-30 10:46:03
258.4,34.52,35.05,84.09,0,0,2026-08-30 10:46:05
280.89,31.82,30.01,83.43,0,0,2026-08-30 10:46:07
297.76,25.14,32.61,78.03,0,0,2026-08-30 10:46:09
322.27,27.39,35.0,74.16,0,0,2026-08-30 10:46:11
302.58,26.31,36.78,71.57,0,0,2026-08-30 10:46:13
283.28,29.58,32.46,70.39,0,0,2026-08-30 10:46:15
299.48,34.98,35.86,71.47,0,0,2026-08-30 10:46:17
260.57,33.04,37.42,73.93,0,0,2026-08-30 10:46:19
302.77,38.62,32.9,76.21,0,0,2026-08-30 10:46:21
267.07,40.15,36.35,67.47,0,0,2026-08-30 10:46:23
329.42,39.88,34.2,79.64,0,0,2026-08-30 10:46:25
269.0,39.84,37.52,66.99,0,0,2026-08-30 10:46:27
310.34,33.69,34.61,66.57,0,0,2026-08-30 10:46:29
251.02,36.71,36.96,74.24,0,0,2026-08-30 10:46:31
276.66,33.06,36.1,76.6,0,0,2026-08-30 10:46:33
318.4,28.35,34.19,80.35,0,0,2026-08-30 10:46:35
289.95,38.71,34.72,68.65,0,0,2026-08-30 10:46:37
336.58,32.16,35.04,78.86,0,0,2026-08-30 10:46:39
342.25,26.07,31.69,81.92,0,0,2026-08-30 10:46:41
754.75,42.94,27.08,53.5,0,1,2026-08-30 10:46:43
878.83,20.09,22.66,51.89,0,1,2026-08-30 10:46:45
879.55,46.22,25.81,53.92,0,1,2026-08-30 10:46:47
849.34,35.75,24.36,52.38,0,1,2026-08-30 10:46:49
768.88,44.04,26.58,59.35,0,1,2026-08-30 10:46:51
515.15,38.08,22.45,54.63,0,0,2026-08-30 10:46:53
498.74,23.34,24.12,56.23,0,0,2026-08-30 10:46:55
436.69,21.14,26.29,51.35,0,0,2026-08-30 10:46:57
136.54,6.32,22.02,55.98,0,0,2026-08-30 10:46:59
166.29,6.97,26.79,59.71,0,0,2026-08-30 10:47:01
175.99,6.05,26.86,45.61,0,0,2026-08-30 10:47:03
186.27,14.18,20.86,51.57,0,0,2026-08-30 10:47:05
167.81,10.81,21.19,46.99,0,0,2026-08-30 10:47:07
598.94,155.85,46.94,39.23,1,2,2026-08-30 10:47:09
533.59,191.23,42.1,30.78,1,2,2026-08-30 10:47:11
164.92,8.96,22.58,52.39,0,0,2026-08-30 10:47:13
152.08,10.78,27.85,49.72,0,0,2026-08-30 10:47:15
148.15,9.96,27.73,46.86,0,0,2026-08-30 10:47:17
153.47,7.88,23.9,48.05,0,0,2026-08-30 10:47:19
112.08,14.34,22.63,55.47,0,0,2026-08-30 10:47:21
116.76,7.23,27.2,50.36,0,0,2026-08-30 10:47:23
115.09,11.47,20.87,55.43,0,0,2026-08-30 10:47:25
171.0,10.15,26.57,56.87,0,0,2026-08-30 10:47:27
166.4,9.34,27.35,49.25,0,0,2026-08-30 10:47:29
199.56,12.42,23.6,47.52,0,0,2026-08-30 10:47:31
196.75,12.03,25.95,53.43,0,0,2026-08-30 10:47:33
187.81,13.18,24.93,58.08,0,0,2026-08-30 10:47:35
114.36,9.63,27.33,49.21,0,0,2026-08-30 10:47:37
136.17,11.79,23.42,47.22,0,0,2026-08-30 10:47:39
178.37,8.51,20.96,58.69,0,0,2026-08-30 10:47:41
104.27,14.5,25.18,50.22,0,0,2026-08-30 10:47:43
198.47,6.12,27.34,59.92,0,0,2026-08-30 10:47:45
126.35,5.36,27.62,47.17,0,0,2026-08-30 10:47:47
139.51,9.06,26.71,53.82,0,0,2026-08-30 10:47:49
105.99,11.28,22.46,47.9,0,0,2026-08-30 10:47:51
120.81,12.87,27.84,52.13,0,0,2026-08-30 10:47:53
135.52,7.8,26.85,45.45,0,0,2026-08-30 10:47:55
190.06,5.02,27.18,50.21,0,0,2026-08-30 10:47:57
157.09,7.33,27.32,45.64,0,0,2026-08-30 10:47:59
170.34,7.06,22.77,58.9,0,0,2026-08-30 10:48:01
125.68,9.82,25.03,59.23,0,0,2026-08-30 10:48:03
150.05,13.96,25.4,47.32,0,0,2026-08-30 10:48:05
111.34,12.03,27.23,57.23,0,0,2026-08-30 10:48:07
181.79,7.66,23.95,57.73,0,0,2026-08-30 10:48:09
196.59,14.11,25.9,54.89,0,0,2026-08-30 10:48:11
140.79,13.73,27.47,50.51,0,0,2026-08-30 10:48:13
197.24,6.57,26.49,48.62,0,0,2026-08-30 10:48:15
143.01,11.41,26.43,46.16,0,0,2026-08-30 10:48:17
126.18,7.24,27.2,59.82,0,0,2026-08-30 10:48:19
116.63,8.55,21.31,56.96,0,0,2026-08-30 10:48:21
113.62,12.58,23.76,53.13,0,0,2026-08-30 10:48:23
145.41,5.98,26.93,47.0,0,0,2026-08-30 10:48:25
164.91,14.9,20.27,50.24,0,0,2026-08-30 10:48:27
114.1,5.93,26.53,54.44,0,0,2026-08-30 10:48:29
113.28,8.88,22.66,51.77,0,0,2026-08-30 10:48:31
102.88,9.21,21.94,52.13,0,0,2026-08-30 10:48:33
190.84,7.76,20.32,53.56,0,0,2026-08-30 10:48:35
130.65,7.92,24.12,56.19,0,0,2026-08-30 10:48:37
165.5,12.52,21.66,46.54,0,0,2026-08-30 10:48:39
155.23,6.89,21.6,52.14,0,0,2026-08-30 10:48:41
103.71,11.04,27.41,46.49,0,0,2026-08-30 10:48:43
178.87,8.31,22.65,56.77,0,0,2026-08-30 10:48:45
120.33,14.47,20.29,53.13,0,0,2026-08-30 10:48:47
108.31,6.42,21.88,54.86,0,0,2026-08-30 10:48:49
194.86,5.09,21.35,55.77,0,0,2026-08-30 10:48:51
134.72,14.08,22.9,49.99,0,0,2026-08-30 10:48:53
104.81,12.16,23.6,55.14,0,0,2026-08-30 10:48:55
184.48,11.12,24.68,59.41,0,0,2026-08-30 10:48:57
139.49,5.02,26.05,51.89,0,0,2026-08-30 10:48:59
171.0,12.51,24.99,49.09,0,0,2026-08-30 10:49:01
119.5,12.83,23.78,53.68,0,0,2026-08-30 10:49:03
175.56,6.46,27.11,52.06,0,0,2026-08-30 10:49:05
107.32,7.99,21.48,50.91,0,0,2026-08-30 10:49:07
150.76,5.56,26.86,51.74,0,0,2026-08-30 10:49:09
122.49,7.6,21.49,56.34,0,0,2026-08-30 10:49:11
100.15,14.26,22.59,47.1,0,0,2026-08-30 10:49:13
111.33,9.52,20.37,52.24,0,0,2026-08-30 10:49:15
122.49,7.51,24.54,49.69,0,0,2026-08-30 10:49:17
163.28,5.84,21.07,59.15,0,0,2026-08-30 10:49:19
172.56,7.79,25.69,57.7,0,0,2026-08-30 10:49:21
110.1,6.63,21.76,58.09,0,0,2026-08-30 10:49:23
165.28,11.15,23.47,46.05,0,0,2026-08-30 10:49:25
337.52,37.71,32.55,65.36,0,0,2026-08-30 10:49:27
283.05,27.53,31.8,79.48,0,0,2026-08-30 10:49:29
670.94,48.63,25.42,57.9,0,1,2026-08-30 10:49:31
146.69,7.83,27.52,58.88,0,0,2026-08-30 11:06:07
128.15,13.07,21.71,59.43,0,0,2026-08-30 11:06:09
162.23,12.65,21.78,51.07,0,0,2026-08-30 11:06:11
140.36,7.81,22.0,50.19,0,0,2026-08-30 11:06:13
109.34,10.74,24.29,59.11,0,0,2026-08-30 11:06:15
185.12,5.98,21.08,48.28,0,0,2026-08-30 11:06:17
194.38,5.28,26.16,52.05,0,0,2026-08-30 11:06:19
140.6,13.97,24.1,45.25,0,0,2026-08-30 11:06:21
158.65,12.62,25.97,59.62,0,0,2026-08-30 11:06:23
113.92,13.39,25.87,48.99,0,0,2026-08-30 11:06:25
198.21,14.88,21.84,47.53,0,0,2026-08-30 11:06:27
181.25,6.9,21.49,59.24,0,0,2026-08-30 11:06:29
119.25,8.4,23.14,51.06,0,0,2026-08-30 11:06:31
156.41,7.13,27.9,49.94,0,0,2026-08-30 11:06:33
122.09,10.73,26.2,50.21,0,0,2026-08-30 11:06:35
178.78,11.54,24.92,59.07,0,0,2026-08-30 11:06:37
145.32,13.68,20.67,53.73,0,0,2026-08-30 11:06:39
171.79,9.19,27.14,59.94,0,0,2026-08-30 11:06:41
103.46,7.69,22.02,50.77,0,0,2026-08-30 11:06:43
168.29,7.34,27.82,55.27,0,0,2026-08-30 11:06:45
144.41,6.66,24.14,46.87,0,0,2026-08-30 11:06:47
120.08,12.52,23.98,55.96,0,0,2026-08-30 11:06:49
163.09,13.84,23.67,56.07,0,0,2026-08-30 11:06:51
107.25,11.88,22.53,52.37,0,0,2026-08-30 11:06:53
110.8,7.61,22.75,49.05,0,0,2026-08-30 11:06:55
114.37,6.41,21.41,58.95,0,0,2026-08-30 11:06:57
188.3,13.85,22.56,48.31,0,0,2026-08-30 11:06:59
176.95,13.68,22.53,56.64,0,0,2026-08-30 11:07:01
196.11,10.31,27.17,58.51,0,0,2026-08-30 11:07:03
110.21,9.69,23.34,58.04,0,0,2026-08-30 11:07:05
192.0,5.93,22.83,46.95,0,0,2026-08-30 11:07:07
124.27,7.54,22.4,50.96,0,0,2026-08-30 11:07:09
124.18,6.08,27.06,58.62,0,0,2026-08-30 11:07:11
147.31,14.01,20.96,53.3,0,0,2026-08-30 11:07:13
146.07,13.34,22.5,54.56,0,0,2026-08-30 11:07:15
140.04,7.4,24.24,51.01,0,0,2026-08-30 11:07:17
116.65,10.07,21.4,45.3,0,0,2026-08-30 11:07:19
116.1,6.7,23.49,46.72,0,0,2026-08-30 11:07:21
167.72,9.77,24.49,47.65,0,0,2026-08-30 11:07:23
347.98,34.7,35.64,66.0,0,0,2026-08-30 11:07:25
283.3,43.93,34.94,79.8,0,0,2026-08-30 11:07:27
267.15,43.58,32.42,74.81,0,0,2026-08-30 11:07:29
283.08,30.68,36.83,66.68,0,0,2026-08-30 11:07:31
839.84,20.45,23.44,58.6,0,1,2026-08-30 11:07:33
688.35,45.49,25.82,45.37,0,1,2026-08-30 11:07:35
169.51,10.22,26.19,55.07,0,0,2026-08-30 11:07:37
167.53,6.79,22.97,52.1,0,0,2026-08-30 11:07:39
179.62,13.45,26.32,50.93,0,0,2026-08-30 11:07:41
198.14,11.89,24.36,47.8,0,0,2026-08-30 11:07:43
179.09,10.83,20.61,54.1,0,0,2026-08-30 11:07:45
167.99,11.93,22.38,51.75,0,0,2026-08-30 11:07:47
167.91,10.07,24.09,53.32,0,0,2026-08-30 11:07:49
135.54,9.55,22.42,47.26,0,0,2026-08-30 11:07:51
103.92,10.01,20.99,50.78,0,0,2026-08-30 11:07:53
138.5,9.16,26.26,59.82,0,0,2026-08-30 11:07:55
354.45,101.07,41.46,42.02,1,2,2026-08-30 11:07:57
301.18,109.25,60.03,43.01,1,2,2026-08-30 11:07:59
357.03,100.3,53.31,30.35,1,2,2026-08-30 11:08:01
532.84,97.96,53.98,34.93,1,2,2026-08-30 11:08:03
199.74,12.11,21.22,59.86,0,0,2026-08-30 11:08:05
135.58,14.02,24.18,45.13,0,0,2026-08-30 11:08:07
140.82,10.4,25.7,47.13,0,0,2026-08-30 11:08:09
144.64,13.87,26.14,54.26,0,0,2026-08-30 11:08:11
119.26,11.57,22.36,48.83,0,0,2026-08-30 11:08:13
183.05,9.87,25.2,54.77,0,0,2026-08-30 11:08:15
188.39,11.89,20.72,54.57,0,0,2026-08-30 11:08:17
130.36,8.97,26.52,56.93,0,0,2026-08-30 11:08:19
190.44,11.63,22.64,56.5,0,0,2026-08-30 11:08:21
116.12,9.1,24.53,54.02,0,0,2026-08-30 11:08:23
164.95,6.66,26.76,59.58,0,0,2026-08-30 11:08:25
127.48,14.41,25.57,57.74,0,0,2026-08-30 11:08:27
293.91,31.55,34.42,83.19,0,0,2026-08-30 11:08:29
295.23,44.14,30.27,83.13,0,0,2026-08-30 11:08:31
277.71,34.15,35.67,75.26,0,0,2026-08-30 11:08:34
312.15,38.9,31.75,74.73,0,0,2026-08-30 11:08:35
290.9,44.03,30.8,79.72,0,0,2026-08-30 11:08:37
270.36,43.44,33.09,76.23,0,0,2026-08-30 11:08:39
304.24,27.74,36.74,65.39,0,0,2026-08-30 11:08:41
290.92,34.74,35.28,67.19,0,0,2026-08-30 11:08:43
302.48,35.37,32.02,80.53,0,0,2026-08-30 11:08:45
298.84,30.17,36.16,66.72,0,0,2026-08-30 11:08:47
301.58,33.26,30.05,68.86,0,0,2026-08-30 11:08:49
473.87,44.45,25.02,54.91,0,0,2026-08-30 11:08:51
553.39,36.6,26.24,59.31,0,0,2026-08-30 11:08:53
798.53,47.71,26.1,45.27,0,1,2026-08-30 11:08:55
765.93,49.55,23.34,59.24,0,1,2026-08-30 11:08:57
482.9,49.55,26.67,59.23,0,0,2026-08-30 11:08:59
552.34,39.23,26.34,45.72,0,0,2026-08-30 11:09:01
475.51,35.16,23.77,57.68,0,0,2026-08-30 11:09:03
162.87,8.97,22.6,53.5,0,0,2026-08-30 11:09:05
166.68,7.17,26.45,50.34,0,0,2026-08-30 11:09:07
124.67,12.02,21.69,53.33,0,0,2026-08-30 11:09:09
152.83,6.22,27.28,58.88,0,0,2026-08-30 11:09:11
176.4,6.2,21.19,52.55,0,0,2026-08-30 11:09:13
133.77,8.41,22.2,51.39,0,0,2026-08-30 11:09:15
134.78,12.93,25.53,47.59,0,0,2026-08-30 11:09:17
195.63,12.3,21.9,54.48,0,0,2026-08-30 11:09:19
167.08,8.26,26.35,59.93,0,0,2026-08-30 11:09:22
199.83,14.18,23.16,49.0,0,0,2026-08-30 11:09:24
158.84,5.89,20.91,53.76,0,0,2026-08-30 11:09:26
123.32,13.8,24.54,58.32,0,0,2026-08-30 11:09:30
140.54,8.79,26.03,56.37,0,0,2026-08-30 11:09:30
146.68,10.79,25.85,49.44,0,0,2026-08-30 11:09:31
118.07,11.86,27.62,55.37,0,0,2026-08-30 11:09:33
153.75,10.92,27.37,52.16,0,0,2026-08-30 11:09:35
117.84,7.61,24.11,50.51,0,0,2026-08-30 11:09:37
156.86,5.07,28.0,46.82,0,0,2026-08-30 11:09:39
145.21,14.92,24.61,57.54,0,0,2026-08-30 11:09:41
368.53,150.13,56.58,35.59,1,2,2026-08-30 11:09:43
362.31,147.5,49.19,40.18,1,2,2026-08-30 11:09:45
354.94,160.24,53.28,43.15,1,2,2026-08-30 11:09:47
502.16,98.53,62.43,42.92,1,2,2026-08-30 11:09:49
460.68,184.59,51.48,36.83,1,2,2026-08-30 11:09:51
357.83,123.6,50.9,37.71,1,2,2026-08-30 11:09:53
538.1,84.09,40.66,37.28,1,2,2026-08-30 11:09:55
594.85,185.39,62.41,36.99,1,2,2026-08-30 11:09:57
190.54,14.02,25.7,51.59,0,0,2026-08-30 11:09:59
100.69,5.36,23.56,46.78,0,0,2026-08-30 11:10:01
135.39,13.08,21.31,47.0,0,0,2026-08-30 11:10:03
113.19,11.75,27.51,54.51,0,0,2026-08-30 11:10:05
104.25,13.08,26.45,46.35,0,0,2026-08-30 11:10:07
170.96,14.27,23.36,57.44,0,0,2026-08-30 11:10:09
102.67,11.64,21.66,49.49,0,0,2026-08-30 11:10:11
105.35,5.58,20.84,56.83,0,0,2026-08-30 11:10:13
107.45,7.03,20.77,51.65,0,0,2026-08-30 11:10:15
155.61,10.81,27.65,48.41,0,0,2026-08-30 11:10:17
197.24,14.55,20.06,57.79,0,0,2026-08-30 11:10:19
128.89,9.96,23.65,50.61,0,0,2026-08-31 13:56:26
171.85,6.34,24.84,56.78,0,0,2026-08-31 13:56:28
146.44,13.53,22.05,45.43,0,0,2026-08-31 13:56:30
124.02,13.9,21.07,49.81,0,0,2026-08-31 13:56:32
194.82,12.93,26.18,52.01,0,0,2026-08-31 13:56:34
182.78,13.33,26.15,52.84,0,0,2026-08-31 13:56:36
119.8,7.66,26.54,45.84,0,0,2026-08-31 13:56:38
111.9,5.34,26.32,48.83,0,0,2026-08-31 13:56:40
150.25,5.93,25.84,49.93,0,0,2026-08-31 13:56:42
193.78,9.78,27.67,49.78,0,0,2026-08-31 13:56:44
147.3,12.75,27.14,59.86,0,0,2026-08-31 13:56:46
112.22,5.11,20.07,52.83,0,0,2026-08-31 13:56:48
128.31,10.4,22.24,57.27,0,0,2026-08-31 13:56:51
164.01,9.25,24.45,59.61,0,0,2026-08-31 13:56:52
190.3,6.85,25.52,58.25,0,0,2026-08-31 13:56:54
123.29,13.55,23.05,55.52,0,0,2026-08-31 13:56:56
109.27,10.67,27.01,57.42,0,0,2026-08-31 13:56:58
116.94,6.63,22.35,52.7,0,0,2026-08-31 13:57:00
185.67,6.54,24.07,54.46,0,0,2026-08-31 13:57:02
180.93,14.38,20.15,49.96,0,0,2026-08-31 13:57:04
171.66,14.92,22.92,57.44,0,0,2026-08-31 13:57:06
134.68,13.61,21.93,53.99,0,0,2026-08-31 13:57:08
144.39,6.73,21.02,56.84,0,0,2026-08-31 13:57:10
102.84,12.56,25.22,46.02,0,0,2026-08-31 13:57:12
149.96,12.33,25.27,52.4,0,0,2026-08-31 13:57:14
175.19,12.88,25.92,51.47,0,0,2026-08-31 13:57:16
128.91,6.09,24.36,53.53,0,0,2026-08-31 13:57:18
164.03,12.36,22.81,59.69,0,0,2026-08-31 13:57:20
330.84,41.13,36.9,65.34,0,0,2026-08-31 13:57:22
320.18,27.37,30.85,77.87,0,0,2026-08-31 13:57:24
347.04,34.33,30.8,75.61,0,0,2026-08-31 13:57:26
270.28,38.04,31.7,69.22,0,0,2026-08-31 13:57:28
305.77,32.56,37.82,83.53,0,0,2026-08-31 13:57:30
327.53,27.83,34.32,75.35,0,0,2026-08-31 13:57:32
314.7,25.84,34.99,70.7,0,0,2026-08-31 13:57:34
333.86,38.34,35.3,71.72,0,0,2026-08-31 13:57:36
283.52,32.47,30.16,66.94,0,0,2026-08-31 13:57:38
266.72,36.03,36.51,75.5,0,0,2026-08-31 13:57:40
269.88,40.07,32.0,75.75,0,0,2026-08-31 13:57:42
290.37,31.07,37.04,71.22,0,0,2026-08-31 13:57:44
327.75,31.73,31.39,79.21,0,0,2026-08-31 13:57:46
251.51,33.77,31.34,82.67,0,0,2026-08-31 13:57:48
264.48,35.9,35.59,72.81,0,0,2026-08-31 13:57:50
337.84,43.87,33.34,72.65,0,0,2026-08-31 13:57:52
335.75,27.76,31.1,78.34,0,0,2026-08-31 13:57:54
304.59,36.48,35.96,73.54,0,0,2026-08-31 13:57:56
251.72,36.45,32.63,70.32,0,0,2026-08-31 13:57:58
264.98,42.18,31.43,77.89,0,0,2026-08-31 13:58:00
349.19,26.53,32.12,76.33,0,0,2026-08-31 13:58:02
282.17,32.99,36.74,71.02,0,0,2026-08-31 13:58:04
337.52,33.74,34.13,78.96,0,0,2026-08-31 13:58:06
271.73,33.53,30.06,71.48,0,0,2026-08-31 13:58:08
890.95,23.09,22.47,49.3,0,1,2026-08-31 13:58:10
667.94,40.98,27.17,47.75,0,0,2026-08-31 13:58:14
135.7,9.57,20.59,51.78,0,0,2026-08-31 13:58:14
152.25,14.67,23.24,51.03,0,0,2026-08-31 13:58:16
190.58,11.03,22.0,56.67,0,0,2026-08-31 13:58:18
112.97,14.8,20.23,54.78,0,0,2026-08-31 13:58:20
185.57,13.8,27.87,59.36,0,0,2026-08-31 13:58:22
165.58,11.26,21.42,57.0,0,0,2026-08-31 13:58:24
119.5,8.17,21.68,49.31,0,0,2026-08-31 13:58:27
333.04,127.55,64.68,32.95,1,2,2026-08-31 13:58:29
573.28,135.18,45.96,40.11,1,2,2026-08-31 13:58:31
364.24,135.41,40.21,30.94,1,2,2026-08-31 13:58:33
510.54,96.09,56.23,41.95,1,2,2026-08-31 13:58:35
586.41,196.86,55.76,39.79,1,2,2026-08-31 13:58:37
586.79,167.16,57.2,43.43,1,2,2026-08-31 13:58:38
512.72,160.52,40.38,41.15,1,2,2026-08-31 13:58:40
546.91,180.85,64.97,43.41,1,2,2026-08-31 13:58:43
415.05,165.77,48.03,43.88,1,2,2026-08-31 13:58:45
326.2,170.83,43.29,32.39,1,2,2026-08-31 13:58:48
437.43,119.8,44.08,41.82,1,2,2026-08-31 13:58:49
365.22,127.09,47.3,39.24,1,2,2026-08-31 13:58:51
592.63,93.06,58.31,41.31,1,2,2026-08-31 13:58:52
563.86,165.64,57.73,30.41,1,2,2026-08-31 13:58:54
357.62,165.74,60.02,42.96,1,2,2026-08-31 13:58:56
552.69,180.4,56.9,42.19,1,2,2026-08-31 13:58:58
100.61,14.93,26.4,51.22,0,0,2026-08-31 13:59:00
112.18,9.88,22.43,49.67,0,0,2026-08-31 13:59:02
185.5,13.4,20.05,57.75,0,0,2026-08-31 13:59:04
117.12,11.86,24.09,57.73,0,0,2026-08-31 13:59:06
148.84,10.74,25.24,55.28,0,0,2026-08-31 13:59:08
123.44,14.04,25.14,50.13,0,0,2026-08-31 13:59:10
171.61,6.52,25.46,45.84,0,0,2026-08-31 13:59:12
177.53,7.58,25.48,51.07,0,0,2026-08-31 13:59:14
168.42,10.31,23.64,54.22,0,0,2026-08-31 13:59:16
124.77,10.72,27.67,51.78,0,0,2026-08-31 13:59:18
113.16,14.47,20.55,51.14,0,0,2026-08-31 13:59:20
132.4,6.89,25.69,54.02,0,0,2026-08-31 13:59:22
128.73,13.57,25.36,51.11,0,0,2026-08-31 13:59:24
118.22,6.59,25.2,48.63,0,0,2026-08-31 13:59:26
122.73,13.44,23.26,56.4,0,0,2026-08-31 13:59:28
174.07,6.33,22.1,49.03,0,0,2026-08-31 13:59:30
199.17,7.73,27.8,58.53,0,0,2026-08-31 13:59:32
162.85,7.83,21.08,54.82,0,0,2026-08-31 13:59:34
124.08,9.49,23.57,59.85,0,0,2026-08-31 13:59:36
194.28,6.89,27.52,48.25,0,0,2026-08-31 13:59:38
180.19,5.44,27.18,46.08,0,0,2026-08-31 13:59:40
121.49,6.28,23.67,53.05,0,0,2026-08-31 13:59:43
103.31,13.98,23.51,58.24,0,0,2026-08-31 13:59:45
116.56,10.85,24.73,51.8,0,0,2026-08-31 13:59:47
105.87,7.38,22.22,45.1,0,0,2026-08-31 13:59:49
120.2,12.2,20.53,49.48,0,0,2026-08-31 13:59:51
183.06,7.78,26.66,52.38,0,0,2026-08-31 13:59:52
190.29,5.42,26.3,46.96,0,0,2026-08-31 13:59:54
109.75,6.4,23.22,51.38,0,0,2026-08-31 13:59:56
196.83,6.14,20.62,56.24,0,0,2026-08-31 13:59:59
133.55,14.12,26.6,46.82,0,0,2026-08-31 14:00:01
188.92,5.32,26.64,53.97,0,0,2026-08-31 14:00:03
172.33,8.24,27.44,49.94,0,0,2026-08-31 14:00:05
160.67,12.79,22.61,54.86,0,0,2026-08-31 14:00:07
112.73,11.31,26.15,50.34,0,0,2026-08-31 14:00:08
190.64,10.48,23.87,47.53,0,0,2026-08-31 14:00:10
101.3,14.46,21.43,59.54,0,0,2026-08-31 14:00:12
188.93,8.52,21.66,46.51,0,0,2026-08-31 14:00:14
175.33,12.95,22.98,59.6,0,0,2026-08-31 14:00:17
117.11,5.33,25.95,46.47,0,0,2026-08-31 14:00:19
143.4,13.5,22.69,58.29,0,0,2026-08-31 14:00:21
100.84,6.27,22.63,57.06,0,0,2026-08-31 14:00:23
162.81,9.37,27.55,53.19,0,0,2026-08-31 14:00:25
114.79,8.41,23.64,50.72,0,0,2026-08-31 14:00:26
135.4,6.16,22.25,57.59,0,0,2026-08-31 14:00:28
187.92,6.13,22.81,49.02,0,0,2026-08-31 14:00:30
189.84,10.95,21.51,45.75,0,0,2026-08-31 14:00:32
135.06,7.55,22.33,52.14,0,0,2026-08-31 14:00:34
185.19,10.78,25.33,52.94,0,0,2026-08-31 14:00:37
102.8,10.42,25.34,58.69,0,0,2026-08-31 14:00:42
169.38,14.78,20.66,56.64,0,0,2026-08-31 14:00:42
190.64,11.53,20.63,55.5,0,0,2026-08-31 14:00:42
128.44,9.59,27.79,59.39,0,0,2026-08-31 14:00:44
143.97,13.05,22.35,59.3,0,0,2026-08-31 14:00:46
119.43,5.35,22.19,51.54,0,0,2026-08-31 14:00:48
174.14,14.53,21.9,45.04,0,0,2026-08-31 14:00:50
193.31,11.58,24.19,50.54,0,0,2026-08-31 14:00:52
197.58,10.32,24.35,47.73,0,0,2026-08-31 14:00:54
161.77,6.42,21.62,48.36,0,0,2026-08-31 14:00:56
165.07,11.73,20.31,51.51,0,0,2026-08-31 14:00:59
193.98,12.82,25.49,51.03,0,0,2026-08-31 14:01:00
180.66,8.19,23.83,45.99,0,0,2026-08-31 14:01:02
189.86,13.22,23.59,52.02,0,0,2026-08-31 14:01:04
132.78,14.15,22.16,55.25,0,0,2026-08-31 14:01:07
128.22,5.27,24.32,49.89,0,0,2026-08-31 14:01:08
182.23,14.35,20.91,59.43,0,0,2026-08-31 14:01:10
178.13,13.08,23.81,48.71,0,0,2026-08-31 14:01:12
182.42,5.56,27.5,54.61,0,0,2026-08-31 14:01:14
154.72,5.86,22.22,47.02,0,0,2026-08-31 14:01:16
122.65,5.93,25.22,55.02,0,0,2026-08-31 14:01:18
125.29,12.46,27.91,54.43,0,0,2026-08-31 14:01:20
119.87,12.24,25.58,51.06,0,0,2026-08-31 14:01:22
110.21,9.07,24.57,58.22,0,0,2026-08-31 14:01:24
107.53,5.12,26.71,46.82,0,0,2026-08-31 14:01:26
159.42,10.07,23.27,59.73,0,0,2026-08-31 14:01:28
173.15,7.65,27.78,50.0,0,0,2026-08-31 14:01:30
147.29,14.66,27.87,59.19,0,0,2026-08-31 14:01:32
155.88,14.86,21.14,57.16,0,0,2026-08-31 14:01:34
140.92,5.95,26.6,58.32,0,0,2026-08-31 14:01:36
155.53,7.76,27.81,58.53,0,0,2026-08-31 14:01:38
184.27,10.03,25.12,57.13,0,0,2026-08-31 14:01:40
146.99,9.6,25.03,51.94,0,0,2026-08-31 14:01:42
189.29,7.37,22.61,49.37,0,0,2026-08-31 14:01:44
185.33,5.51,23.78,54.72,0,0,2026-08-31 14:01:46
167.54,14.13,20.1,49.61,0,0,2026-08-31 14:01:48
105.6,9.48,23.62,51.47,0,0,2026-08-31 14:01:50
110.07,8.36,25.18,49.28,0,0,2026-08-31 14:01:52
179.65,5.55,21.72,57.15,0,0,2026-08-31 14:01:54
133.77,12.44,23.82,56.23,0,0,2026-08-31 14:01:56
104.98,6.73,26.66,48.36,0,0,2026-08-31 14:01:58
144.68,6.45,22.23,50.22,0,0,2026-08-31 14:02:00
190.78,9.66,22.17,51.45,0,0,2026-08-31 14:02:02
180.8,8.4,22.89,59.92,0,0,2026-08-31 14:02:04
141.95,13.67,25.85,52.67,0,0,2026-08-31 14:02:06
199.8,5.4,27.54,49.21,0,0,2026-08-31 14:02:08
181.61,5.51,24.79,56.16,0,0,2026-08-31 14:02:10
160.23,14.44,26.7,54.33,0,0,2026-08-31 14:02:12
176.53,7.09,22.39,58.06,0,0,2026-08-31 14:02:14
141.98,10.06,22.52,54.27,0,0,2026-08-31 14:02:16
119.69,5.06,22.41,45.01,0,0,2026-08-31 14:02:18
161.14,9.27,23.37,54.66,0,0,2026-08-31 14:02:20
190.31,11.66,23.64,46.31,0,0,2026-08-31 14:02:22
119.45,14.99,22.96,58.9,0,0,2026-08-31 14:02:24
175.75,9.09,20.09,45.8,0,0,2026-08-31 14:02:26
134.29,10.98,22.75,51.42,0,0,2026-08-31 14:02:28
148.15,8.39,27.97,59.53,0,0,2026-08-31 14:02:30
179.43,5.25,26.69,55.67,0,0,2026-08-31 14:02:32
172.02,14.5,26.99,54.36,0,0,2026-08-31 14:02:34
199.64,5.18,24.6,52.55,0,0,2026-08-31 14:02:36
116.2,12.29,22.07,50.98,0,0,2026-08-31 14:02:38
171.91,6.61,22.92,45.13,0,0,2026-08-31 14:02:40
166.96,13.15,21.34,59.52,0,0,2026-08-31 14:02:42
104.54,14.7,22.07,48.82,0,0,2026-08-31 14:02:44
103.34,8.97,25.76,46.24,0,0,2026-08-31 14:02:46
110.86,8.03,24.99,48.1,0,0,2026-08-31 14:02:48
133.39,10.1,23.68,54.9,0,0,2026-08-31 14:02:50
170.83,9.8,27.39,53.82,0,0,2026-08-31 14:02:52
285.67,33.62,30.97,84.68,0,0,2026-08-31 14:02:54
830.75,42.32,24.87,59.05,0,0,2026-08-31 14:02:56
742.33,49.14,23.03,55.72,0,1,2026-08-31 14:02:59
628.27,39.84,22.53,45.92,0,0,2026-08-31 14:03:02
441.71,36.75,22.09,50.44,0,0,2026-08-31 14:03:04
783.33,32.11,22.27,59.43,0,1,2026-08-31 14:03:05
696.04,22.01,24.53,48.02,0,0,2026-08-31 14:03:06
436.78,24.13,23.65,46.69,0,0,2026-08-31 14:03:09
677.13,26.41,22.99,47.32,0,0,2026-08-31 14:03:11
538.72,49.12,23.24,49.3,0,0,2026-08-31 14:03:14
115.09,5.98,27.38,46.67,0,0,2026-08-31 14:03:15
187.96,5.23,24.04,47.4,0,0,2026-08-31 14:03:17
196.49,13.35,23.56,52.59,0,0,2026-08-31 14:03:19
122.25,13.75,25.16,45.89,0,0,2026-08-31 14:03:20
138.56,10.97,24.62,55.36,0,0,2026-08-31 14:03:22
159.87,7.07,26.58,50.29,0,0,2026-08-31 14:03:24
105.31,10.86,21.38,47.72,0,0,2026-08-31 14:03:26
198.91,13.7,22.08,54.61,0,0,2026-08-31 14:03:28
181.92,5.95,24.89,48.82,0,0,2026-08-31 14:03:30
143.74,7.33,24.29,52.57,0,0,2026-08-31 14:03:32
161.76,5.66,25.46,52.26,0,0,2026-08-31 14:03:34
108.41,7.35,26.89,49.07,0,0,2026-08-31 14:03:36
138.9,7.31,24.29,54.22,0,0,2026-08-31 14:03:38
180.4,5.41,20.61,55.66,0,0,2026-08-31 14:03:40
192.21,9.3,20.86,49.26,0,0,2026-08-31 14:03:42
192.27,10.24,23.26,56.45,0,0,2026-08-31 14:03:44
105.73,11.65,24.55,58.0,0,0,2026-08-31 14:03:46
117.67,11.16,24.34,52.95,0,0,2026-08-31 14:03:49
146.31,6.64,25.85,48.89,0,0,2026-08-31 14:03:50
107.77,9.38,20.01,57.04,0,0,2026-08-31 14:03:52
132.56,14.73,26.99,59.28,0,0,2026-08-31 14:03:54
199.98,11.84,23.16,49.25,0,0,2026-08-31 14:03:56
101.91,7.93,23.86,51.21,0,0,2026-08-31 14:03:58
144.23,10.76,25.18,47.27,0,0,2026-08-31 14:04:00
353.54,121.86,43.18,33.46,1,2,2026-08-31 14:04:02
484.58,88.91,59.85,39.39,1,2,2026-08-31 14:04:04
499.16,191.96,61.21,37.05,1,2,2026-08-31 14:04:06
567.57,161.76,60.39,30.4,1,2,2026-08-31 14:04:08
586.49,164.51,59.0,30.33,1,2,2026-08-31 14:04:10
496.64,183.56,60.09,42.03,1,2,2026-08-31 14:04:12
453.61,115.98,59.91,36.96,1,2,2026-08-31 14:04:14
409.38,143.25,51.86,35.84,1,2,2026-08-31 14:04:16
449.3,92.34,57.25,41.55,1,2,2026-08-31 14:04:18
329.54,85.05,58.0,31.11,1,2,2026-08-31 14:04:20
508.96,155.76,40.17,38.68,1,2,2026-08-31 14:04:22
506.35,197.93,57.64,37.52,1,2,2026-08-31 14:04:24
537.47,84.6,50.53,32.45,1,2,2026-08-31 14:04:26
509.47,198.82,62.54,33.29,1,2,2026-08-31 14:04:30
184.53,12.23,23.57,49.63,0,0,2026-08-31 14:04:31
162.93,7.42,20.59,58.83,0,0,2026-08-31 14:04:34
143.41,8.93,24.2,47.36,0,0,2026-08-31 14:04:37
104.33,14.27,22.44,51.32,0,0,2026-08-31 14:04:38
130.52,10.29,23.42,54.13,0,0,2026-08-31 14:04:39
172.21,10.56,22.0,59.23,0,0,2026-08-31 14:04:43
115.28,6.31,20.22,54.05,0,0,2026-08-31 14:04:43
197.53,10.94,25.5,58.41,0,0,2026-08-31 14:04:45
190.97,6.16,26.7,47.07,0,0,2026-08-31 14:04:47
179.78,10.13,21.94,48.51,0,0,2026-08-31 14:04:49
173.89,13.68,26.34,51.71,0,0,2026-08-31 14:04:51
139.57,6.68,24.44,51.37,0,0,2026-08-31 14:04:53
129.43,13.57,23.33,58.86,0,0,2026-08-31 14:04:55
179.32,11.83,25.94,51.51,0,0,2026-08-31 14:04:57
144.26,6.06,25.45,59.6,0,0,2026-08-31 14:04:59
161.06,11.78,24.51,59.36,0,0,2026-08-31 14:05:01
114.6,10.26,24.98,59.34,0,0,2026-08-31 14:05:03
108.08,7.55,26.45,58.95,0,0,2026-08-31 14:05:05
125.63,8.59,26.52,56.15,0,0,2026-08-31 14:05:07
173.41,10.88,20.52,50.59,0,0,2026-08-31 14:05:08
130.52,10.26,27.17,51.27,0,0,2026-08-31 14:05:10
121.37,9.61,24.89,51.89,0,0,2026-08-31 14:05:12
180.27,5.64,23.19,46.54,0,0,2026-08-31 14:05:14
157.74,7.64,25.84,54.42,0,0,2026-08-31 14:05:17
168.49,13.07,26.88,59.71,0,0,2026-08-31 14:05:19
170.47,13.23,23.24,56.97,0,0,2026-08-31 14:05:20
113.34,14.14,22.6,58.58,0,0,2026-08-31 14:05:24
138.57,13.9,23.46,57.52,0,0,2026-08-31 14:05:25
102.4,7.56,26.39,50.6,0,0,2026-08-31 14:05:27
107.55,6.97,26.45,50.34,0,0,2026-08-31 14:05:28
168.06,14.3,27.68,48.35,0,0,2026-08-31 14:05:31
168.37,9.69,21.87,58.21,0,0,2026-08-31 14:05:33
102.71,8.67,26.01,46.47,0,0,2026-08-31 14:05:36
189.05,11.64,22.29,57.3,0,0,2026-08-31 14:05:36
138.01,6.38,20.54,57.17,0,0,2026-08-31 14:05:39
116.81,5.0,23.45,46.18,0,0,2026-08-31 14:05:43
143.38,9.1,20.2,59.22,0,0,2026-08-31 14:05:44
187.36,9.66,24.5,46.57,0,0,2026-08-31 14:05:44
121.56,5.41,21.33,57.71,0,0,2026-08-31 14:05:46
153.5,13.68,25.05,47.58,0,0,2026-08-31 14:05:49
161.55,8.01,20.98,53.53,0,0,2026-08-31 14:05:50
189.53,12.43,27.47,54.62,0,0,2026-08-31 14:05:52
106.49,11.64,22.73,47.89,0,0,2026-08-31 14:05:54
157.89,7.92,27.27,59.18,0,0,2026-08-31 14:05:56
133.66,10.77,27.92,50.21,0,0,2026-08-31 14:05:58
153.18,7.84,22.06,45.94,0,0,2026-08-31 14:06:01
162.56,8.01,27.35,56.21,0,0,2026-08-31 14:06:02
176.34,6.18,24.54,57.91,0,0,2026-08-31 14:06:04
120.96,6.9,26.22,48.56,0,0,2026-08-31 14:06:07
113.0,12.21,27.28,49.79,0,0,2026-08-31 14:06:08
329.2,34.12,36.69,66.95,0,0,2026-08-31 14:06:10
309.72,39.04,30.68,72.58,0,0,2026-08-31 14:06:14
270.79,29.78,30.73,73.96,0,0,2026-08-31 14:06:14
291.84,31.85,37.42,65.77,0,0,2026-08-31 14:06:16
316.13,30.5,31.06,73.92,0,0,2026-08-31 14:06:18
323.63,30.64,30.13,68.35,0,0,2026-08-31 14:06:20
338.31,26.1,36.27,72.39,0,0,2026-08-31 14:06:22
311.72,32.11,31.81,68.81,0,0,2026-08-31 14:06:24
257.34,39.9,32.59,84.33,0,0,2026-08-31 14:06:26
610.66,32.67,24.95,55.28,0,0,2026-08-31 14:06:28
754.16,21.68,24.59,54.02,0,1,2026-08-31 14:06:30
805.57,48.57,27.58,54.11,0,1,2026-08-31 14:06:32
525.73,29.54,22.81,50.24,0,0,2026-08-31 14:06:34
614.32,22.41,23.65,47.27,0,0,2026-08-31 14:06:36
686.44,32.9,22.28,49.6,0,0,2026-08-31 14:06:38
552.15,30.09,27.07,46.59,0,0,2026-08-31 14:06:40
698.73,30.07,26.97,45.11,0,1,2026-08-31 14:06:42
117.85,11.08,24.73,48.5,0,0,2026-08-31 14:06:44
158.2,14.45,20.56,51.22,0,0,2026-08-31 14:06:46
149.92,11.92,27.98,52.46,0,0,2026-08-31 14:06:48
374.28,176.62,50.91,41.29,1,2,2026-08-31 14:06:50
501.8,167.59,52.82,33.97,1,2,2026-08-31 14:06:52
381.26,80.76,52.57,31.98,1,2,2026-08-31 14:06:54
599.45,113.42,60.31,43.08,1,2,2026-08-31 14:06:56
104.46,11.93,22.1,57.67,0,0,2026-08-31 14:06:58
113.03,12.47,20.06,45.91,0,0,2026-08-31 14:07:00
138.9,11.13,26.27,56.49,0,0,2026-08-31 14:07:02
117.78,10.14,21.05,52.32,0,0,2026-08-31 14:07:04
148.95,7.63,26.5,55.28,0,0,2026-08-31 14:07:06
162.08,9.53,23.18,51.33,0,0,2026-08-31 14:07:08
126.13,10.62,20.06,56.92,0,0,2026-08-31 14:07:10
164.67,9.77,21.33,53.67,0,0,2026-08-31 14:07:12
126.89,13.19,22.06,48.67,0,0,2026-08-31 14:07:14
111.04,13.72,22.2,59.18,0,0,2026-08-31 14:07:16
133.92,7.48,20.45,55.89,0,0,2026-08-31 14:07:18
140.37,12.78,24.32,57.11,0,0,2026-08-31 14:07:20
149.97,5.42,21.04,52.7,0,0,2026-08-31 14:07:22
116.75,14.1,25.44,49.85,0,0,2026-08-31 14:07:24
107.23,13.13,26.22,50.03,0,0,2026-08-31 14:07:26
116.02,12.32,21.52,51.13,0,0,2026-08-31 14:07:28
104.85,14.06,27.36,56.81,0,0,2026-08-31 14:07:32
193.39,7.42,22.34,52.03,0,0,2026-08-31 14:07:34
172.6,11.13,25.91,49.61,0,0,2026-08-31 14:07:36
123.3,7.31,22.94,58.57,0,0,2026-08-31 14:07:39
108.39,14.92,24.11,57.71,0,0,2026-08-31 14:07:39
104.24,14.8,22.76,56.33,0,0,2026-08-31 14:07:41
183.46,14.91,23.11,57.93,0,0,2026-08-31 14:07:43
118.06,12.5,23.64,46.51,0,0,2026-08-31 14:07:47
117.22,8.56,20.38,46.29,0,0,2026-08-31 14:07:47
137.78,13.81,24.09,55.32,0,0,2026-08-31 14:07:49
117.07,12.68,27.0,57.6,0,0,2026-08-31 14:07:51
282.27,30.29,30.11,77.85,0,0,2026-08-31 14:07:53
255.79,32.77,35.09,74.78,0,0,2026-08-31 14:07:55
275.19,26.55,35.6,78.21,0,0,2026-08-31 14:07:57
696.31,21.66,26.26,47.65,0,1,2026-08-31 14:07:59
724.65,48.92,24.39,53.65,0,1,2026-08-31 14:08:00
629.29,25.07,23.71,58.04,0,0,2026-08-31 14:08:03
731.6,27.61,22.59,56.5,0,1,2026-08-31 14:08:04
524.07,44.88,27.64,46.94,0,0,2026-08-31 14:08:06
143.43,12.92,20.62,57.86,0,0,2026-08-31 14:08:08
123.6,9.51,23.89,56.67,0,0,2026-08-31 14:08:12
175.63,11.09,26.86,46.79,0,0,2026-08-31 14:08:14
117.92,5.51,25.03,50.5,0,0,2026-08-31 14:08:16
111.28,10.22,23.26,48.49,0,0,2026-08-31 14:08:18
154.31,10.95,25.77,55.23,0,0,2026-08-31 14:08:19
124.87,10.57,27.93,47.54,0,0,2026-08-31 14:08:21
119.48,6.0,22.41,54.04,0,0,2026-08-31 14:08:23
146.2,5.57,22.93,51.25,0,0,2026-08-31 14:08:24
174.05,13.37,27.63,56.95,0,0,2026-08-31 14:08:26
115.32,9.49,23.55,45.28,0,0,2026-08-31 14:08:29
157.6,12.05,21.86,47.09,0,0,2026-08-31 14:08:31
129.78,10.7,26.47,59.16,0,0,2026-08-31 14:08:32
140.65,11.72,22.02,47.63,0,0,2026-08-31 14:08:34
181.16,5.44,20.65,49.29,0,0,2026-08-31 14:08:36
101.58,6.75,22.21,59.56,0,0,2026-08-31 14:08:38
160.03,5.73,26.86,47.29,0,0,2026-08-31 14:08:40
137.96,9.64,27.46,50.92,0,0,2026-08-31 14:08:42
339.26,194.39,60.16,31.24,1,2,2026-08-31 14:08:44
398.77,82.97,64.0,40.04,1,2,2026-08-31 14:08:46
444.43,132.05,48.39,41.53,1,2,2026-08-31 14:08:48
461.65,195.57,56.72,38.8,1,2,2026-08-31 14:08:50
413.81,153.62,54.49,42.92,1,2,2026-08-31 14:08:52
590.55,169.38,41.65,42.42,1,2,2026-08-31 14:08:54
167.78,10.15,26.93,46.17,0,0,2026-08-31 14:08:56
137.29,9.54,22.49,45.24,0,0,2026-08-31 14:08:58
191.02,9.97,23.17,58.09,0,0,2026-08-31 14:09:00
168.13,10.79,23.49,52.17,0,0,2026-08-31 14:09:02
181.2,10.47,25.02,45.49,0,0,2026-08-31 14:09:04
175.76,10.79,22.47,56.97,0,0,2026-08-31 14:09:06
135.2,6.92,23.64,50.6,0,0,2026-08-31 14:09:08
129.73,10.0,26.33,54.82,0,0,2026-08-31 14:09:10
111.12,13.45,20.91,58.49,0,0,2026-08-31 14:09:12
194.78,5.39,21.53,52.34,0,0,2026-08-31 14:09:14
104.67,9.79,26.19,48.89,0,0,2026-08-31 14:09:16
172.03,13.2,21.15,57.16,0,0,2026-08-31 14:09:18
175.5,13.99,25.35,52.75,0,0,2026-08-31 14:09:20
175.83,6.57,22.04,51.98,0,0,2026-08-31 14:09:22
164.79,10.12,26.92,58.67,0,0,2026-08-31 14:09:24
162.63,5.04,24.96,53.26,0,0,2026-08-31 14:09:26
190.41,14.85,26.41,49.88,0,0,2026-08-31 14:09:28
166.29,13.9,21.35,55.69,0,0,2026-08-31 14:09:30
129.79,8.87,27.33,56.05,0,0,2026-08-31 14:09:32
128.83,7.16,26.97,57.27,0,0,2026-08-31 14:09:34
118.56,13.03,26.29,48.79,0,0,2026-08-31 14:09:36
293.83,30.65,34.41,71.93,0,0,2026-08-31 14:09:38
579.86,40.7,25.44,54.07,0,0,2026-08-31 14:09:40
457.19,34.91,27.24,54.76,0,0,2026-08-31 14:09:42
415.78,45.76,26.0,50.52,0,0,2026-08-31 14:09:44
660.24,43.92,23.69,59.31,0,1,2026-08-31 14:09:46
641.53,45.83,24.26,45.1,0,0,2026-08-31 14:09:48
506.03,31.51,22.16,52.59,0,0,2026-08-31 14:09:50
583.09,26.26,26.62,50.43,0,0,2026-08-31 14:09:52
692.02,31.02,25.57,47.59,0,1,2026-08-31 14:09:54
770.3,29.86,23.04,57.88,0,0,2026-08-31 14:09:56
158.55,8.59,25.43,47.24,0,0,2026-08-31 14:09:58
147.05,12.45,21.79,53.01,0,0,2026-08-31 14:10:00
146.8,13.95,26.9,59.37,0,0,2026-08-31 14:10:02
187.4,10.83,24.44,58.56,0,0,2026-08-31 14:10:04
140.17,8.21,26.75,57.39,0,0,2026-08-31 14:10:06
155.72,14.58,27.79,58.04,0,0,2026-08-31 14:10:08
174.94,14.68,25.32,45.58,0,0,2026-08-31 14:10:10
161.44,14.36,24.23,54.9,0,0,2026-08-31 14:10:12
189.98,12.46,27.6,59.58,0,0,2026-08-31 14:10:14
144.25,9.13,23.61,48.88,0,0,2026-08-31 14:10:16
148.22,7.68,23.07,52.28,0,0,2026-08-31 14:10:18
198.2,12.84,24.75,56.87,0,0,2026-08-31 14:10:20
179.55,6.93,22.08,48.97,0,0,2026-08-31 14:10:22
118.65,11.8,23.74,51.11,0,0,2026-08-31 14:10:24
169.97,11.71,20.37,58.67,0,0,2026-08-31 14:10:26
128.53,9.34,25.1,54.3,0,0,2026-08-31 14:10:28
141.45,13.33,22.86,59.85,0,0,2026-08-31 14:10:30
116.21,13.82,23.08,52.99,0,0,2026-08-31 14:10:33
161.11,11.13,23.3,47.9,0,0,2026-08-31 14:10:34
100.98,7.48,22.72,50.97,0,0,2026-09-01 05:16:58
157.89,11.92,25.5,54.62,0,0,2026-09-01 05:16:59
197.55,6.79,24.51,52.02,0,0,2026-09-01 05:17:01
107.02,5.96,27.13,47.23,0,0,2026-09-01 05:17:03
120.6,10.74,27.49,48.01,0,0,2026-09-01 05:17:05
148.01,12.34,21.33,57.42,0,0,2026-09-01 05:17:07
159.47,5.62,23.68,54.9,0,0,2026-09-01 05:17:10
181.06,11.09,21.34,45.78,0,0,2026-09-01 05:17:11
192.4,12.22,24.3,50.37,0,0,2026-09-01 05:17:14
128.96,12.91,27.78,58.03,0,0,2026-09-01 05:17:16
150.72,11.2,26.63,51.35,0,0,2026-09-01 05:17:18
141.67,10.07,25.45,54.47,0,0,2026-09-01 05:17:20
178.93,11.58,20.97,56.95,0,0,2026-09-01 05:17:22
112.9,12.51,21.24,52.49,0,0,2026-09-01 05:17:24
130.66,14.54,22.69,54.66,0,0,2026-09-01 05:17:26
185.62,9.44,25.74,46.5,0,0,2026-09-01 05:17:28
160.41,7.68,21.26,58.28,0,0,2026-09-01 05:17:30
133.7,8.72,26.33,51.78,0,0,2026-09-01 05:17:32
152.17,14.31,25.89,59.04,0,0,2026-09-01 05:17:34
103.52,7.49,23.81,53.03,0,0,2026-09-01 05:17:36
124.6,12.12,26.8,58.91,0,0,2026-09-01 05:18:37
300.03,28.24,32.74,78.39,0,0,2026-09-01 05:18:39
309.54,26.35,35.33,69.42,0,0,2026-09-01 05:18:41
250.29,26.59,33.53,68.25,0,0,2026-09-01 05:18:43
304.72,27.32,30.58,80.73,0,0,2026-09-01 05:18:45
295.83,37.95,32.48,74.96,0,0,2026-09-01 05:18:47
256.12,27.18,34.28,66.78,0,0,2026-09-01 05:18:49
274.12,36.89,35.81,65.07,0,0,2026-09-01 05:18:51
268.9,39.04,35.48,74.75,0,0,2026-09-01 05:18:53
300.65,43.75,33.12,69.63,0,0,2026-09-01 05:18:55
295.75,26.83,35.24,77.71,0,0,2026-09-01 05:18:57
261.54,33.97,37.88,73.78,0,0,2026-09-01 05:18:59
252.81,25.11,32.17,83.1,0,0,2026-09-01 05:19:01
305.56,44.6,37.69,78.75,0,0,2026-09-01 05:19:04
292.56,27.53,33.49,66.67,0,0,2026-09-01 05:19:06
299.98,38.02,32.01,84.1,0,0,2026-09-01 05:19:08
272.51,36.99,30.39,75.03,0,0,2026-09-01 05:19:10
253.18,39.63,32.6,77.16,0,0,2026-09-01 05:19:12
322.73,41.02,35.99,76.2,0,0,2026-09-01 05:19:14
349.78,43.95,37.14,81.23,0,0,2026-09-01 05:19:16
315.62,32.49,36.9,68.95,0,0,2026-09-01 05:19:19
270.24,30.69,30.53,78.73,0,0,2026-09-01 05:19:20
657.86,32.91,26.38,47.09,0,0,2026-09-01 05:19:22
487.95,39.85,23.03,47.04,0,0,2026-09-01 05:19:24
698.78,40.26,22.63,49.04,0,1,2026-09-01 05:19:26
419.69,48.93,23.99,53.38,0,0,2026-09-01 05:19:28
629.55,29.84,27.41,52.8,0,0,2026-09-01 05:19:30
822.55,32.77,23.22,55.46,0,1,2026-09-01 05:19:32
789.46,38.23,25.19,57.94,0,1,2026-09-01 05:19:34
808.52,39.11,27.72,50.85,0,1,2026-09-01 05:19:36
889.35,38.04,22.05,47.51,0,1,2026-09-01 05:19:38
863.99,36.55,22.01,49.8,0,1,2026-09-01 05:19:40
595.15,30.13,22.53,53.46,0,0,2026-09-01 05:19:43
463.34,41.83,27.37,59.13,0,0,2026-09-01 05:19:45
156.97,12.02,26.19,54.2,0,0,2026-09-01 05:19:47
111.37,6.36,24.99,46.22,0,0,2026-09-01 05:19:50
176.46,8.9,25.35,45.76,0,0,2026-09-01 05:19:51
118.97,14.21,22.75,57.15,0,0,2026-09-01 05:19:53
164.48,12.15,27.06,47.92,0,0,2026-09-01 05:19:55
134.56,5.96,27.96,59.35,0,0,2026-09-01 05:19:57
176.92,11.06,23.94,48.41,0,0,2026-09-01 05:20:00
501.81,137.06,60.79,44.64,1,2,2026-09-01 05:20:01
497.75,174.38,46.24,39.23,1,2,2026-09-01 05:20:03
136.02,5.68,26.79,51.35,0,0,2026-09-01 05:20:05
155.09,6.08,26.35,48.73,0,0,2026-09-01 05:20:07
128.02,5.86,23.76,49.23,0,0,2026-09-01 05:20:09
117.73,11.92,23.0,52.63,0,0,2026-09-01 05:20:12
130.17,11.07,21.03,52.17,0,0,2026-09-01 05:20:14
140.46,13.54,22.03,52.47,0,0,2026-09-01 05:20:16
124.75,14.96,20.41,59.27,0,0,2026-09-01 05:20:18
145.22,14.03,26.25,45.72,0,0,2026-09-01 05:20:20
126.65,13.53,21.12,49.26,0,0,2026-09-01 05:20:22
182.73,9.24,26.37,57.49,0,0,2026-09-01 05:20:24
157.7,8.92,24.07,54.62,0,0,2026-09-01 05:20:26
141.95,9.27,25.66,46.85,0,0,2026-09-01 05:20:28
196.64,13.97,27.89,50.78,0,0,2026-09-01 05:20:30
171.14,12.45,27.48,48.43,0,0,2026-09-01 05:20:32
165.6,9.72,24.17,47.36,0,0,2026-09-01 05:20:34
133.04,5.94,22.04,54.82,0,0,2026-09-01 05:20:36
191.21,7.86,25.28,50.96,0,0,2026-09-01 05:20:38
128.53,14.26,25.57,45.26,0,0,2026-09-01 05:20:40
147.38,5.89,25.7,50.89,0,0,2026-09-01 05:20:42
125.87,6.45,22.93,50.96,0,0,2026-09-01 05:20:44
195.21,13.4,23.59,56.07,0,0,2026-09-01 05:20:46
101.99,8.25,25.42,46.91,0,0,2026-09-01 05:20:48
141.89,14.79,27.14,53.76,0,0,2026-09-01 05:20:50
153.43,7.55,22.94,53.7,0,0,2026-09-01 05:20:52
130.47,10.3,26.29,50.81,0,0,2026-09-01 05:20:54
105.98,12.55,22.18,56.93,0,0,2026-09-01 05:20:56
102.52,12.58,26.17,46.32,0,0,2026-09-01 05:20:58
138.75,8.61,23.93,47.11,0,0,2026-09-01 05:21:00
199.08,14.76,23.86,50.4,0,0,2026-09-01 05:21:02
125.43,8.36,25.01,50.51,0,0,2026-09-01 05:21:04
177.0,7.25,26.78,56.18,0,0,2026-09-01 05:21:06
177.22,7.71,26.26,51.92,0,0,2026-09-01 05:21:09
189.51,13.77,25.98,58.32,0,0,2026-09-01 05:21:10
147.94,6.36,27.72,49.99,0,0,2026-09-01 05:21:13
128.63,14.75,26.26,55.59,0,0,2026-09-01 05:21:14
174.63,7.91,21.52,52.97,0,0,2026-09-01 05:21:17
191.56,14.39,23.73,47.74,0,0,2026-09-01 05:21:19
106.46,12.71,26.89,57.35,0,0,2026-09-01 05:21:20
179.58,9.63,27.58,54.63,0,0,2026-09-01 05:21:23
190.96,7.08,26.58,56.5,0,0,2026-09-01 05:21:25
169.02,8.81,26.14,49.0,0,0,2026-09-01 05:21:27
138.71,12.37,23.59,45.16,0,0,2026-09-01 05:21:29
189.5,9.71,27.74,56.84,0,0,2026-09-01 05:21:31
163.81,13.67,27.93,48.29,0,0,2026-09-01 05:21:32
190.32,10.45,23.28,46.87,0,0,2026-09-01 05:21:35
183.01,12.37,22.93,50.36,0,0,2026-09-01 05:21:37
108.12,10.19,25.48,51.13,0,0,2026-09-01 05:21:39
110.05,14.76,21.98,46.59,0,0,2026-09-01 05:21:41
179.77,7.51,27.67,56.54,0,0,2026-09-01 05:21:43
171.44,9.65,26.93,49.51,0,0,2026-09-01 05:21:45
167.57,12.22,25.18,46.64,0,0,2026-09-01 05:21:47
148.82,8.0,23.86,55.39,0,0,2026-09-01 05:21:49
105.88,14.2,23.13,47.56,0,0,2026-09-01 05:21:51
138.07,10.03,21.97,58.18,0,0,2026-09-01 05:21:53
133.3,6.75,20.16,51.96,0,0,2026-09-01 05:21:55
149.95,6.84,22.12,53.3,0,0,2026-09-01 05:21:57
162.34,10.57,24.57,56.54,0,0,2026-09-01 05:21:59
188.68,8.58,20.47,54.65,0,0,2026-09-01 05:22:01
132.12,8.58,25.05,51.87,0,0,2026-09-01 05:22:03
175.85,8.43,25.34,55.85,0,0,2026-09-01 05:22:05
165.72,9.24,22.14,59.21,0,0,2026-09-01 05:22:07
143.65,14.74,27.44,56.51,0,0,2026-09-01 05:22:09
134.1,5.86,24.47,54.52,0,0,2026-09-01 05:22:11
107.96,10.23,24.38,45.61,0,0,2026-09-01 05:22:13
110.34,6.87,26.43,48.27,0,0,2026-09-01 05:22:15
175.82,14.89,21.56,49.98,0,0,2026-09-01 05:22:17
303.39,35.28,33.59,84.1,0,0,2026-09-01 05:22:19
423.93,41.46,27.53,57.86,0,0,2026-09-01 05:22:21
431.75,27.29,23.61,58.08,0,0,2026-09-01 05:22:23
409.83,33.04,24.24,54.02,0,0,2026-09-01 05:22:25
465.27,49.54,26.11,47.06,0,0,2026-09-01 05:22:27
486.43,32.61,27.99,47.18,0,0,2026-09-01 05:22:30
740.57,31.29,27.31,49.56,0,1,2026-09-01 05:22:31
509.73,41.03,26.19,51.93,0,0,2026-09-01 05:22:33
797.0,45.1,25.78,57.58,0,1,2026-09-01 05:22:35
601.95,25.84,27.24,56.2,0,0,2026-09-01 05:22:37
471.28,40.41,26.59,48.83,0,0,2026-09-01 05:22:39
884.7,33.91,22.83,58.65,0,1,2026-09-01 05:22:41
415.0,32.29,25.88,51.5,0,0,2026-09-01 05:22:43
180.78,12.72,20.94,51.6,0,0,2026-09-01 05:22:45
179.99,8.97,21.27,52.46,0,0,2026-09-01 05:22:47
119.36,8.06,26.45,50.63,0,0,2026-09-01 05:22:49
119.74,7.47,25.4,55.77,0,0,2026-09-01 05:22:51
129.79,13.1,20.58,50.26,0,0,2026-09-01 05:22:53
143.67,6.79,23.58,57.37,0,0,2026-09-01 05:22:55
195.21,6.95,23.46,59.21,0,0,2026-09-01 05:22:57
112.96,9.74,27.77,46.55,0,0,2026-09-01 05:22:59
185.44,11.37,24.29,56.27,0,0,2026-09-01 05:23:01
118.58,6.54,27.5,45.71,0,0,2026-09-01 05:23:03
172.34,7.91,22.52,54.06,0,0,2026-09-01 05:23:05
199.09,7.79,25.8,49.14,0,0,2026-09-01 05:23:07
175.48,7.88,26.71,57.3,0,0,2026-09-01 05:23:09
194.7,13.44,26.44,59.08,0,0,2026-09-01 05:23:11
193.37,6.55,23.01,47.53,0,0,2026-09-01 05:23:13
317.88,124.83,61.9,31.61,1,2,2026-09-01 05:23:15
431.19,96.95,50.81,33.79,1,2,2026-09-01 05:23:17
537.44,192.98,64.56,36.09,1,2,2026-09-01 05:23:19
427.92,133.8,63.68,38.32,1,2,2026-09-01 05:23:21
368.1,112.28,47.55,41.04,1,2,2026-09-01 05:23:23
368.43,193.25,43.8,32.13,1,2,2026-09-01 05:23:25
525.12,185.87,45.05,42.58,1,2,2026-09-01 05:23:27
326.64,198.68,46.98,38.7,1,2,2026-09-01 05:23:29
478.25,123.93,54.01,43.25,1,2,2026-09-01 05:23:31
435.09,116.12,64.01,36.86,1,2,2026-09-01 05:23:33
416.46,85.98,61.45,33.51,1,2,2026-09-01 05:23:35
379.97,155.4,50.78,37.22,1,2,2026-09-01 05:23:37
587.8,85.93,52.01,32.49,1,2,2026-09-01 05:23:39
592.35,122.5,59.36,30.61,1,2,2026-09-01 05:23:41
342.56,137.85,53.99,33.7,1,2,2026-09-01 05:23:43
122.93,5.73,23.5,59.55,0,0,2026-09-01 05:23:45
193.25,13.11,22.46,57.85,0,0,2026-09-01 05:23:48
120.86,13.48,26.82,51.47,0,0,2026-09-01 05:23:49
142.12,5.23,27.32,49.94,0,0,2026-09-01 05:23:52
190.93,6.89,27.4,51.2,0,0,2026-09-01 05:23:54
106.08,11.29,26.38,45.12,0,0,2026-09-01 05:23:56
101.53,7.29,23.33,54.26,0,0,2026-09-01 05:23:58
167.67,8.43,27.91,47.14,0,0,2026-09-01 05:24:00
141.06,12.33,21.46,53.26,0,0,2026-09-01 05:24:02
192.65,11.81,23.14,47.1,0,0,2026-09-01 05:24:04
114.83,9.5,25.99,46.52,0,0,2026-09-01 05:24:06
119.85,6.79,26.98,46.24,0,0,2026-09-01 05:24:08
115.8,7.97,20.47,51.42,0,0,2026-09-01 05:24:10
103.05,7.65,23.4,55.95,0,0,2026-09-01 05:24:12
194.84,8.05,24.15,48.53,0,0,2026-09-01 05:24:14
182.5,9.72,20.03,58.14,0,0,2026-09-01 05:24:16
184.25,6.77,23.55,56.92,0,0,2026-09-01 05:24:18
173.23,8.19,22.5,48.4,0,0,2026-09-01 05:24:20
150.96,10.62,23.68,47.77,0,0,2026-09-01 05:24:22
132.0,5.85,26.49,58.86,0,0,2026-09-01 05:24:24
118.49,5.02,23.58,54.93,0,0,2026-09-01 05:24:26
157.65,12.49,21.41,47.38,0,0,2026-09-01 05:24:28
125.57,11.56,23.13,51.89,0,0,2026-09-01 05:24:30
148.67,5.49,23.29,56.57,0,0,2026-09-01 05:24:32
110.31,11.75,24.61,47.61,0,0,2026-09-01 05:24:34
169.39,5.9,22.63,52.18,0,0,2026-09-01 05:24:36
155.81,5.63,27.08,54.27,0,0,2026-09-01 05:24:38
112.27,6.57,21.92,50.71,0,0,2026-09-01 05:24:40
180.7,14.88,25.15,58.74,0,0,2026-09-01 05:24:42
134.74,13.84,26.01,45.57,0,0,2026-09-01 05:24:44
170.05,5.6,25.62,57.46,0,0,2026-09-01 05:24:46
194.05,5.6,25.99,55.01,0,0,2026-09-01 05:24:48
107.94,10.49,26.23,55.16,0,0,2026-09-01 05:24:50
123.09,7.86,24.55,50.29,0,0,2026-09-01 05:24:52
120.82,13.01,24.94,47.97,0,0,2026-09-01 05:24:54
127.7,12.29,22.39,50.2,0,0,2026-09-01 05:24:56
174.0,10.09,24.59,51.46,0,0,2026-09-01 05:24:58
160.6,5.02,26.34,58.74,0,0,2026-09-01 05:25:00
132.78,9.19,22.11,59.35,0,0,2026-09-01 05:25:02
141.47,14.4,20.95,59.98,0,0,2026-09-01 05:25:04
188.29,11.24,25.5,47.71,0,0,2026-09-01 05:25:06
169.44,13.02,27.36,46.26,0,0,2026-09-01 05:25:08
163.23,11.49,22.0,50.55,0,0,2026-09-01 05:25:10
285.08,39.3,36.82,65.92,0,0,2026-09-01 05:25:12
326.08,44.97,32.35,75.23,0,0,2026-09-01 05:25:14
283.31,38.63,33.86,78.49,0,0,2026-09-01 05:25:16
261.25,35.4,32.79,73.26,0,0,2026-09-01 05:25:18
294.44,32.55,32.73,77.55,0,0,2026-09-01 05:25:20
636.1,26.87,22.8,50.12,0,0,2026-09-01 05:25:22
434.5,49.86,25.52,48.4,0,0,2026-09-01 05:25:24
807.87,31.12,26.68,56.43,0,1,2026-09-01 05:25:26
485.7,39.41,22.09,54.85,0,0,2026-09-01 05:25:28
749.35,40.32,25.53,57.45,0,1,2026-09-01 05:25:30
474.92,36.14,23.52,48.51,0,0,2026-09-01 05:25:32
539.77,23.94,22.17,46.99,0,0,2026-09-01 05:25:36
504.34,22.78,27.79,58.66,0,0,2026-09-01 05:25:36
747.7,37.08,25.26,48.62,0,1,2026-09-01 05:25:38
794.91,27.77,27.87,45.01,0,1,2026-09-01 05:25:40
623.2,29.28,25.38,48.38,0,0,2026-09-01 05:25:42
122.88,10.14,25.68,46.36,0,0,2026-09-01 05:25:44
126.42,13.5,22.28,57.81,0,0,2026-09-01 05:25:46
118.84,12.78,24.24,48.56,0,0,2026-09-01 05:25:48
183.75,10.73,22.12,53.87,0,0,2026-09-01 05:25:50
197.69,6.09,22.04,46.2,0,0,2026-09-01 05:25:52
139.01,13.72,24.22,59.5,0,0,2026-09-01 05:25:55
149.45,5.97,27.36,58.49,0,0,2026-09-01 05:25:56
132.83,12.36,21.0,53.4,0,0,2026-09-01 05:25:58
152.01,7.56,25.75,47.76,0,0,2026-09-01 05:26:00
121.6,7.28,26.03,49.52,0,0,2026-09-01 05:26:02
397.3,118.23,64.95,33.52,1,2,2026-09-01 05:26:04
460.33,109.1,42.83,32.1,1,2,2026-09-01 05:26:07
307.22,120.07,57.98,30.29,1,2,2026-09-01 05:26:08
150.81,11.84,25.94,45.19,0,0,2026-09-01 05:26:10
122.75,8.04,25.81,54.78,0,0,2026-09-01 05:26:13
106.92,8.62,23.65,48.04,0,0,2026-09-01 05:26:15
172.06,9.18,23.06,54.57,0,0,2026-09-01 05:26:16
126.41,7.39,22.1,53.1,0,0,2026-09-01 05:26:18
177.54,6.72,20.13,53.82,0,0,2026-09-01 05:26:20
135.92,14.9,21.89,52.69,0,0,2026-09-01 05:26:23
171.88,8.69,20.25,56.81,0,0,2026-09-01 05:26:24
175.87,11.95,21.64,47.26,0,0,2026-09-01 05:26:26
144.22,6.02,27.99,57.63,0,0,2026-09-01 05:26:29
171.96,10.91,25.88,56.9,0,0,2026-09-01 05:26:30
123.03,13.98,23.47,51.25,0,0,2026-09-01 05:26:32
176.92,14.24,27.66,48.88,0,0,2026-09-01 05:26:34
285.24,36.94,33.29,67.62,0,0,2026-09-01 05:26:37
311.73,44.88,32.66,81.07,0,0,2026-09-01 05:26:39
531.85,27.17,23.74,46.75,0,0,2026-09-01 05:26:40
609.27,48.7,27.21,50.07,0,0,2026-09-01 05:26:42
586.58,20.08,25.38,56.11,0,0,2026-09-01 05:26:44
474.0,46.33,22.67,51.33,0,0,2026-09-01 05:26:46
782.94,48.06,24.72,51.47,0,1,2026-09-01 05:26:48
554.58,20.51,23.62,53.16,0,0,2026-09-01 05:26:51
411.58,42.53,23.48,57.59,0,0,2026-09-01 05:26:53
468.89,26.19,26.79,52.16,0,0,2026-09-01 05:26:55
180.55,13.23,27.94,45.88,0,0,2026-09-01 05:26:56
199.2,8.82,20.58,54.86,0,0,2026-09-01 05:26:58
142.2,8.62,24.26,59.56,0,0,2026-09-01 05:27:01
115.7,9.74,24.01,47.06,0,0,2026-09-01 05:27:02
101.24,8.57,21.26,59.84,0,0,2026-09-01 05:27:05
167.34,12.93,26.85,58.93,0,0,2026-09-01 05:27:06
175.07,12.88,24.08,55.16,0,0,2026-09-01 05:27:09
147.82,11.83,22.93,54.79,0,0,2026-09-01 05:27:11
132.1,10.42,22.1,49.92,0,0,2026-09-01 05:27:12
394.53,173.4,46.63,38.8,1,2,2026-09-01 05:27:15
309.58,135.34,43.55,37.65,1,2,2026-09-01 05:27:17
349.02,91.2,60.14,31.33,1,2,2026-09-01 05:27:19
568.24,168.02,43.92,36.38,1,2,2026-09-01 05:27:20
559.78,168.89,59.6,33.61,1,2,2026-09-01 05:27:23
134.91,13.67,20.38,52.76,0,0,2026-09-01 05:27:25
150.63,15.0,24.57,49.29,0,0,2026-09-01 05:27:26
141.49,13.11,26.04,59.03,0,0,2026-09-01 05:27:29
109.91,7.67,26.68,47.13,0,0,2026-09-01 05:27:30
109.05,13.93,25.99,51.97,0,0,2026-09-01 05:27:33
135.64,12.31,22.08,45.14,0,0,2026-09-01 05:27:35
113.51,9.6,24.1,57.76,0,0,2026-09-01 05:27:36
197.1,12.15,23.0,54.59,0,0,2026-09-01 05:27:39
113.99,8.92,21.8,54.97,0,0,2026-09-01 05:27:40
107.53,5.64,21.03,47.03,0,0,2026-09-01 05:27:43
106.43,8.14,22.89,51.43,0,0,2026-09-01 05:27:45
156.85,10.4,21.49,50.76,0,0,2026-09-01 05:27:46
137.72,8.83,26.34,56.93,0,0,2026-09-01 05:27:49
171.45,7.48,27.96,51.89,0,0,2026-09-01 05:27:51
142.65,9.2,26.47,57.08,0,0,2026-09-01 05:27:53
176.86,12.18,24.62,58.7,0,0,2026-09-01 05:27:54
117.42,12.19,22.39,48.51,0,0,2026-09-01 05:27:56
194.66,5.34,21.29,48.84,0,0,2026-09-01 05:27:59
156.11,5.48,21.38,46.93,0,0,2026-09-01 05:28:01
113.97,11.34,25.82,55.82,0,0,2026-09-01 05:28:03
147.82,9.83,24.34,46.53,0,0,2026-09-01 05:28:05
123.3,14.38,20.85,49.31,0,0,2026-09-01 05:28:07
197.11,6.05,25.96,50.87,0,0,2026-09-01 05:28:09
188.1,10.97,27.06,49.88,0,0,2026-09-01 05:28:10
149.51,8.02,23.95,49.47,0,0,2026-09-01 05:28:13
104.47,14.04,23.51,53.45,0,0,2026-09-01 05:28:15
124.46,10.49,27.02,55.1,0,0,2026-09-01 05:28:17
146.35,11.18,27.98,57.99,0,0,2026-09-01 05:28:19
142.07,6.74,23.84,54.85,0,0,2026-09-01 05:28:21
143.41,11.89,27.89,53.52,0,0,2026-09-01 05:28:23
129.15,7.19,21.93,49.24,0,0,2026-09-01 05:28:25
173.47,12.15,20.31,59.33,0,0,2026-09-01 05:28:27
151.07,8.93,22.57,58.63,0,0,2026-09-01 05:28:29
126.64,10.78,22.81,49.84,0,0,2026-09-01 05:28:31
117.55,13.96,21.56,49.01,0,0,2026-09-01 05:28:33
102.88,8.19,27.75,50.95,0,0,2026-09-01 05:28:35
197.1,14.54,22.56,50.74,0,0,2026-09-01 05:28:37
163.04,5.1,26.85,53.93,0,0,2026-09-01 05:28:39
153.66,6.94,24.7,48.37,0,0,2026-09-01 05:28:41
187.46,5.32,24.2,57.34,0,0,2026-09-01 05:28:43
116.13,14.91,25.27,46.94,0,0,2026-09-01 05:28:45
148.69,5.46,27.7,46.73,0,0,2026-09-01 05:28:47
174.22,14.84,20.09,53.54,0,0,2026-09-01 05:28:49
153.39,9.18,25.83,48.29,0,0,2026-09-01 05:28:51
174.63,9.33,22.09,51.05,0,0,2026-09-01 05:28:53
116.32,11.19,27.3,55.03,0,0,2026-09-01 05:28:55
164.72,5.44,21.87,52.94,0,0,2026-09-01 05:28:57
170.97,13.85,24.28,51.65,0,0,2026-09-01 05:28:59
134.49,8.39,22.05,56.99,0,0,2026-09-01 05:29:01
183.45,10.46,26.17,53.84,0,0,2026-09-01 05:29:03
123.46,10.9,25.16,55.1,0,0,2026-09-01 05:29:05
135.66,13.81,20.22,56.08,0,0,2026-09-01 05:29:07
117.28,10.36,26.32,53.5,0,0,2026-09-01 05:29:09
181.78,10.35,27.05,48.01,0,0,2026-09-01 05:29:11
141.15,7.86,24.41,53.03,0,0,2026-09-01 05:29:13
111.7,12.16,23.74,49.49,0,0,2026-09-01 05:29:15
151.26,10.95,25.45,51.02,0,0,2026-09-01 05:29:17
108.75,5.01,26.05,50.35,0,0,2026-09-01 05:29:19
130.04,8.31,26.37,53.27,0,0,2026-09-01 05:29:22
145.5,14.67,25.4,58.62,0,0,2026-09-01 05:29:23
108.75,14.23,27.98,53.62,0,0,2026-09-01 05:29:26
110.83,7.95,27.42,51.24,0,0,2026-09-01 05:29:27
118.74,9.46,27.67,52.84,0,0,2026-09-01 05:29:30
182.99,6.33,23.43,45.99,0,0,2026-09-01 05:29:32
124.84,14.85,26.4,50.82,0,0,2026-09-01 05:29:33
133.44,7.31,21.8,50.27,0,0,2026-09-01 05:29:37
177.78,9.61,27.5,47.44,0,0,2026-09-01 05:29:38
151.07,10.31,27.47,46.35,0,0,2026-09-01 05:29:39
169.7,14.63,23.63,48.18,0,0,2026-09-01 05:29:41
107.8,14.05,20.78,46.93,0,0,2026-09-01 05:29:43
122.54,6.44,25.37,52.68,0,0,2026-09-01 05:29:45
101.17,11.5,22.01,56.58,0,0,2026-09-01 05:29:47
184.12,8.52,27.56,48.2,0,0,2026-09-01 05:29:49
154.48,10.0,22.91,50.19,0,0,2026-09-01 05:29:51
191.97,11.63,23.84,57.2,0,0,2026-09-01 05:29:53
174.99,5.97,27.77,51.07,0,0,2026-09-01 05:29:55
172.11,5.51,25.21,52.69,0,0,2026-09-01 05:29:58
177.33,11.45,27.74,59.84,0,0,2026-09-01 05:29:59
104.84,11.7,20.7,57.05,0,0,2026-09-01 05:30:01
188.19,9.85,24.67,46.41,0,0,2026-09-01 05:30:05
147.95,13.13,25.21,51.7,0,0,2026-09-01 05:30:05
129.03,6.4,24.67,47.71,0,0,2026-09-01 05:30:07
186.26,14.76,25.64,54.17,0,0,2026-09-01 05:30:10
114.3,8.79,20.03,47.63,0,0,2026-09-01 05:30:12
178.58,5.34,22.65,50.09,0,0,2026-09-01 05:30:13
133.42,9.67,23.52,51.47,0,0,2026-09-01 05:30:16
144.45,11.47,24.74,54.69,0,0,2026-09-01 05:30:18
127.1,6.93,23.69,52.67,0,0,2026-09-01 05:30:25
107.76,14.57,26.68,45.33,0,0,2026-09-01 05:30:25
112.38,7.32,23.53,58.22,0,0,2026-09-01 05:30:25
172.94,10.5,21.12,46.56,0,0,2026-09-01 05:30:26
123.55,12.92,24.53,56.89,0,0,2026-09-01 05:30:27
110.12,6.48,20.07,45.47,0,0,2026-09-01 05:30:29
143.54,7.39,23.04,58.05,0,0,2026-09-01 05:30:31
194.59,8.01,26.41,50.44,0,0,2026-09-01 05:30:33
174.56,12.09,25.94,46.29,0,0,2026-09-01 05:30:35
185.12,10.11,26.43,56.23,0,0,2026-09-01 05:30:38
139.97,11.39,25.66,50.55,0,0,2026-09-01 05:30:40
191.74,11.79,27.49,46.38,0,0,2026-09-01 05:30:41
100.43,7.12,20.61,48.33,0,0,2026-09-01 05:30:43
174.75,11.3,22.31,58.06,0,0,2026-09-01 05:30:46
169.35,10.05,21.82,55.25,0,0,2026-09-01 05:30:48
175.54,12.39,20.25,45.61,0,0,2026-09-01 05:30:50
196.45,11.8,24.55,54.45,0,0,2026-09-01 05:30:52
166.74,6.96,22.99,54.26,0,0,2026-09-01 05:30:55
139.63,10.58,22.26,45.31,0,0,2026-09-01 05:30:55
112.31,5.77,26.65,52.09,0,0,2026-09-01 05:30:59
104.56,6.1,24.26,48.36,0,0,2026-09-01 05:31:00
132.17,13.69,25.69,57.15,0,0,2026-09-01 05:31:02
107.31,9.51,24.59,52.28,0,0,2026-09-01 05:31:07
113.19,12.72,21.08,48.41,0,0,2026-09-01 05:31:07
157.29,6.3,20.44,45.93,0,0,2026-09-01 05:31:08
194.83,7.61,26.91,47.95,0,0,2026-09-01 05:31:10
158.14,11.61,25.11,57.75,0,0,2026-09-01 05:31:11
286.48,26.91,33.0,69.14,0,0,2026-09-01 05:31:14
276.27,41.88,31.75,82.79,0,0,2026-09-01 05:31:15
316.11,25.18,33.32,83.2,0,0,2026-09-01 05:31:17
334.51,35.99,34.42,81.68,0,0,2026-09-01 05:31:20
255.11,31.84,34.72,79.2,0,0,2026-09-01 05:31:22
326.62,32.33,33.02,67.47,0,0,2026-09-01 05:31:24
261.69,29.42,32.85,77.19,0,0,2026-09-01 05:31:26
338.97,33.66,33.86,82.56,0,0,2026-09-01 05:31:28
260.46,31.39,32.37,75.66,0,0,2026-09-01 05:31:30
660.89,34.68,23.39,53.08,0,0,2026-09-01 05:31:32
497.22,42.7,23.73,59.13,0,0,2026-09-01 05:31:35
551.9,40.28,22.1,45.2,0,0,2026-09-01 05:31:36
694.54,49.96,27.07,58.86,0,1,2026-09-01 05:31:39
649.42,40.54,22.52,55.44,0,0,2026-09-01 05:31:41
630.24,43.21,23.47,46.79,0,0,2026-09-01 05:31:43
579.97,28.98,23.8,53.47,0,0,2026-09-01 05:31:45
647.02,20.17,26.09,57.58,0,0,2026-09-01 05:31:47
408.56,29.77,23.4,46.44,0,0,2026-09-01 05:31:49
190.33,12.95,27.75,48.29,0,0,2026-09-01 05:31:51
191.05,14.02,26.9,59.43,0,0,2026-09-01 05:31:53
112.55,11.53,23.67,55.06,0,0,2026-09-01 05:31:55
137.66,8.82,22.61,45.77,0,0,2026-09-01 05:31:57
117.0,7.23,21.25,50.31,0,0,2026-09-01 05:31:59
113.74,5.31,26.85,53.29,0,0,2026-09-01 05:32:01
151.33,12.38,26.04,50.96,0,0,2026-09-01 05:32:03
189.33,5.97,27.42,50.16,0,0,2026-09-01 05:32:05
111.26,9.78,20.01,47.19,0,0,2026-09-01 05:32:07
189.17,8.7,27.52,56.29,0,0,2026-09-01 05:32:09
118.18,11.18,27.86,46.7,0,0,2026-09-01 05:32:11
165.42,9.24,21.98,59.99,0,0,2026-09-01 05:32:13
155.87,13.8,21.48,47.28,0,0,2026-09-01 05:32:15
180.53,6.92,24.68,58.43,0,0,2026-09-01 05:32:17
190.29,11.57,27.89,54.07,0,0,2026-09-01 05:32:19
189.1,5.45,20.87,59.45,0,0,2026-09-01 05:32:21
114.91,5.76,22.78,58.61,0,0,2026-09-01 05:32:24
184.35,9.24,23.53,47.66,0,0,2026-09-01 05:32:26
120.0,11.91,20.24,50.19,0,0,2026-09-01 05:32:27
138.35,5.76,27.91,57.36,0,0,2026-09-01 05:32:29
111.54,6.64,25.39,45.06,0,0,2026-09-01 05:32:32
152.64,10.77,23.1,45.63,0,0,2026-09-01 05:32:33
114.12,13.78,22.22,46.73,0,0,2026-09-01 05:32:35
120.69,8.58,22.26,54.07,0,0,2026-09-01 05:32:38
189.45,8.03,25.06,51.27,0,0,2026-09-01 05:32:40
143.87,6.08,21.12,50.99,0,0,2026-09-01 05:32:42
144.45,7.85,24.37,57.0,0,0,2026-09-01 05:32:44
407.95,82.09,63.6,34.8,1,2,2026-09-01 05:32:46
196.63,6.19,26.86,59.0,0,0,2026-09-01 05:32:48
164.48,12.49,22.51,49.63,0,0,2026-09-01 05:32:50
134.15,8.9,20.15,45.9,0,0,2026-09-01 05:32:52
186.57,7.85,27.51,56.35,0,0,2026-09-01 05:32:54
195.03,12.68,20.5,58.97,0,0,2026-09-01 05:32:56
146.9,13.76,21.89,50.39,0,0,2026-09-01 05:32:58
134.02,11.29,22.67,51.02,0,0,2026-09-01 05:33:00
121.79,7.66,23.63,55.61,0,0,2026-09-01 05:33:02
140.95,10.63,22.3,49.88,0,0,2026-09-01 05:33:04
154.38,12.6,27.13,52.2,0,0,2026-09-01 05:33:06
179.48,7.83,24.79,49.16,0,0,2026-09-01 05:33:08
136.7,5.67,23.62,53.61,0,0,2026-09-01 05:33:11
118.82,12.13,22.61,54.91,0,0,2026-09-01 05:33:12
100.56,14.51,27.95,48.06,0,0,2026-09-01 05:33:15
128.74,10.71,25.55,50.6,0,0,2026-09-01 05:33:17
123.19,8.77,20.28,53.43,0,0,2026-09-01 05:33:18
120.14,11.96,25.59,46.5,0,0,2026-09-01 05:33:21
175.28,10.41,20.19,56.52,0,0,2026-09-01 05:33:23
196.31,12.25,24.27,50.66,0,0,2026-09-01 05:33:25
177.72,10.79,26.77,49.32,0,0,2026-09-01 05:33:27
148.01,9.02,27.02,59.2,0,0,2026-09-01 05:33:29
135.85,5.8,21.59,49.69,0,0,2026-09-01 05:33:31
152.81,13.29,24.62,46.79,0,0,2026-09-01 05:33:33
142.19,9.65,22.78,56.43,0,0,2026-09-01 05:33:35
192.99,8.71,25.81,58.72,0,0,2026-09-01 05:33:37
182.01,12.45,21.79,47.1,0,0,2026-09-01 05:33:39
144.85,12.42,20.88,50.31,0,0,2026-09-01 05:33:41
187.78,11.28,26.25,58.03,0,0,2026-09-01 05:33:43
167.07,7.01,23.43,51.92,0,0,2026-09-01 05:33:45
140.43,9.76,23.81,51.92,0,0,2026-09-01 05:33:47
160.72,9.66,23.95,49.88,0,0,2026-09-01 05:33:49
110.6,9.88,27.13,58.8,0,0,2026-09-01 05:33:51
149.67,10.24,26.8,55.66,0,0,2026-09-01 05:33:53
104.26,8.75,24.58,53.3,0,0,2026-09-01 05:33:55
168.64,7.69,23.75,53.57,0,0,2026-09-01 05:33:57
140.78,10.8,23.81,50.39,0,0,2026-09-01 05:33:59
175.89,8.27,23.45,52.21,0,0,2026-09-01 05:34:01
163.52,7.49,20.83,57.37,0,0,2026-09-01 05:34:03
163.84,6.4,20.02,54.97,0,0,2026-09-01 05:34:05
121.37,10.63,23.26,58.07,0,0,2026-09-01 05:34:07
150.56,11.05,27.3,45.5,0,0,2026-09-01 05:34:09
118.16,14.71,24.02,57.21,0,0,2026-09-01 05:34:11
129.21,13.27,26.37,53.38,0,0,2026-09-01 05:34:13
177.68,14.72,22.69,53.23,0,0,2026-09-01 05:34:15
139.14,14.39,23.55,55.69,0,0,2026-09-01 05:34:17
107.38,5.44,22.03,52.32,0,0,2026-09-01 05:34:19
179.66,8.29,24.72,54.59,0,0,2026-09-01 05:34:21
192.09,13.12,25.55,46.6,0,0,2026-09-01 05:34:23
123.26,10.92,20.3,55.44,0,0,2026-09-01 05:34:25
173.82,10.58,24.35,46.88,0,0,2026-09-01 05:34:27
153.27,11.85,27.26,51.72,0,0,2026-09-01 05:34:29
339.66,41.01,36.22,77.54,0,0,2026-09-01 05:34:31
300.08,35.41,31.47,77.4,0,0,2026-09-01 05:34:33
252.62,25.09,33.52,81.79,0,0,2026-09-01 05:34:35
277.52,26.96,35.45,77.84,0,0,2026-09-01 05:34:37
291.5,44.78,30.18,69.82,0,0,2026-09-01 05:34:39
277.04,35.31,33.61,82.04,0,0,2026-09-01 05:34:41
657.35,37.72,24.39,53.7,0,0,2026-09-01 05:34:43
747.35,49.54,24.24,59.99,0,1,2026-09-01 05:34:45
800.54,24.54,25.42,48.54,0,1,2026-09-01 05:34:47
554.05,46.68,22.06,54.42,0,0,2026-09-01 05:34:49
475.43,48.01,23.35,53.57,0,0,2026-09-01 05:34:51
152.4,13.43,27.83,59.36,0,0,2026-09-01 05:34:53
147.37,14.55,21.75,58.67,0,0,2026-09-01 05:34:55
119.26,5.29,21.07,50.1,0,0,2026-09-01 05:34:57
114.82,11.9,25.3,48.81,0,0,2026-09-01 05:34:59
141.28,11.17,22.4,47.58,0,0,2026-09-01 05:35:01
158.22,11.16,27.23,45.37,0,0,2026-09-01 05:35:03
192.35,10.02,21.16,57.34,0,0,2026-09-01 05:35:05
194.59,11.39,25.66,53.88,0,0,2026-09-01 05:35:07
181.18,5.1,27.81,56.39,0,0,2026-09-01 05:35:09
129.18,5.06,24.2,45.38,0,0,2026-09-01 05:35:11
123.88,10.79,25.23,53.51,0,0,2026-09-01 05:35:13
171.05,8.69,24.56,53.12,0,0,2026-09-01 05:35:15
185.4,14.87,25.76,53.77,0,0,2026-09-01 05:35:17
185.34,13.84,22.44,47.11,0,0,2026-09-01 05:35:19
127.11,10.72,27.87,49.86,0,0,2026-09-01 05:35:21
395.84,102.24,56.83,36.48,1,2,2026-09-01 05:35:23
587.28,153.8,51.14,32.26,1,2,2026-09-01 05:35:25
367.25,96.43,50.65,40.22,1,2,2026-09-01 05:35:27
563.5,81.28,43.83,37.98,1,2,2026-09-01 05:35:29
597.61,132.97,44.97,32.52,1,2,2026-09-01 05:35:31
404.52,118.47,64.34,31.17,1,2,2026-09-01 05:35:33
309.85,142.45,55.81,41.92,1,2,2026-09-01 05:35:35
413.78,133.86,44.82,41.56,1,2,2026-09-01 05:35:37
572.29,191.61,59.77,36.94,1,2,2026-09-01 05:35:39
526.28,186.51,54.0,44.77,1,2,2026-09-01 05:35:41
106.0,8.79,21.35,50.33,0,0,2026-09-01 05:35:43
157.31,5.75,26.18,59.25,0,0,2026-09-01 05:35:45
111.62,8.16,26.44,49.77,0,0,2026-09-01 05:35:47
112.4,14.72,27.95,51.5,0,0,2026-09-01 05:35:49
126.92,12.71,21.34,48.91,0,0,2026-09-01 05:35:51
130.9,13.89,24.46,51.16,0,0,2026-09-01 05:35:53
153.92,10.55,25.83,57.69,0,0,2026-09-01 05:35:56
193.89,7.34,24.21,55.17,0,0,2026-09-01 05:35:57
130.53,9.46,24.51,57.85,0,0,2026-09-01 05:35:59
121.97,8.2,25.7,52.84,0,0,2026-09-01 05:36:01
121.37,13.4,27.1,49.47,0,0,2026-09-01 05:36:03
138.57,7.3,24.83,52.93,0,0,2026-09-01 05:36:05
127.28,5.38,23.54,59.5,0,0,2026-09-01 05:36:07
150.46,8.16,25.85,55.48,0,0,2026-09-01 05:36:09
157.47,6.32,21.15,56.2,0,0,2026-09-01 05:36:11
196.07,9.14,20.28,46.44,0,0,2026-09-01 05:36:14
158.62,11.66,21.23,54.23,0,0,2026-09-01 05:36:15
178.57,13.13,25.98,50.39,0,0,2026-09-01 05:36:17
166.0,5.16,27.01,46.26,0,0,2026-09-01 05:36:19
182.58,12.14,24.7,50.22,0,0,2026-09-01 05:36:21
117.73,11.27,25.86,45.39,0,0,2026-09-01 05:36:23
177.73,13.74,27.39,46.45,0,0,2026-09-01 05:36:25
128.69,14.59,21.76,48.83,0,0,2026-09-01 05:36:27
190.28,13.06,25.68,47.29,0,0,2026-09-01 05:36:29
132.1,9.94,23.22,51.19,0,0,2026-09-01 05:36:31
155.64,7.58,20.89,50.23,0,0,2026-09-01 05:36:34
188.94,14.41,23.44,57.31,0,0,2026-09-01 05:36:35
116.56,14.1,22.1,48.39,0,0,2026-09-01 05:36:37
255.93,43.65,37.04,77.27,0,0,2026-09-01 05:36:39
552.93,22.53,26.69,55.62,0,0,2026-09-01 05:36:41
473.15,35.89,26.08,59.12,0,0,2026-09-01 05:36:43
837.3,37.52,26.01,47.61,0,1,2026-09-01 05:36:45
602.23,49.36,24.61,45.57,0,1,2026-09-01 05:36:47
726.78,34.05,23.36,53.32,0,1,2026-09-01 05:36:49
520.25,30.21,23.65,46.36,0,0,2026-09-01 05:36:51
832.58,23.9,27.39,52.95,0,1,2026-09-01 05:36:53
172.01,5.21,26.76,49.42,0,0,2026-09-01 05:36:55
189.81,10.38,21.49,53.94,0,0,2026-09-01 05:36:57
165.59,9.25,24.97,56.24,0,0,2026-09-01 05:36:59
193.75,10.18,25.86,56.44,0,0,2026-09-01 05:37:01
154.63,5.7,21.19,50.6,0,0,2026-09-01 05:37:03
144.37,7.51,23.35,58.91,0,0,2026-09-01 05:37:05
125.42,6.43,23.99,56.32,0,0,2026-09-01 05:37:08
185.51,11.23,24.97,59.36,0,0,2026-09-01 05:37:09
124.03,7.29,25.04,56.7,0,0,2026-09-01 05:37:11
190.22,6.45,21.55,50.78,0,0,2026-09-01 05:37:13
185.01,9.48,22.65,45.43,0,0,2026-09-01 05:37:15
115.68,12.67,20.08,46.85,0,0,2026-09-01 05:37:17
132.7,10.86,24.79,52.38,0,0,2026-09-01 05:37:19
179.94,10.71,26.4,47.74,0,0,2026-09-01 05:37:21
330.28,117.74,52.6,42.11,1,2,2026-09-01 05:37:23
302.85,177.23,49.48,44.97,1,2,2026-09-01 05:37:25
460.42,139.98,59.42,41.56,1,2,2026-09-01 05:37:28
523.51,188.24,54.04,42.14,1,2,2026-09-01 05:37:29
540.33,82.52,43.57,42.18,1,2,2026-09-01 05:37:31
395.38,105.24,61.2,37.09,1,2,2026-09-01 05:37:33
516.99,90.61,58.72,37.02,1,2,2026-09-01 05:37:35
484.71,194.44,47.34,44.0,1,2,2026-09-01 05:37:38
118.48,6.67,21.79,51.9,0,0,2026-09-01 05:37:39
177.85,13.54,23.5,45.96,0,0,2026-09-01 05:37:41
174.06,12.55,27.09,55.2,0,0,2026-09-01 05:37:43
158.2,5.22,27.72,58.93,0,0,2026-09-01 05:37:45
125.29,13.23,23.64,49.06,0,0,2026-09-01 05:37:48
142.95,14.83,25.98,53.18,0,0,2026-09-01 05:37:50
148.36,7.9,23.51,59.19,0,0,2026-09-01 05:37:51
104.22,6.7,20.52,57.74,0,0,2026-09-01 05:37:54
129.96,8.3,26.37,53.23,0,0,2026-09-01 05:37:56
166.73,7.4,26.91,51.79,0,0,2026-09-01 05:37:57
137.52,14.33,24.81,58.49,0,0,2026-09-01 05:37:59
163.07,6.78,23.9,46.62,0,0,2026-09-01 05:38:01
190.06,13.86,22.66,56.48,0,0,2026-09-01 05:38:04
175.37,9.35,27.79,52.66,0,0,2026-09-01 05:38:05
188.95,9.37,25.24,59.61,0,0,2026-09-01 05:38:07
111.52,5.02,20.59,54.24,0,0,2026-09-01 05:38:09
157.18,10.04,21.64,54.82,0,0,2026-09-01 05:38:11
111.41,5.79,27.48,53.3,0,0,2026-09-01 05:38:13
132.06,14.74,27.84,57.59,0,0,2026-09-01 05:38:15
103.98,8.15,20.74,47.16,0,0,2026-09-01 05:38:17
170.14,10.48,26.85,49.64,0,0,2026-09-01 05:38:20
173.52,5.04,22.53,47.68,0,0,2026-09-01 05:38:21
160.79,6.77,22.9,57.51,0,0,2026-09-01 05:38:23
129.18,8.24,27.41,57.43,0,0,2026-09-01 05:38:25
171.57,10.51,24.48,48.49,0,0,2026-09-01 05:38:27
199.96,12.71,23.02,57.83,0,0,2026-09-01 05:38:29
182.48,11.37,25.7,59.93,0,0,2026-09-01 05:38:31
113.9,8.05,20.93,50.5,0,0,2026-09-01 05:38:33
101.41,14.98,23.34,46.03,0,0,2026-09-01 05:38:35
163.78,11.86,24.23,46.46,0,0,2026-09-01 05:38:37
195.96,13.84,23.05,46.68,0,0,2026-09-01 05:38:39
141.41,12.06,26.94,57.52,0,0,2026-09-01 05:38:41
187.79,14.09,20.21,47.02,0,0,2026-09-01 05:38:43
159.99,8.53,21.38,47.73,0,0,2026-09-01 05:38:45
100.06,9.14,24.24,49.97,0,0,2026-09-01 05:38:48
168.09,6.01,25.88,53.67,0,0,2026-09-01 05:38:50
127.77,11.81,25.09,56.88,0,0,2026-09-01 05:38:51
153.37,10.52,20.04,45.02,0,0,2026-09-01 05:38:53
123.39,7.58,24.49,49.4,0,0,2026-09-01 05:38:55
187.26,9.92,24.91,49.42,0,0,2026-09-01 05:38:58
130.29,14.71,21.65,55.78,0,0,2026-09-01 05:38:59
114.45,14.92,26.2,54.72,0,0,2026-09-01 05:39:01
102.52,6.71,27.39,49.64,0,0,2026-09-01 05:39:04
136.04,9.15,27.18,56.26,0,0,2026-09-01 05:39:05
134.93,11.68,25.75,51.4,0,0,2026-09-01 05:39:08
100.89,12.56,26.17,48.38,0,0,2026-09-01 05:39:10
128.06,9.07,27.02,56.95,0,0,2026-09-01 05:39:12
179.21,5.71,21.04,54.09,0,0,2026-09-01 05:39:14
100.83,9.75,20.36,58.07,0,0,2026-09-01 05:39:15
175.5,12.32,21.03,59.21,0,0,2026-09-01 05:39:18
181.16,5.83,26.73,57.42,0,0,2026-09-01 05:39:19
198.04,7.71,24.44,51.24,0,0,2026-09-01 05:39:22
183.81,12.92,23.26,49.16,0,0,2026-09-01 05:39:23
142.75,12.1,22.86,49.51,0,0,2026-09-01 05:39:25
160.22,9.17,26.79,47.27,0,0,2026-09-01 05:39:27
103.75,13.52,26.88,51.45,0,0,2026-09-01 05:39:29
190.65,9.43,23.61,53.02,0,0,2026-09-01 05:39:31
290.37,25.46,34.54,67.75,0,0,2026-09-01 05:39:33
290.22,41.89,37.05,79.27,0,0,2026-09-01 05:39:36
254.96,31.41,32.76,65.97,0,0,2026-09-01 05:39:38
256.92,39.38,37.83,82.85,0,0,2026-09-01 05:39:40
340.57,26.98,34.54,74.21,0,0,2026-09-01 05:39:41
328.28,33.9,36.65,68.78,0,0,2026-09-01 05:39:44
338.42,43.91,34.2,74.21,0,0,2026-09-01 05:39:46
317.25,36.74,33.76,65.0,0,0,2026-09-01 05:39:47
317.28,28.83,35.41,81.85,0,0,2026-09-01 05:39:49
254.63,26.9,31.62,72.17,0,0,2026-09-01 05:39:51
269.35,36.44,32.09,85.0,0,0,2026-09-01 05:39:54
303.69,41.42,30.61,77.95,0,0,2026-09-01 05:39:56
259.34,32.29,33.7,65.97,0,0,2026-09-01 05:39:57
333.35,33.92,32.97,76.8,0,0,2026-09-01 05:40:00
273.61,31.67,36.24,72.26,0,0,2026-09-01 05:40:01
299.49,36.87,31.04,78.97,0,0,2026-09-01 05:40:03
348.72,39.5,33.37,78.52,0,0,2026-09-01 05:40:06
250.24,42.43,33.77,82.46,0,0,2026-09-01 05:40:07
301.89,35.45,30.9,80.31,0,0,2026-09-01 05:40:10
276.65,40.58,35.12,79.17,0,0,2026-09-01 05:40:12
591.35,49.13,25.55,55.66,0,0,2026-09-01 05:40:14
137.66,5.95,22.54,46.41,0,0,2026-09-01 05:40:16
131.94,12.42,26.04,46.95,0,0,2026-09-01 05:40:17
583.78,115.5,64.75,37.34,1,2,2026-09-01 05:40:20
350.99,135.87,49.71,30.2,1,2,2026-09-01 05:40:22
366.12,137.39,60.22,32.3,1,2,2026-09-01 05:40:24
327.41,166.67,53.73,30.23,1,2,2026-09-01 05:40:26
402.14,94.07,63.92,32.98,1,2,2026-09-01 05:40:28
599.92,133.33,46.76,34.05,1,2,2026-09-01 05:40:29
492.15,102.34,52.78,37.35,1,2,2026-09-01 05:40:32
184.66,8.34,21.41,52.89,0,0,2026-09-01 05:40:34
145.74,6.52,23.02,58.18,0,0,2026-09-01 05:40:35
120.27,9.35,22.64,52.38,0,0,2026-09-01 05:40:38
195.96,7.53,25.93,59.38,0,0,2026-09-01 05:40:39
148.1,13.9,24.07,57.57,0,0,2026-09-01 05:40:42
172.32,11.41,20.25,56.41,0,0,2026-09-01 05:40:44
193.7,13.97,21.96,56.41,0,0,2026-09-01 05:40:45
133.74,8.39,25.5,53.34,0,0,2026-09-01 05:40:48
137.88,9.58,25.29,52.32,0,0,2026-09-01 05:40:49
137.17,11.07,21.55,48.14,0,0,2026-09-01 05:40:51
126.62,13.77,24.32,45.1,0,0,2026-09-01 05:40:54
155.98,11.45,21.2,47.25,0,0,2026-09-01 05:48:16
170.76,11.44,25.39,58.18,0,0,2026-09-01 05:48:18
132.22,11.71,20.82,50.63,0,0,2026-09-01 05:48:20
185.72,6.94,27.36,55.19,0,0,2026-09-01 05:48:22
176.06,5.22,26.55,56.63,0,0,2026-09-01 05:48:24
112.39,14.37,26.19,58.45,0,0,2026-09-01 05:48:26
171.46,11.85,21.61,51.01,0,0,2026-09-01 05:48:28
173.06,7.77,24.12,45.25,0,0,2026-09-01 05:48:30
113.38,7.77,22.89,59.83,0,0,2026-09-01 05:48:32
162.9,11.3,25.59,46.4,0,0,2026-09-01 05:48:34
197.36,10.65,24.99,57.52,0,0,2026-09-01 05:48:36
112.81,9.07,22.03,45.21,0,0,2026-09-01 05:48:38
143.18,6.53,27.11,46.97,0,0,2026-09-01 05:48:40
155.02,13.29,27.77,57.45,0,0,2026-09-01 05:48:42
125.89,12.82,25.68,58.04,0,0,2026-09-01 05:48:44
112.24,10.12,24.01,46.76,0,0,2026-09-01 05:48:46
130.69,8.53,22.07,46.0,0,0,2026-09-01 05:48:48
130.76,14.11,26.35,55.68,0,0,2026-09-01 05:48:50
150.46,5.31,21.3,51.06,0,0,2026-09-01 05:48:52
194.78,5.52,20.63,55.07,0,0,2026-09-01 05:48:54
198.28,5.82,23.67,56.28,0,0,2026-09-01 05:48:56
149.5,11.54,21.61,53.83,0,0,2026-09-01 05:48:59
188.67,10.56,27.67,45.45,0,0,2026-09-01 05:49:00
171.37,5.2,21.06,46.61,0,0,2026-09-01 05:49:02
106.74,10.85,24.95,48.84,0,0,2026-09-01 05:49:04
170.68,8.13,26.68,47.58,0,0,2026-09-01 05:49:06
108.4,13.3,21.55,48.6,0,0,2026-09-01 05:49:08
124.98,13.73,23.28,47.31,0,0,2026-09-01 05:49:10
156.06,10.56,21.05,48.79,0,0,2026-09-01 05:49:12
155.32,13.7,20.7,57.26,0,0,2026-09-01 05:49:15
160.92,5.22,25.42,59.01,0,0,2026-09-01 05:49:17
109.38,13.29,20.6,58.39,0,0,2026-09-01 05:49:18
134.18,9.96,25.46,57.08,0,0,2026-09-01 05:49:20
172.14,9.26,25.11,49.05,0,0,2026-09-01 05:49:22
147.94,10.56,26.98,49.32,0,0,2026-09-01 05:49:25
117.79,12.06,23.87,50.6,0,0,2026-09-01 05:49:26
111.57,6.68,25.69,59.01,0,0,2026-09-01 05:49:29
163.53,9.37,23.39,58.29,0,0,2026-09-01 05:49:30
163.65,10.29,23.56,47.04,0,0,2026-09-01 05:49:33
114.44,12.1,23.26,57.9,0,0,2026-09-01 05:49:35
181.06,13.32,26.2,49.12,0,0,2026-09-01 05:49:37
140.44,13.47,27.39,57.24,0,0,2026-09-01 05:49:39
152.72,14.62,27.0,51.53,0,0,2026-09-01 05:49:41
113.81,7.56,20.12,52.58,0,0,2026-09-01 05:49:43
112.09,7.79,21.16,52.93,0,0,2026-09-01 05:49:44
121.5,9.98,27.26,46.43,0,0,2026-09-01 05:49:47
178.76,8.67,21.97,48.59,0,0,2026-09-01 05:49:48
199.32,12.24,26.26,59.79,0,0,2026-09-01 05:49:51
147.73,12.57,22.34,53.57,0,0,2026-09-01 05:49:53
164.34,7.86,24.35,50.03,0,0,2026-09-01 06:18:14
194.82,12.12,20.64,59.7,0,0,2026-09-01 06:18:15
181.84,10.55,23.26,46.92,0,0,2026-09-01 06:18:17
123.6,6.94,25.85,54.35,0,0,2026-09-01 06:18:19
117.25,8.88,20.67,45.76,0,0,2026-09-01 06:18:21
140.75,5.12,26.29,48.14,0,0,2026-09-01 06:18:23
100.71,7.96,21.45,50.46,0,0,2026-09-01 06:18:25
141.4,9.72,21.6,48.3,0,0,2026-09-01 06:18:29
178.73,7.71,21.25,48.72,0,0,2026-09-01 06:18:30
141.45,13.03,24.31,53.62,0,0,2026-09-01 06:18:31
118.45,7.15,24.15,47.98,0,0,2026-09-01 06:18:34
197.94,6.37,25.17,49.2,0,0,2026-09-01 06:18:36
107.14,5.94,27.01,54.75,0,0,2026-09-01 06:18:37
162.06,11.16,23.98,54.64,0,0,2026-09-01 06:18:39
165.04,12.54,23.83,59.65,0,0,2026-09-01 06:18:41
137.81,8.53,21.42,59.64,0,0,2026-09-01 06:18:44
116.18,9.16,24.64,45.02,0,0,2026-09-01 06:18:46
133.47,9.42,20.05,54.61,0,0,2026-09-01 06:18:49
145.61,12.95,24.9,47.67,0,0,2026-09-01 06:18:51
198.07,6.63,21.11,47.46,0,0,2026-09-01 06:18:53
186.68,6.72,26.68,51.7,0,0,2026-09-01 06:18:54
189.48,6.74,25.63,46.27,0,0,2026-09-01 06:18:56
146.14,5.63,24.55,56.36,0,0,2026-09-01 06:18:57
170.31,9.45,23.31,46.16,0,0,2026-09-01 06:19:00
117.59,9.32,24.49,53.88,0,0,2026-09-01 06:19:02
193.91,11.92,22.38,45.78,0,0,2026-09-01 06:19:04
149.5,8.64,21.44,52.17,0,0,2026-09-01 06:19:06
180.02,8.01,25.28,56.97,0,0,2026-09-01 06:19:09
183.34,7.21,24.61,49.2,0,0,2026-09-01 06:19:11
176.08,9.66,27.88,50.96,0,0,2026-09-01 06:19:13
335.56,34.13,37.7,65.24,0,0,2026-09-01 06:19:15
265.57,41.39,33.56,78.62,0,0,2026-09-01 06:19:17
262.41,39.79,33.01,71.8,0,0,2026-09-01 06:19:19
285.73,30.02,35.29,76.72,0,0,2026-09-01 06:19:20
302.14,31.18,35.66,66.11,0,0,2026-09-01 06:19:22
265.96,30.82,37.47,71.04,0,0,2026-09-01 06:19:25
255.79,42.89,34.71,82.9,0,0,2026-09-01 06:19:27
328.09,44.74,36.94,68.36,0,0,2026-09-01 06:19:28
319.86,43.37,35.19,70.36,0,0,2026-09-01 06:19:34
318.92,37.37,31.3,74.26,0,0,2026-09-01 06:19:34
331.88,38.75,32.77,67.09,0,0,2026-09-01 06:19:36
289.39,31.45,31.88,69.49,0,0,2026-09-01 06:19:37
318.31,33.13,35.6,74.27,0,0,2026-09-01 06:19:40
307.68,25.6,36.07,73.25,0,0,2026-09-01 06:19:42
319.62,31.92,31.98,74.86,0,0,2026-09-01 06:19:44
266.56,30.33,34.4,73.28,0,0,2026-09-01 06:19:46
277.01,33.33,31.09,77.19,0,0,2026-09-01 06:19:48
268.69,38.73,32.74,85.0,0,0,2026-09-01 06:19:51
345.06,44.11,32.3,80.05,0,0,2026-09-01 06:19:52
318.33,34.43,34.88,70.21,0,0,2026-09-01 06:19:54
283.13,39.46,35.6,67.3,0,0,2026-09-01 06:19:56
327.46,27.2,33.78,75.21,0,0,2026-09-01 06:19:58
290.15,29.49,32.4,84.44,0,0,2026-09-01 06:20:00
315.15,30.48,36.55,72.33,0,0,2026-09-01 06:20:02
251.19,29.6,34.05,84.96,0,0,2026-09-01 06:20:04
259.88,33.8,32.2,80.49,0,0,2026-09-01 06:20:06
687.22,33.18,23.92,49.41,0,0,2026-09-01 06:20:08
184.65,8.61,27.87,47.03,0,0,2026-09-01 06:20:10
148.17,8.75,26.19,45.47,0,0,2026-09-01 06:20:13
155.2,8.78,25.83,45.12,0,0,2026-09-01 06:20:15
130.72,14.65,27.7,46.0,0,0,2026-09-01 06:20:16
117.94,7.65,27.51,50.99,0,0,2026-09-01 06:20:18
144.08,9.88,25.66,45.06,0,0,2026-09-01 06:20:20
158.83,11.16,21.99,59.99,0,0,2026-09-01 06:20:22
166.39,11.13,25.41,56.72,0,0,2026-09-01 06:20:24
189.46,13.07,21.85,52.73,0,0,2026-09-01 06:20:26
141.66,7.29,25.21,53.92,0,0,2026-09-01 06:20:29
134.31,14.33,27.99,55.18,0,0,2026-09-01 06:20:30
166.1,11.0,20.7,52.5,0,0,2026-09-01 06:20:32
342.54,189.83,45.09,35.96,1,2,2026-09-01 06:20:34
534.73,194.36,50.16,42.3,1,2,2026-09-01 06:20:36
340.15,104.23,61.43,33.61,1,2,2026-09-01 06:20:38
189.24,13.11,20.44,57.07,0,0,2026-09-01 06:20:41
154.98,6.76,21.0,58.76,0,0,2026-09-01 06:20:42
138.36,13.3,23.36,49.97,0,0,2026-09-01 06:20:44
170.71,11.71,26.65,56.53,0,0,2026-09-01 06:20:46
193.46,5.22,25.73,50.06,0,0,2026-09-01 06:20:49
125.8,11.73,23.88,51.12,0,0,2026-09-01 06:20:51
100.15,11.87,23.03,59.3,0,0,2026-09-01 06:20:52
166.35,13.16,24.13,57.22,0,0,2026-09-01 06:20:54
164.07,9.43,20.89,48.71,0,0,2026-09-01 06:20:56
100.02,12.84,21.86,57.25,0,0,2026-09-01 06:20:58
105.44,12.0,27.38,49.27,0,0,2026-09-01 06:21:00
178.6,7.17,22.37,46.25,0,0,2026-09-01 06:21:03
181.58,9.72,26.55,50.86,0,0,2026-09-01 06:21:04
100.9,14.66,23.41,52.17,0,0,2026-09-01 06:21:07
101.64,8.67,25.12,58.18,0,0,2026-09-01 06:21:08
120.74,11.46,24.57,57.75,0,0,2026-09-01 06:21:10
153.79,10.91,24.09,53.63,0,0,2026-09-01 06:21:12
189.29,11.68,20.15,54.01,0,0,2026-09-01 06:21:15
101.71,5.57,22.56,48.48,0,0,2026-09-01 06:21:16
114.69,5.82,21.06,47.31,0,0,2026-09-01 06:21:18
152.19,6.24,20.12,58.43,0,0,2026-09-01 06:21:21
115.76,7.21,23.59,48.47,0,0,2026-09-01 06:21:23
133.54,10.14,26.26,56.23,0,0,2026-09-01 06:21:24
150.31,8.69,27.27,50.41,0,0,2026-09-01 06:21:26
147.24,10.58,27.56,48.59,0,0,2026-09-01 06:21:28
167.21,14.31,23.96,59.73,0,0,2026-09-01 06:21:30
102.93,5.52,27.97,59.39,0,0,2026-09-01 06:21:33
155.25,8.89,24.81,54.76,0,0,2026-09-01 06:21:35
180.07,13.9,27.19,58.65,0,0,2026-09-01 06:21:36
118.98,6.8,24.34,45.66,0,0,2026-09-01 06:21:39
119.74,14.12,21.41,57.43,0,0,2026-09-01 06:21:41
145.25,12.11,24.45,57.89,0,0,2026-09-01 06:21:43
101.99,6.42,20.46,45.4,0,0,2026-09-01 06:21:45
112.93,6.45,24.54,49.42,0,0,2026-09-01 06:21:47
154.91,5.5,24.03,48.54,0,0,2026-09-01 06:21:49
169.19,10.49,20.4,47.75,0,0,2026-09-01 06:21:51
109.23,7.07,25.91,52.36,0,0,2026-09-01 06:21:53
140.21,14.05,26.29,55.71,0,0,2026-09-01 06:21:55
191.22,8.61,27.26,54.21,0,0,2026-09-01 06:21:57
106.5,12.47,27.85,54.24,0,0,2026-09-01 06:21:59
120.97,12.82,22.87,49.81,0,0,2026-09-01 06:22:01
132.08,6.87,20.79,46.09,0,0,2026-09-01 06:22:03
191.15,14.6,25.71,47.44,0,0,2026-09-01 06:22:05
178.25,6.19,26.03,55.02,0,0,2026-09-01 06:22:07
142.57,13.28,27.22,53.82,0,0,2026-09-01 06:22:09
126.1,14.99,21.29,59.2,0,0,2026-09-01 06:22:11
127.4,5.23,20.91,59.45,0,0,2026-09-01 06:22:13
188.02,5.08,23.86,51.98,0,0,2026-09-01 06:22:15
139.02,9.84,23.11,59.93,0,0,2026-09-01 06:22:17
100.18,5.09,27.74,50.51,0,0,2026-09-01 06:22:19
124.14,13.17,23.23,54.38,0,0,2026-09-01 06:22:21
188.66,5.12,26.42,51.92,0,0,2026-09-01 06:22:23
153.58,14.24,24.65,55.89,0,0,2026-09-01 06:22:25
130.77,14.66,22.43,51.15,0,0,2026-09-01 06:22:27
136.47,12.45,24.89,45.33,0,0,2026-09-01 06:22:29
107.48,10.49,26.74,45.81,0,0,2026-09-01 06:22:31
118.44,9.22,25.38,47.7,0,0,2026-09-01 06:22:33
104.5,9.26,27.46,54.13,0,0,2026-09-01 06:22:35
144.35,6.54,26.09,52.76,0,0,2026-09-01 06:22:37
179.13,14.63,25.79,50.32,0,0,2026-09-01 06:22:39
165.18,6.05,25.84,59.32,0,0,2026-09-01 06:22:41
163.45,10.33,24.73,47.74,0,0,2026-09-01 06:22:43
183.32,14.97,27.92,50.41,0,0,2026-09-01 06:22:45
147.23,13.86,24.25,46.23,0,0,2026-09-01 06:22:47
117.49,8.87,25.05,52.97,0,0,2026-09-01 06:22:49
158.52,11.02,22.37,46.29,0,0,2026-09-01 06:22:51
123.79,9.79,20.91,51.4,0,0,2026-09-01 06:22:53
195.53,6.97,23.36,53.29,0,0,2026-09-01 06:22:56
157.63,14.33,23.84,51.48,0,0,2026-09-01 06:22:57
179.89,15.0,21.96,52.87,0,0,2026-09-01 06:22:59
117.22,13.12,24.92,47.65,0,0,2026-09-01 06:23:01
170.82,7.8,21.5,45.73,0,0,2026-09-01 06:23:03
140.96,14.59,21.92,56.43,0,0,2026-09-01 06:23:05
176.05,11.5,26.57,56.17,0,0,2026-09-01 06:23:07
273.4,31.04,31.88,77.78,0,0,2026-09-01 06:23:09
253.75,39.45,32.91,70.81,0,0,2026-09-01 06:23:12
296.96,28.11,32.16,79.48,0,0,2026-09-01 06:23:13
282.99,35.93,37.57,67.19,0,0,2026-09-01 06:23:15
101.0,63.0,25.0,50.0,0,0,2026-09-06 16:12:25
110.0,60.0,25.0,50.0,0,0,2026-09-06 16:12:30
96.0,57.0,25.0,50.0,0,0,2026-09-06 16:12:35
89.0,56.0,25.0,50.0,0,0,2026-09-06 16:12:42
84.0,55.0,25.0,50.0,0,0,2026-09-06 16:12:45
79.0,53.0,25.0,50.0,0,0,2026-09-06 16:12:50
75.0,52.0,25.0,50.0,0,0,2026-09-06 16:12:55
60.0,49.0,25.0,50.0,0,0,2026-09-06 16:13:24
55.0,48.0,25.0,50.0,0,0,2026-09-06 16:13:29
55.0,49.0,25.0,50.0,0,0,2026-09-06 16:13:34
54.0,48.0,25.0,50.0,0,0,2026-09-06 16:13:39
55.0,48.0,25.0,50.0,0,0,2026-09-06 16:13:44
54.0,47.0,25.0,50.0,0,0,2026-09-06 16:13:49
53.0,47.0,25.0,50.0,0,0,2026-09-06 16:13:54
53.0,47.0,25.0,50.0,0,0,2026-09-06 16:13:59
53.0,47.0,25.0,50.0,0,0,2026-09-06 16:14:04
52.0,46.0,25.0,50.0,0,0,2026-09-06 16:14:09
52.0,46.0,25.0,50.0,0,0,2026-09-06 16:14:14
52.0,46.0,25.0,50.0,0,0,2026-09-06 16:14:19
52.0,46.0,25.0,50.0,0,0,2026-09-06 16:14:24
51.0,45.0,25.0,50.0,0,0,2026-09-06 16:14:29
50.0,45.0,25.0,50.0,0,0,2026-09-06 16:14:34
50.0,45.0,25.0,50.0,0,0,2026-09-06 16:14:39
50.0,45.0,25.0,50.0,0,0,2026-09-06 16:14:44
50.0,45.0,25.0,50.0,0,0,2026-09-06 16:14:49
50.0,45.0,25.0,50.0,0,0,2026-09-06 16:14:54
50.0,44.0,25.0,50.0,0,0,2026-09-06 16:14:59
50.0,44.0,25.0,50.0,0,0,2026-09-06 16:15:04
49.0,44.0,25.0,50.0,0,0,2026-09-06 16:15:09
49.0,44.0,25.0,50.0,0,0,2026-09-06 16:15:14
49.0,44.0,25.0,50.0,0,0,2026-09-06 16:15:19
49.0,44.0,25.0,50.0,0,0,2026-09-06 16:15:24
48.0,44.0,25.0,50.0,0,0,2026-09-06 16:15:30
48.0,44.0,25.0,50.0,0,0,2026-09-06 16:15:34
48.0,43.0,25.0,50.0,0,0,2026-09-06 16:15:39
48.0,43.0,25.0,50.0,0,0,2026-09-06 16:15:44
48.0,43.0,25.0,50.0,0,0,2026-09-06 16:15:49
48.0,43.0,25.0,50.0,0,0,2026-09-06 16:15:54
48.0,43.0,25.0,50.0,0,0,2026-09-06 16:15:59
48.0,43.0,25.0,50.0,0,0,2026-09-06 16:16:12
48.0,43.0,25.0,50.0,0,0,2026-09-06 16:16:12
48.0,43.0,25.0,50.0,0,0,2026-09-06 16:16:14
47.0,43.0,25.0,50.0,0,0,2026-09-06 16:16:19
48.0,43.0,25.0,50.0,0,0,2026-09-06 16:16:24
47.0,43.0,25.0,50.0,0,0,2026-09-06 16:16:29
47.0,42.0,25.0,50.0,0,0,2026-09-06 16:16:34
47.0,42.0,25.0,50.0,0,0,2026-09-06 16:16:39
46.0,42.0,25.0,50.0,0,0,2026-09-06 16:16:44
47.0,43.0,25.0,50.0,0,0,2026-09-06 16:16:49
47.0,44.0,25.0,50.0,0,0,2026-09-06 16:16:54
47.0,45.0,25.0,50.0,0,0,2026-09-06 16:16:59
47.0,44.0,25.0,50.0,0,0,2026-09-06 16:17:04
47.0,43.0,25.0,50.0,0,0,2026-09-06 16:17:09
47.0,42.0,25.0,50.0,0,0,2026-09-06 16:17:14
47.0,42.0,25.0,50.0,0,0,2026-09-06 16:17:19
46.0,42.0,25.0,50.0,0,0,2026-09-06 16:17:24
46.0,42.0,25.0,50.0,0,0,2026-09-06 16:17:29
46.0,42.0,25.0,50.0,0,0,2026-09-06 16:17:34
46.0,42.0,25.0,50.0,0,0,2026-09-06 16:17:39
46.0,42.0,25.0,50.0,0,0,2026-09-06 16:17:44
46.0,41.0,25.0,50.0,0,0,2026-09-06 16:17:50
45.0,41.0,25.0,50.0,0,0,2026-09-06 16:17:54
45.0,41.0,25.0,50.0,0,0,2026-09-06 16:17:59
45.0,41.0,25.0,50.0,0,0,2026-09-06 16:18:04
46.0,42.0,25.0,50.0,0,0,2026-09-06 16:18:09
45.0,41.0,25.0,50.0,0,0,2026-09-06 16:18:14
45.0,41.0,25.0,50.0,0,0,2026-09-06 16:18:21
45.0,41.0,25.0,50.0,0,0,2026-09-06 16:18:24
45.0,41.0,25.0,50.0,0,0,2026-09-06 16:18:29
45.0,41.0,25.0,50.0,0,0,2026-09-06 16:18:34
97.0,61.0,25.0,50.0,0,0,2026-09-06 16:44:43
97.0,61.0,25.0,50.0,0,0,2026-09-06 16:44:43
106.0,54.0,25.0,50.0,0,0,2026-09-06 16:44:48
106.0,54.0,25.0,50.0,0,0,2026-09-06 16:44:48
87.0,49.0,25.0,50.0,0,0,2026-09-06 16:44:53
87.0,49.0,25.0,50.0,0,0,2026-09-06 16:44:53
77.0,47.0,25.0,50.0,0,0,2026-09-06 16:44:59
77.0,47.0,25.0,50.0,0,0,2026-09-06 16:44:59
71.0,46.0,25.0,50.0,0,0,2026-09-06 16:45:02
71.0,46.0,25.0,50.0,0,0,2026-09-06 16:45:03
67.0,46.0,25.0,50.0,0,0,2026-09-06 16:45:08
67.0,46.0,25.0,50.0,0,0,2026-09-06 16:45:08
63.0,45.0,25.0,50.0,0,0,2026-09-06 16:45:12
63.0,45.0,25.0,50.0,0,0,2026-09-06 16:45:13
60.0,45.0,25.0,50.0,0,0,2026-09-06 16:45:17
60.0,45.0,25.0,50.0,0,0,2026-09-06 16:45:18
58.0,44.0,25.0,50.0,0,0,2026-09-06 16:45:22
58.0,44.0,25.0,50.0,0,0,2026-09-06 16:45:23
56.0,44.0,25.0,50.0,0,0,2026-09-06 16:45:27
56.0,44.0,25.0,50.0,0,0,2026-09-06 16:45:28
54.0,44.0,25.0,50.0,0,0,2026-09-06 16:45:33
54.0,44.0,25.0,50.0,0,0,2026-09-06 16:45:33
53.0,44.0,25.0,50.0,0,0,2026-09-06 16:45:38
53.0,44.0,25.0,50.0,0,0,2026-09-06 16:45:38
51.0,43.0,25.0,50.0,0,0,2026-09-06 16:45:43
51.0,43.0,25.0,50.0,0,0,2026-09-06 16:45:43
50.0,43.0,25.0,50.0,0,0,2026-09-06 16:45:47
50.0,43.0,25.0,50.0,0,0,2026-09-06 16:45:48
50.0,42.0,25.0,50.0,0,0,2026-09-06 16:45:52
50.0,42.0,25.0,50.0,0,0,2026-09-06 16:45:53
49.0,42.0,25.0,50.0,0,0,2026-09-06 16:45:58
49.0,42.0,25.0,50.0,0,0,2026-09-06 16:45:58
48.0,42.0,25.0,50.0,0,0,2026-09-06 16:46:03
48.0,42.0,25.0,50.0,0,0,2026-09-06 16:46:03
47.0,42.0,25.0,50.0,0,0,2026-09-06 16:46:07
47.0,42.0,25.0,50.0,0,0,2026-09-06 16:46:08
47.0,42.0,25.0,50.0,0,0,2026-09-06 16:46:13
47.0,42.0,25.0,50.0,0,0,2026-09-06 16:46:13
47.0,41.0,25.0,50.0,0,0,2026-09-06 16:46:18
47.0,41.0,25.0,50.0,0,0,2026-09-06 16:46:18
46.0,41.0,25.0,50.0,0,0,2026-09-06 16:46:22
46.0,41.0,25.0,50.0,0,0,2026-09-06 16:46:23
45.0,41.0,25.0,50.0,0,0,2026-09-06 16:46:28
45.0,41.0,25.0,50.0,0,0,2026-09-06 16:46:28
45.0,41.0,25.0,50.0,0,0,2026-09-06 16:46:32
45.0,41.0,25.0,50.0,0,0,2026-09-06 16:46:33
45.0,41.0,25.0,50.0,0,0,2026-09-06 16:46:38
45.0,41.0,25.0,50.0,0,0,2026-09-06 16:46:38
45.0,41.0,25.0,50.0,0,0,2026-09-06 16:46:43
45.0,41.0,25.0,50.0,0,0,2026-09-06 16:46:43
44.0,41.0,25.0,50.0,0,0,2026-09-06 16:46:47
44.0,41.0,25.0,50.0,0,0,2026-09-06 16:46:48
44.0,40.0,25.0,50.0,0,0,2026-09-06 16:46:52
44.0,40.0,25.0,50.0,0,0,2026-09-06 16:46:53
43.0,40.0,25.0,50.0,0,0,2026-09-06 16:46:58
43.0,40.0,25.0,50.0,0,0,2026-09-06 16:46:58
43.0,40.0,25.0,50.0,0,0,2026-09-06 16:47:03
43.0,40.0,25.0,50.0,0,0,2026-09-06 16:47:03
43.0,40.0,25.0,50.0,0,0,2026-09-06 16:47:07
43.0,40.0,25.0,50.0,0,0,2026-09-06 16:47:08
43.0,40.0,25.0,50.0,0,0,2026-09-06 16:47:13
43.0,40.0,25.0,50.0,0,0,2026-09-06 16:47:13
43.0,40.0,25.0,50.0,0,0,2026-09-06 16:47:17
43.0,40.0,25.0,50.0,0,0,2026-09-06 16:47:18
42.0,40.0,25.0,50.0,0,0,2026-09-06 16:47:23
42.0,40.0,25.0,50.0,0,0,2026-09-06 16:47:23
42.0,39.0,25.0,50.0,0,0,2026-09-06 16:47:28
42.0,39.0,25.0,50.0,0,0,2026-09-06 16:47:28
42.0,40.0,25.0,50.0,0,0,2026-09-06 16:47:33
42.0,40.0,25.0,50.0,0,0,2026-09-06 16:47:33
42.0,40.0,25.0,50.0,0,0,2026-09-06 16:47:38
42.0,40.0,25.0,50.0,0,0,2026-09-06 16:47:38
42.0,39.0,25.0,50.0,0,0,2026-09-06 16:47:42
42.0,39.0,25.0,50.0,0,0,2026-09-06 16:47:43
41.0,39.0,25.0,50.0,0,0,2026-09-06 16:47:50
41.0,39.0,25.0,50.0,0,0,2026-09-06 16:47:50
41.0,39.0,25.0,50.0,0,0,2026-09-06 16:47:53
41.0,39.0,25.0,50.0,0,0,2026-09-06 16:47:53
41.0,39.0,25.0,50.0,0,0,2026-09-06 16:47:58
41.0,39.0,25.0,50.0,0,0,2026-09-06 16:47:58
41.0,39.0,25.0,50.0,0,0,2026-09-06 16:48:03
41.0,39.0,25.0,50.0,0,0,2026-09-06 16:48:03
41.0,39.0,25.0,50.0,0,0,2026-09-06 16:48:08
41.0,39.0,25.0,50.0,0,0,2026-09-06 16:48:08
41.0,39.0,25.0,50.0,0,0,2026-09-06 16:48:14
41.0,39.0,25.0,50.0,0,0,2026-09-06 16:48:14
41.0,39.0,25.0,50.0,0,0,2026-09-06 16:48:19
41.0,39.0,25.0,50.0,0,0,2026-09-06 16:48:19
41.0,39.0,25.0,50.0,0,0,2026-09-06 16:48:23
41.0,39.0,25.0,50.0,0,0,2026-09-06 16:48:23
41.0,39.0,25.0,50.0,0,0,2026-09-06 16:48:28
41.0,39.0,25.0,50.0,0,0,2026-09-06 16:48:28
41.0,39.0,25.0,50.0,0,0,2026-09-06 16:48:33
41.0,39.0,25.0,50.0,0,0,2026-09-06 16:48:33
41.0,38.0,25.0,50.0,0,0,2026-09-06 16:48:38
41.0,38.0,25.0,50.0,0,0,2026-09-06 16:48:38
41.0,39.0,25.0,50.0,0,0,2026-09-06 16:48:44
41.0,39.0,25.0,50.0,0,0,2026-09-06 16:48:44
41.0,39.0,25.0,50.0,0,0,2026-09-06 16:48:48
41.0,39.0,25.0,50.0,0,0,2026-09-06 16:48:48
41.0,39.0,25.0,50.0,0,0,2026-09-06 16:48:53
41.0,39.0,25.0,50.0,0,0,2026-09-06 16:48:53
41.0,38.0,25.0,50.0,0,0,2026-09-06 16:49:12
41.0,38.0,25.0,50.0,0,0,2026-09-06 16:49:12
109.0,111.0,25.0,50.0,0,0,2026-09-07 17:02:02
100.0,86.0,25.0,50.0,0,0,2026-09-07 17:02:07
147.0,116.0,25.0,50.0,0,0,2026-09-07 17:02:18
130.0,116.0,25.0,50.0,0,0,2026-09-07 17:02:29
101.0,95.0,25.0,50.0,0,0,2026-09-07 17:02:34
101.0,107.0,25.0,50.0,0,0,2026-09-07 17:03:25
90.0,100.0,25.0,50.0,0,0,2026-09-07 17:03:30
85.0,98.0,25.0,50.0,0,0,2026-09-07 17:03:35
82.0,96.0,25.0,50.0,0,0,2026-09-07 17:03:40
79.0,94.0,25.0,50.0,0,0,2026-09-07 17:03:45
78.0,93.0,25.0,50.0,0,0,2026-09-07 17:03:50
76.0,92.0,25.0,50.0,0,0,2026-09-07 17:03:55
73.0,89.0,25.0,50.0,0,0,2026-09-07 17:04:00
68.0,89.0,25.0,50.0,0,0,2026-09-07 17:04:29
60.0,84.0,25.0,50.0,0,0,2026-09-07 17:04:34
58.0,60.0,25.0,50.0,0,0,2026-09-07 17:04:39
57.0,66.0,25.0,50.0,0,0,2026-09-07 17:04:44
57.0,70.0,25.0,50.0,0,0,2026-09-07 17:04:49
55.0,77.0,25.0,50.0,0,0,2026-09-07 17:04:54
53.0,79.0,25.0,50.0,0,0,2026-09-07 17:04:59
53.0,80.0,25.0,50.0,0,0,2026-09-07 17:05:04
52.0,80.0,25.0,50.0,0,0,2026-09-07 17:05:09
51.0,80.0,25.0,50.0,0,0,2026-09-07 17:05:14
50.0,79.0,25.0,50.0,0,0,2026-09-07 17:05:19
49.0,78.0,25.0,50.0,0,0,2026-09-07 17:05:24
49.0,77.0,25.0,50.0,0,0,2026-09-07 17:05:30
48.0,77.0,25.0,50.0,0,0,2026-09-07 17:05:35
47.0,76.0,25.0,50.0,0,0,2026-09-07 17:05:40
47.0,75.0,25.0,50.0,0,0,2026-09-07 17:05:45
47.0,74.0,25.0,50.0,0,0,2026-09-07 17:05:49
47.0,74.0,25.0,50.0,0,0,2026-09-07 17:05:54
46.0,73.0,25.0,50.0,0,0,2026-09-07 17:05:59
45.0,72.0,25.0,50.0,0,0,2026-09-07 17:06:04
44.0,71.0,25.0,50.0,0,0,2026-09-07 17:06:11
44.0,71.0,25.0,50.0,0,0,2026-09-07 17:06:14
43.0,70.0,25.0,50.0,0,0,2026-09-07 17:06:19
43.0,70.0,25.0,50.0,0,0,2026-09-07 17:06:24
42.0,69.0,25.0,50.0,0,0,2026-09-07 17:06:35
42.0,68.0,25.0,50.0,0,0,2026-09-07 17:06:35
42.0,68.0,25.0,50.0,0,0,2026-09-07 17:06:39
41.0,68.0,25.0,50.0,0,0,2026-09-07 17:06:44
40.0,67.0,25.0,50.0,0,0,2026-09-07 17:06:49
40.0,67.0,25.0,50.0,0,0,2026-09-07 17:06:54
40.0,66.0,25.0,50.0,0,0,2026-09-07 17:06:59
40.0,66.0,25.0,50.0,0,0,2026-09-07 17:07:04
41.0,66.0,25.0,50.0,0,0,2026-09-07 17:07:09
40.0,65.0,25.0,50.0,0,0,2026-09-07 17:07:14
40.0,65.0,25.0,50.0,0,0,2026-09-07 17:07:19
38.0,64.0,25.0,50.0,0,0,2026-09-07 17:07:24
39.0,64.0,25.0,50.0,0,0,2026-09-07 17:07:29
38.0,63.0,25.0,50.0,0,0,2026-09-07 17:07:34
38.0,63.0,25.0,50.0,0,0,2026-09-07 17:07:39
38.0,62.0,25.0,50.0,0,0,2026-09-07 17:07:44
38.0,62.0,25.0,50.0,0,0,2026-09-07 17:07:44
38.0,62.0,25.0,50.0,0,0,2026-09-07 17:07:49
38.0,62.0,25.0,50.0,0,0,2026-09-07 17:07:49
37.0,62.0,25.0,50.0,0,0,2026-09-07 17:07:54
37.0,62.0,25.0,50.0,0,0,2026-09-07 17:07:54
38.0,61.0,25.0,50.0,0,0,2026-09-07 17:07:59
38.0,61.0,25.0,50.0,0,0,2026-09-07 17:07:59
37.0,61.0,25.0,50.0,0,0,2026-09-07 17:08:04
37.0,61.0,25.0,50.0,0,0,2026-09-07 17:08:04
37.0,61.0,25.0,50.0,0,0,2026-09-07 17:08:09
37.0,61.0,25.0,50.0,0,0,2026-09-07 17:08:09
36.0,61.0,25.0,50.0,0,0,2026-09-07 17:08:14
36.0,61.0,25.0,50.0,0,0,2026-09-07 17:08:14
36.0,60.0,25.0,50.0,0,0,2026-09-07 17:08:19
36.0,60.0,25.0,50.0,0,0,2026-09-07 17:08:19
35.0,60.0,25.0,50.0,0,0,2026-09-07 17:08:24
35.0,60.0,25.0,50.0,0,0,2026-09-07 17:08:24
35.0,60.0,25.0,50.0,0,0,2026-09-07 17:08:29
35.0,60.0,25.0,50.0,0,0,2026-09-07 17:08:29
36.0,59.0,25.0,50.0,0,0,2026-09-07 17:08:34
36.0,59.0,25.0,50.0,0,0,2026-09-07 17:08:34
36.0,59.0,25.0,50.0,0,0,2026-09-07 17:08:40
36.0,59.0,25.0,50.0,0,0,2026-09-07 17:08:40
36.0,59.0,25.0,50.0,0,0,2026-09-07 17:08:44
36.0,59.0,25.0,50.0,0,0,2026-09-07 17:08:44
36.0,59.0,25.0,50.0,0,0,2026-09-07 17:08:49
36.0,59.0,25.0,50.0,0,0,2026-09-07 17:08:49
35.0,58.0,25.0,50.0,0,0,2026-09-07 17:08:54
35.0,58.0,25.0,50.0,0,0,2026-09-07 17:08:54
35.0,58.0,25.0,50.0,0,0,2026-09-07 17:08:59
35.0,58.0,25.0,50.0,0,0,2026-09-07 17:08:59
36.0,58.0,25.0,50.0,0,0,2026-09-07 17:09:04
36.0,58.0,25.0,50.0,0,0,2026-09-07 17:09:04
34.0,57.0,25.0,50.0,0,0,2026-09-07 17:09:09
34.0,57.0,25.0,50.0,0,0,2026-09-07 17:09:10
34.0,57.0,25.0,50.0,0,0,2026-09-07 17:09:14
34.0,57.0,25.0,50.0,0,0,2026-09-07 17:09:14
35.0,57.0,25.0,50.0,0,0,2026-09-07 17:09:19
35.0,57.0,25.0,50.0,0,0,2026-09-07 17:09:19
35.0,57.0,25.0,50.0,0,0,2026-09-07 17:09:24
35.0,57.0,25.0,50.0,0,0,2026-09-07 17:09:24
34.0,56.0,25.0,50.0,0,0,2026-09-07 17:09:29
34.0,56.0,25.0,50.0,0,0,2026-09-07 17:09:29
34.0,56.0,25.0,50.0,0,0,2026-09-07 17:09:34
34.0,56.0,25.0,50.0,0,0,2026-09-07 17:09:34
34.0,56.0,25.0,50.0,0,0,2026-09-07 17:09:39
34.0,56.0,25.0,50.0,0,0,2026-09-07 17:09:39
35.0,56.0,25.0,50.0,0,0,2026-09-07 17:09:44
35.0,56.0,25.0,50.0,0,0,2026-09-07 17:09:44
34.0,55.0,25.0,50.0,0,0,2026-09-07 17:09:49
34.0,55.0,25.0,50.0,0,0,2026-09-07 17:09:49
34.0,55.0,25.0,50.0,0,0,2026-09-07 17:09:54
34.0,55.0,25.0,50.0,0,0,2026-09-07 17:09:54
34.0,56.0,25.0,50.0,0,0,2026-09-07 17:09:59
34.0,56.0,25.0,50.0,0,0,2026-09-07 17:09:59
33.0,55.0,25.0,50.0,0,0,2026-09-07 17:10:04
33.0,55.0,25.0,50.0,0,0,2026-09-07 17:10:04
33.0,54.0,25.0,50.0,0,0,2026-09-07 17:10:09
33.0,54.0,25.0,50.0,0,0,2026-09-07 17:10:09
34.0,54.0,25.0,50.0,0,0,2026-09-07 17:10:14
34.0,54.0,25.0,50.0,0,0,2026-09-07 17:10:14
34.0,55.0,25.0,50.0,0,0,2026-09-07 17:10:19
34.0,55.0,25.0,50.0,0,0,2026-09-07 17:10:19
34.0,55.0,25.0,50.0,0,0,2026-09-07 17:10:24
34.0,55.0,25.0,50.0,0,0,2026-09-07 17:10:24
32.0,54.0,25.0,50.0,0,0,2026-09-07 17:10:29
32.0,54.0,25.0,50.0,0,0,2026-09-07 17:10:29
32.0,54.0,25.0,50.0,0,0,2026-09-07 17:10:34
32.0,54.0,25.0,50.0,0,0,2026-09-07 17:10:34
33.0,53.0,25.0,50.0,0,0,2026-09-07 17:10:39
33.0,53.0,25.0,50.0,0,0,2026-09-07 17:10:39
32.0,53.0,25.0,50.0,0,0,2026-09-07 17:10:44
32.0,53.0,25.0,50.0,0,0,2026-09-07 17:10:44
33.0,53.0,25.0,50.0,0,0,2026-09-07 17:10:49
33.0,53.0,25.0,50.0,0,0,2026-09-07 17:10:49
32.0,53.0,25.0,50.0,0,0,2026-09-07 17:10:54
32.0,53.0,25.0,50.0,0,0,2026-09-07 17:10:54
32.0,53.0,25.0,50.0,0,0,2026-09-07 17:10:59
32.0,53.0,25.0,50.0,0,0,2026-09-07 17:10:59
32.0,53.0,25.0,50.0,0,0,2026-09-07 17:11:04
32.0,53.0,25.0,50.0,0,0,2026-09-07 17:11:04
33.0,52.0,25.0,50.0,0,0,2026-09-07 17:11:09
33.0,52.0,25.0,50.0,0,0,2026-09-07 17:11:09
32.0,52.0,25.0,50.0,0,0,2026-09-07 17:11:14
32.0,52.0,25.0,50.0,0,0,2026-09-07 17:11:14
32.0,52.0,25.0,50.0,0,0,2026-09-07 17:11:19
32.0,52.0,25.0,50.0,0,0,2026-09-07 17:11:19
32.0,52.0,25.0,50.0,0,0,2026-09-07 17:11:24
32.0,52.0,25.0,50.0,0,0,2026-09-07 17:11:24
32.0,52.0,25.0,50.0,0,0,2026-09-07 17:11:29
32.0,52.0,25.0,50.0,0,0,2026-09-07 17:11:30
32.0,52.0,25.0,50.0,0,0,2026-09-07 17:11:34
32.0,52.0,25.0,50.0,0,0,2026-09-07 17:11:34
32.0,52.0,25.0,50.0,0,0,2026-09-07 17:11:39
32.0,52.0,25.0,50.0,0,0,2026-09-07 17:11:39
31.0,51.0,25.0,50.0,0,0,2026-09-07 17:11:44
31.0,51.0,25.0,50.0,0,0,2026-09-07 17:11:44
31.0,51.0,25.0,50.0,0,0,2026-09-07 17:11:49
31.0,51.0,25.0,50.0,0,0,2026-09-07 17:11:49
33.0,52.0,25.0,50.0,0,0,2026-09-07 17:11:54
33.0,52.0,25.0,50.0,0,0,2026-09-07 17:11:54
32.0,50.0,25.0,50.0,0,0,2026-09-07 17:11:59
32.0,50.0,25.0,50.0,0,0,2026-09-07 17:11:59
35.0,54.0,25.0,50.0,0,0,2026-09-07 17:12:04
35.0,54.0,25.0,50.0,0,0,2026-09-07 17:12:04
32.0,51.0,25.0,50.0,0,0,2026-09-07 17:12:09
32.0,51.0,25.0,50.0,0,0,2026-09-07 17:12:09
31.0,51.0,25.0,50.0,0,0,2026-09-07 17:12:14
31.0,51.0,25.0,50.0,0,0,2026-09-07 17:12:14
30.0,50.0,25.0,50.0,0,0,2026-09-07 17:12:19
30.0,50.0,25.0,50.0,0,0,2026-09-07 17:12:19
34.0,54.0,25.0,50.0,0,0,2026-09-07 17:12:24
34.0,54.0,25.0,50.0,0,0,2026-09-07 17:12:24
31.0,51.0,25.0,50.0,0,0,2026-09-07 17:12:29
31.0,51.0,25.0,50.0,0,0,2026-09-07 17:12:29
31.0,50.0,25.0,50.0,0,0,2026-09-07 17:12:34
31.0,50.0,25.0,50.0,0,0,2026-09-07 17:12:34
34.0,53.0,25.0,50.0,0,0,2026-09-07 17:12:39
34.0,53.0,25.0,50.0,0,0,2026-09-07 17:12:39
30.0,50.0,25.0,50.0,0,0,2026-09-07 17:12:44
30.0,50.0,25.0,50.0,0,0,2026-09-07 17:12:44
32.0,53.0,25.0,50.0,0,0,2026-09-07 17:12:49
32.0,53.0,25.0,50.0,0,0,2026-09-07 17:12:49
31.0,51.0,25.0,50.0,0,0,2026-09-07 17:12:54
31.0,51.0,25.0,50.0,0,0,2026-09-07 17:12:54
29.0,50.0,25.0,50.0,0,0,2026-09-07 17:12:59
29.0,50.0,25.0,50.0,0,0,2026-09-07 17:12:59
33.0,53.0,25.0,50.0,0,0,2026-09-07 17:13:04
33.0,53.0,25.0,50.0,0,0,2026-09-07 17:13:04
30.0,50.0,25.0,50.0,0,0,2026-09-07 17:13:09
30.0,50.0,25.0,50.0,0,0,2026-09-07 17:13:09
32.0,53.0,25.0,50.0,0,0,2026-09-07 17:13:14
32.0,53.0,25.0,50.0,0,0,2026-09-07 17:13:14
30.0,50.0,25.0,50.0,0,0,2026-09-07 17:13:20
30.0,50.0,25.0,50.0,0,0,2026-09-07 17:13:20
32.0,52.0,25.0,50.0,0,0,2026-09-07 17:13:25
32.0,52.0,25.0,50.0,0,0,2026-09-07 17:13:25
29.0,49.0,25.0,50.0,0,0,2026-09-07 17:13:29
29.0,49.0,25.0,50.0,0,0,2026-09-07 17:13:29
32.0,52.0,25.0,50.0,0,0,2026-09-07 17:13:34
32.0,52.0,25.0,50.0,0,0,2026-09-07 17:13:34
30.0,49.0,25.0,50.0,0,0,2026-09-07 17:13:39
30.0,49.0,25.0,50.0,0,0,2026-09-07 17:13:39
33.0,52.0,25.0,50.0,0,0,2026-09-07 17:13:45
33.0,52.0,25.0,50.0,0,0,2026-09-07 17:13:45
29.0,49.0,25.0,50.0,0,0,2026-09-07 17:13:50
29.0,49.0,25.0,50.0,0,0,2026-09-07 17:13:50
32.0,52.0,25.0,50.0,0,0,2026-09-07 17:13:55
32.0,52.0,25.0,50.0,0,0,2026-09-07 17:13:55
28.0,49.0,25.0,50.0,0,0,2026-09-07 17:14:00
28.0,49.0,25.0,50.0,0,0,2026-09-07 17:14:00
31.0,51.0,25.0,50.0,0,0,2026-09-07 17:14:11
31.0,51.0,25.0,50.0,0,0,2026-09-07 17:14:11
28.0,49.0,25.0,50.0,0,0,2026-09-07 17:14:12
28.0,49.0,25.0,50.0,0,0,2026-09-07 17:14:12
31.0,51.0,25.0,50.0,0,0,2026-09-07 17:14:14
31.0,51.0,25.0,50.0,0,0,2026-09-07 17:14:14
29.0,48.0,25.0,50.0,0,0,2026-09-07 17:14:19
29.0,48.0,25.0,50.0,0,0,2026-09-07 17:14:19
33.0,46.0,25.0,50.0,0,0,2026-09-07 17:14:24
33.0,46.0,25.0,50.0,0,0,2026-09-07 17:14:24
32.0,49.0,25.0,50.0,0,0,2026-09-07 17:14:29
32.0,49.0,25.0,50.0,0,0,2026-09-07 17:14:29
31.0,50.0,25.0,50.0,0,0,2026-09-07 17:14:34
31.0,50.0,25.0,50.0,0,0,2026-09-07 17:14:34
31.0,51.0,25.0,50.0,0,0,2026-09-07 17:14:39
31.0,51.0,25.0,50.0,0,0,2026-09-07 17:14:39
28.0,48.0,25.0,50.0,0,0,2026-09-07 17:14:44
28.0,48.0,25.0,50.0,0,0,2026-09-07 17:14:44
31.0,51.0,25.0,50.0,0,0,2026-09-07 17:14:49
31.0,51.0,25.0,50.0,0,0,2026-09-07 17:14:49
29.0,48.0,25.0,50.0,0,0,2026-09-07 17:14:54
29.0,48.0,25.0,50.0,0,0,2026-09-07 17:14:54
30.0,50.0,25.0,50.0,0,0,2026-09-07 17:15:00
30.0,50.0,25.0,50.0,0,0,2026-09-07 17:15:00
31.0,51.0,25.0,50.0,0,0,2026-09-07 17:15:04
31.0,51.0,25.0,50.0,0,0,2026-09-07 17:15:05
27.0,47.0,25.0,50.0,0,0,2026-09-07 17:15:11
27.0,47.0,25.0,50.0,0,0,2026-09-07 17:15:11
30.0,29.0,25.0,50.0,0,0,2026-09-07 17:15:15
30.0,29.0,25.0,50.0,0,0,2026-09-07 17:15:15
30.0,32.0,25.0,50.0,0,0,2026-09-07 17:15:20
30.0,32.0,25.0,50.0,0,0,2026-09-07 17:15:20
31.0,31.0,25.0,50.0,0,0,2026-09-07 17:15:26
31.0,31.0,25.0,50.0,0,0,2026-09-07 17:15:27
31.0,35.0,25.0,50.0,0,0,2026-09-07 17:15:30
31.0,35.0,25.0,50.0,0,0,2026-09-07 17:15:31
30.0,43.0,25.0,50.0,0,0,2026-09-07 17:15:35
30.0,43.0,25.0,50.0,0,0,2026-09-07 17:15:35
29.0,48.0,25.0,50.0,0,0,2026-09-07 17:15:39
29.0,48.0,25.0,50.0,0,0,2026-09-07 17:15:39
29.0,50.0,25.0,50.0,0,0,2026-09-07 17:15:44
29.0,50.0,25.0,50.0,0,0,2026-09-07 17:15:45
29.0,51.0,25.0,50.0,0,0,2026-09-07 17:15:49
29.0,51.0,25.0,50.0,0,0,2026-09-07 17:15:49
26.0,48.0,25.0,50.0,0,0,2026-09-07 17:15:56
26.0,48.0,25.0,50.0,0,0,2026-09-07 17:15:56
29.0,50.0,25.0,50.0,0,0,2026-09-07 17:15:59
29.0,50.0,25.0,50.0,0,0,2026-09-07 17:15:59
30.0,50.0,25.0,50.0,0,0,2026-09-07 17:16:04
30.0,50.0,25.0,50.0,0,0,2026-09-07 17:16:04
29.0,50.0,25.0,50.0,0,0,2026-09-07 17:16:10
29.0,50.0,25.0,50.0,0,0,2026-09-07 17:16:10
29.0,50.0,25.0,50.0,0,0,2026-09-07 17:16:16
29.0,50.0,25.0,50.0,0,0,2026-09-07 17:16:16
29.0,50.0,25.0,50.0,0,0,2026-09-07 17:16:19
29.0,50.0,25.0,50.0,0,0,2026-09-07 17:16:19
28.0,50.0,25.0,50.0,0,0,2026-09-07 17:16:24
28.0,50.0,25.0,50.0,0,0,2026-09-07 17:16:24
29.0,50.0,25.0,50.0,0,0,2026-09-07 17:16:29
29.0,50.0,25.0,50.0,0,0,2026-09-07 17:16:29
29.0,50.0,25.0,50.0,0,0,2026-09-07 17:16:34
29.0,50.0,25.0,50.0,0,0,2026-09-07 17:16:34
28.0,50.0,25.0,50.0,0,0,2026-09-07 17:16:39
28.0,50.0,25.0,50.0,0,0,2026-09-07 17:16:39
29.0,50.0,25.0,50.0,0,0,2026-09-07 17:16:44
29.0,50.0,25.0,50.0,0,0,2026-09-07 17:16:44
28.0,50.0,25.0,50.0,0,0,2026-09-07 17:16:49
28.0,50.0,25.0,50.0,0,0,2026-09-07 17:16:49
28.0,50.0,25.0,50.0,0,0,2026-09-07 17:16:54
28.0,50.0,25.0,50.0,0,0,2026-09-07 17:16:54
28.0,50.0,25.0,50.0,0,0,2026-09-07 17:16:59
28.0,50.0,25.0,50.0,0,0,2026-09-07 17:16:59
28.0,49.0,25.0,50.0,0,0,2026-09-07 17:17:04
28.0,49.0,25.0,50.0,0,0,2026-09-07 17:17:04
28.0,49.0,25.0,50.0,0,0,2026-09-07 17:17:09
28.0,49.0,25.0,50.0,0,0,2026-09-07 17:17:09
28.0,49.0,25.0,50.0,0,0,2026-09-07 17:17:14
28.0,49.0,25.0,50.0,0,0,2026-09-07 17:17:14
28.0,49.0,25.0,50.0,0,0,2026-09-07 17:17:19
28.0,49.0,25.0,50.0,0,0,2026-09-07 17:17:19
28.0,49.0,25.0,50.0,0,0,2026-09-07 17:17:24
28.0,49.0,25.0,50.0,0,0,2026-09-07 17:17:24
28.0,49.0,25.0,50.0,0,0,2026-09-07 17:17:29
28.0,49.0,25.0,50.0,0,0,2026-09-07 17:17:29
28.0,49.0,25.0,50.0,0,0,2026-09-07 17:17:35
28.0,49.0,25.0,50.0,0,0,2026-09-07 17:17:36
28.0,49.0,25.0,50.0,0,0,2026-09-07 17:17:40
28.0,49.0,25.0,50.0,0,0,2026-09-07 17:17:40
28.0,49.0,25.0,50.0,0,0,2026-09-07 17:17:44
28.0,49.0,25.0,50.0,0,0,2026-09-07 17:17:44
28.0,49.0,25.0,50.0,0,0,2026-09-07 17:17:49
28.0,49.0,25.0,50.0,0,0,2026-09-07 17:17:49
28.0,49.0,25.0,50.0,0,0,2026-09-07 17:17:54
28.0,49.0,25.0,50.0,0,0,2026-09-07 17:17:54
28.0,49.0,25.0,50.0,0,0,2026-09-07 17:17:59
28.0,49.0,25.0,50.0,0,0,2026-09-07 17:17:59
28.0,48.0,25.0,50.0,0,0,2026-09-07 17:18:04
28.0,48.0,25.0,50.0,0,0,2026-09-07 17:18:04
27.0,48.0,25.0,50.0,0,0,2026-09-07 17:18:09
27.0,48.0,25.0,50.0,0,0,2026-09-07 17:18:09
27.0,48.0,25.0,50.0,0,0,2026-09-07 17:18:14
27.0,48.0,25.0,50.0,0,0,2026-09-07 17:18:14
27.0,48.0,25.0,50.0,0,0,2026-09-07 17:18:19
27.0,48.0,25.0,50.0,0,0,2026-09-07 17:18:19
27.0,48.0,25.0,50.0,0,0,2026-09-07 17:18:24
27.0,48.0,25.0,50.0,0,0,2026-09-07 17:18:24
27.0,48.0,25.0,50.0,0,0,2026-09-07 17:18:29
27.0,48.0,25.0,50.0,0,0,2026-09-07 17:18:29
27.0,48.0,25.0,50.0,0,0,2026-09-07 17:18:34
27.0,48.0,25.0,50.0,0,0,2026-09-07 17:18:34
27.0,48.0,25.0,50.0,0,0,2026-09-07 17:18:39
27.0,48.0,25.0,50.0,0,0,2026-09-07 17:18:39
28.0,48.0,25.0,50.0,0,0,2026-09-07 17:18:44
28.0,48.0,25.0,50.0,0,0,2026-09-07 17:18:44
28.0,48.0,25.0,50.0,0,0,2026-09-07 17:18:50
28.0,48.0,25.0,50.0,0,0,2026-09-07 17:18:50
27.0,48.0,25.0,50.0,0,0,2026-09-07 17:18:55
27.0,48.0,25.0,50.0,0,0,2026-09-07 17:18:55
27.0,47.0,25.0,50.0,0,0,2026-09-07 17:18:59
27.0,47.0,25.0,50.0,0,0,2026-09-07 17:18:59
28.0,47.0,25.0,50.0,0,0,2026-09-07 17:19:04
28.0,47.0,25.0,50.0,0,0,2026-09-07 17:19:04
27.0,47.0,25.0,50.0,0,0,2026-09-07 17:19:09
27.0,47.0,25.0,50.0,0,0,2026-09-07 17:19:09
27.0,47.0,25.0,50.0,0,0,2026-09-07 17:19:14
27.0,47.0,25.0,50.0,0,0,2026-09-07 17:19:14
27.0,47.0,25.0,50.0,0,0,2026-09-07 17:19:19
27.0,47.0,25.0,50.0,0,0,2026-09-07 17:19:19
26.0,47.0,25.0,50.0,0,0,2026-09-07 17:19:24
26.0,47.0,25.0,50.0,0,0,2026-09-07 17:19:24
27.0,47.0,25.0,50.0,0,0,2026-09-07 17:19:29
27.0,47.0,25.0,50.0,0,0,2026-09-07 17:19:29
26.0,47.0,25.0,50.0,0,0,2026-09-07 17:19:34
26.0,47.0,25.0,50.0,0,0,2026-09-07 17:19:34
27.0,47.0,25.0,50.0,0,0,2026-09-07 17:19:40
27.0,47.0,25.0,50.0,0,0,2026-09-07 17:19:40
27.0,47.0,25.0,50.0,0,0,2026-09-07 17:19:44
27.0,47.0,25.0,50.0,0,0,2026-09-07 17:19:44
27.0,47.0,25.0,50.0,0,0,2026-09-07 17:19:49
27.0,47.0,25.0,50.0,0,0,2026-09-07 17:19:49
26.0,46.0,25.0,50.0,0,0,2026-09-07 17:19:54
26.0,46.0,25.0,50.0,0,0,2026-09-07 17:19:54
26.0,46.0,25.0,50.0,0,0,2026-09-07 17:19:59
26.0,46.0,25.0,50.0,0,0,2026-09-07 17:19:59
27.0,46.0,25.0,50.0,0,0,2026-09-07 17:20:04
27.0,46.0,25.0,50.0,0,0,2026-09-07 17:20:04
26.0,46.0,25.0,50.0,0,0,2026-09-07 17:20:09
26.0,46.0,25.0,50.0,0,0,2026-09-07 17:20:09
26.0,46.0,25.0,50.0,0,0,2026-09-07 17:20:14
26.0,46.0,25.0,50.0,0,0,2026-09-07 17:20:15
26.0,46.0,25.0,50.0,0,0,2026-09-07 17:20:19
26.0,46.0,25.0,50.0,0,0,2026-09-07 17:20:19
26.0,46.0,25.0,50.0,0,0,2026-09-07 17:20:24
26.0,46.0,25.0,50.0,0,0,2026-09-07 17:20:25
26.0,46.0,25.0,50.0,0,0,2026-09-07 17:20:29
26.0,46.0,25.0,50.0,0,0,2026-09-07 17:20:29
26.0,46.0,25.0,50.0,0,0,2026-09-07 17:20:35
26.0,46.0,25.0,50.0,0,0,2026-09-07 17:20:35
27.0,46.0,25.0,50.0,0,0,2026-09-07 17:20:39
27.0,46.0,25.0,50.0,0,0,2026-09-07 17:20:39
26.0,46.0,25.0,50.0,0,0,2026-09-07 17:20:45
26.0,46.0,25.0,50.0,0,0,2026-09-07 17:20:45
26.0,46.0,25.0,50.0,0,0,2026-09-07 17:20:49
26.0,46.0,25.0,50.0,0,0,2026-09-07 17:20:49
26.0,46.0,25.0,50.0,0,0,2026-09-07 17:20:54
26.0,46.0,25.0,50.0,0,0,2026-09-07 17:20:54
26.0,46.0,25.0,50.0,0,0,2026-09-07 17:20:59
26.0,46.0,25.0,50.0,0,0,2026-09-07 17:20:59
26.0,45.0,25.0,50.0,0,0,2026-09-07 17:21:04
26.0,45.0,25.0,50.0,0,0,2026-09-07 17:21:04
26.0,45.0,25.0,50.0,0,0,2026-09-07 17:21:09
26.0,45.0,25.0,50.0,0,0,2026-09-07 17:21:09
25.0,45.0,25.0,50.0,0,0,2026-09-07 17:21:14
25.0,45.0,25.0,50.0,0,0,2026-09-07 17:21:14
26.0,45.0,25.0,50.0,0,0,2026-09-07 17:21:19
26.0,45.0,25.0,50.0,0,0,2026-09-07 17:21:19
26.0,45.0,25.0,50.0,0,0,2026-09-07 17:21:24
26.0,45.0,25.0,50.0,0,0,2026-09-07 17:21:24
26.0,45.0,25.0,50.0,0,0,2026-09-07 17:21:29
26.0,45.0,25.0,50.0,0,0,2026-09-07 17:21:29
26.0,45.0,25.0,50.0,0,0,2026-09-07 17:21:34
26.0,45.0,25.0,50.0,0,0,2026-09-07 17:21:34
25.0,45.0,25.0,50.0,0,0,2026-09-07 17:21:39
25.0,45.0,25.0,50.0,0,0,2026-09-07 17:21:39
25.0,45.0,25.0,50.0,0,0,2026-09-07 17:21:44
25.0,45.0,25.0,50.0,0,0,2026-09-07 17:21:44
26.0,45.0,25.0,50.0,0,0,2026-09-07 17:21:49
26.0,45.0,25.0,50.0,0,0,2026-09-07 17:21:49
26.0,45.0,25.0,50.0,0,0,2026-09-07 17:21:54
26.0,45.0,25.0,50.0,0,0,2026-09-07 17:21:54
25.0,44.0,25.0,50.0,0,0,2026-09-07 17:21:59
25.0,44.0,25.0,50.0,0,0,2026-09-07 17:21:59
25.0,44.0,25.0,50.0,0,0,2026-09-07 17:22:05
25.0,44.0,25.0,50.0,0,0,2026-09-07 17:22:05
25.0,44.0,25.0,50.0,0,0,2026-09-07 17:22:09
25.0,44.0,25.0,50.0,0,0,2026-09-07 17:22:10
26.0,44.0,25.0,50.0,0,0,2026-09-07 17:22:14
26.0,44.0,25.0,50.0,0,0,2026-09-07 17:22:14
26.0,44.0,25.0,50.0,0,0,2026-09-07 17:22:19
26.0,44.0,25.0,50.0,0,0,2026-09-07 17:22:19
26.0,44.0,25.0,50.0,0,0,2026-09-07 17:22:24
26.0,44.0,25.0,50.0,0,0,2026-09-07 17:22:24
26.0,44.0,25.0,50.0,0,0,2026-09-07 17:22:29
26.0,44.0,25.0,50.0,0,0,2026-09-07 17:22:29
25.0,44.0,25.0,50.0,0,0,2026-09-07 17:22:34
25.0,44.0,25.0,50.0,0,0,2026-09-07 17:22:34
25.0,44.0,25.0,50.0,0,0,2026-09-07 17:22:39
25.0,44.0,25.0,50.0,0,0,2026-09-07 17:22:44
26.0,44.0,25.0,50.0,0,0,2026-09-07 17:22:49
25.0,44.0,25.0,50.0,0,0,2026-09-07 17:22:54
25.0,44.0,25.0,50.0,0,0,2026-09-07 17:22:59
26.0,44.0,25.0,50.0,0,0,2026-09-07 17:23:04
26.0,44.0,25.0,50.0,0,0,2026-09-07 17:23:09
25.0,44.0,25.0,50.0,0,0,2026-09-07 17:23:14
25.0,43.0,25.0,50.0,0,0,2026-09-07 17:23:19
25.0,43.0,25.0,50.0,0,0,2026-09-07 17:23:24
25.0,43.0,25.0,50.0,0,0,2026-09-07 17:23:29
25.0,43.0,25.0,50.0,0,0,2026-09-07 17:23:34
25.0,43.0,25.0,50.0,0,0,2026-09-07 17:23:39
24.0,43.0,25.0,50.0,0,0,2026-09-07 17:23:44
25.0,43.0,25.0,50.0,0,0,2026-09-07 17:23:49
25.0,43.0,25.0,50.0,0,0,2026-09-07 17:23:54
25.0,43.0,25.0,50.0,0,0,2026-09-07 17:23:59
25.0,43.0,25.0,50.0,0,0,2026-09-07 17:24:04
25.0,43.0,25.0,50.0,0,0,2026-09-07 17:24:09
25.0,43.0,25.0,50.0,0,0,2026-09-07 17:24:14
25.0,43.0,25.0,50.0,0,0,2026-09-07 17:24:19
25.0,43.0,25.0,50.0,0,0,2026-09-07 17:24:24
25.0,43.0,25.0,50.0,0,0,2026-09-07 17:24:30
25.0,43.0,25.0,50.0,0,0,2026-09-07 17:24:34
25.0,43.0,25.0,50.0,0,0,2026-09-07 17:24:39
25.0,43.0,25.0,50.0,0,0,2026-09-07 17:24:44
25.0,43.0,25.0,50.0,0,0,2026-09-07 17:24:49
25.0,42.0,25.0,50.0,0,0,2026-09-07 17:24:54
25.0,42.0,25.0,50.0,0,0,2026-09-07 17:24:59
25.0,42.0,25.0,50.0,0,0,2026-09-07 17:25:34
25.0,42.0,25.0,50.0,0,0,2026-09-07 17:25:39
25.0,42.0,25.0,50.0,0,0,2026-09-07 17:25:44
24.0,42.0,25.0,50.0,0,0,2026-09-07 17:25:49
24.0,42.0,25.0,50.0,0,0,2026-09-07 17:25:54
24.0,37.0,25.0,50.0,0,0,2026-09-07 17:25:59
24.0,40.0,25.0,50.0,0,0,2026-09-07 17:26:04
25.0,41.0,25.0,50.0,0,0,2026-09-07 17:26:09
25.0,41.0,25.0,50.0,0,0,2026-09-07 17:26:14
25.0,41.0,25.0,50.0,0,0,2026-09-07 17:26:19
24.0,41.0,25.0,50.0,0,0,2026-09-07 17:26:24
25.0,41.0,25.0,50.0,0,0,2026-09-07 17:26:29
25.0,41.0,25.0,50.0,0,0,2026-09-07 17:26:34
24.0,41.0,25.0,50.0,0,0,2026-09-07 17:26:39
24.0,41.0,25.0,50.0,0,0,2026-09-07 17:26:44
24.0,41.0,25.0,50.0,0,0,2026-09-07 17:26:49
25.0,41.0,25.0,50.0,0,0,2026-09-07 17:26:54
24.0,41.0,25.0,50.0,0,0,2026-09-07 17:26:59
24.0,41.0,25.0,50.0,0,0,2026-09-07 17:27:04
24.0,41.0,25.0,50.0,0,0,2026-09-07 17:27:09
24.0,41.0,25.0,50.0,0,0,2026-09-07 17:27:15
24.0,41.0,25.0,50.0,0,0,2026-09-07 17:27:19
24.0,41.0,25.0,50.0,0,0,2026-09-07 17:27:24
24.0,41.0,25.0,50.0,0,0,2026-09-07 17:27:29
24.0,41.0,25.0,50.0,0,0,2026-09-07 17:27:34
25.0,41.0,25.0,50.0,0,0,2026-09-07 17:27:39
25.0,41.0,25.0,50.0,0,0,2026-09-07 17:27:44
24.0,41.0,25.0,50.0,0,0,2026-09-07 17:27:49
25.0,41.0,25.0,50.0,0,0,2026-09-07 17:27:54
24.0,41.0,25.0,50.0,0,0,2026-09-07 17:27:59
24.0,41.0,25.0,50.0,0,0,2026-09-07 17:28:04
25.0,41.0,25.0,50.0,0,0,2026-09-07 17:28:09
24.0,40.0,25.0,50.0,0,0,2026-09-07 17:28:14
25.0,40.0,25.0,50.0,0,0,2026-09-07 17:28:19
25.0,40.0,25.0,50.0,0,0,2026-09-07 17:28:24
25.0,40.0,25.0,50.0,0,0,2026-09-07 17:28:29
25.0,40.0,25.0,50.0,0,0,2026-09-07 17:28:34
24.0,40.0,25.0,50.0,0,0,2026-09-07 17:28:39
24.0,40.0,25.0,50.0,0,0,2026-09-07 17:28:45
25.0,40.0,25.0,50.0,0,0,2026-09-07 17:28:49
25.0,40.0,25.0,50.0,0,0,2026-09-07 17:28:54
24.0,40.0,25.0,50.0,0,0,2026-09-07 17:28:59
24.0,40.0,25.0,50.0,0,0,2026-09-07 17:29:04
24.0,40.0,25.0,50.0,0,0,2026-09-07 17:29:09
24.0,40.0,25.0,50.0,0,0,2026-09-07 17:29:14
24.0,40.0,25.0,50.0,0,0,2026-09-07 17:29:19
24.0,40.0,25.0,50.0,0,0,2026-09-07 17:29:24
24.0,40.0,25.0,50.0,0,0,2026-09-07 17:29:30
24.0,40.0,25.0,50.0,0,0,2026-09-07 17:29:34
24.0,40.0,25.0,50.0,0,0,2026-09-07 17:29:39
24.0,40.0,25.0,50.0,0,0,2026-09-07 17:29:44
23.0,36.0,25.0,50.0,0,0,2026-09-07 17:38:44
23.0,36.0,25.0,50.0,0,0,2026-09-07 17:38:49
23.0,36.0,25.0,50.0,0,0,2026-09-07 17:38:54
23.0,36.0,25.0,50.0,0,0,2026-09-07 17:38:59
22.0,36.0,25.0,50.0,0,0,2026-09-07 17:39:04
23.0,36.0,25.0,50.0,0,0,2026-09-07 17:39:09
23.0,36.0,25.0,50.0,0,0,2026-09-07 17:39:14
23.0,36.0,25.0,50.0,0,0,2026-09-07 17:39:19
23.0,36.0,25.0,50.0,0,0,2026-09-07 17:39:24
23.0,36.0,25.0,50.0,0,0,2026-09-07 17:39:29
23.0,30.0,25.0,50.0,0,0,2026-09-07 17:39:34
22.0,28.0,25.0,50.0,0,0,2026-09-07 17:39:39
26.0,34.0,25.0,50.0,0,0,2026-09-07 17:39:44
29.0,36.0,25.0,50.0,0,0,2026-09-07 17:39:50
28.0,36.0,25.0,50.0,0,0,2026-09-07 17:39:54
27.0,36.0,25.0,50.0,0,0,2026-09-07 17:39:59
27.0,36.0,25.0,50.0,0,0,2026-09-07 17:40:04
27.0,36.0,25.0,50.0,0,0,2026-09-07 17:40:09
27.0,36.0,25.0,50.0,0,0,2026-09-07 17:40:14
26.0,36.0,25.0,50.0,0,0,2026-09-07 17:40:19
26.0,36.0,25.0,50.0,0,0,2026-09-07 17:40:24
26.0,36.0,25.0,50.0,0,0,2026-09-07 17:40:29
26.0,36.0,25.0,50.0,0,0,2026-09-07 17:40:34
26.0,36.0,25.0,50.0,0,0,2026-09-07 17:40:39
25.0,36.0,25.0,50.0,0,0,2026-09-07 17:40:44
25.0,36.0,25.0,50.0,0,0,2026-09-07 17:40:49
25.0,36.0,25.0,50.0,0,0,2026-09-07 17:40:54
25.0,36.0,25.0,50.0,0,0,2026-09-07 17:40:59
25.0,36.0,25.0,50.0,0,0,2026-09-07 17:41:04
25.0,36.0,25.0,50.0,0,0,2026-09-07 17:41:09
26.0,36.0,25.0,50.0,0,0,2026-09-07 17:41:14
26.0,35.0,25.0,50.0,0,0,2026-09-07 17:41:19
25.0,36.0,25.0,50.0,0,0,2026-09-07 17:41:24
25.0,35.0,25.0,50.0,0,0,2026-09-07 17:41:29
25.0,35.0,25.0,50.0,0,0,2026-09-07 17:41:34
25.0,35.0,25.0,50.0,0,0,2026-09-07 17:41:39
25.0,35.0,25.0,50.0,0,0,2026-09-07 17:41:44
25.0,35.0,25.0,50.0,0,0,2026-09-07 17:41:49
25.0,35.0,25.0,50.0,0,0,2026-09-07 17:41:54
25.0,35.0,25.0,50.0,0,0,2026-09-07 17:41:59
25.0,35.0,25.0,50.0,0,0,2026-09-07 17:42:04
25.0,35.0,25.0,50.0,0,0,2026-09-07 17:42:09
25.0,35.0,25.0,50.0,0,0,2026-09-07 17:42:14
25.0,35.0,25.0,50.0,0,0,2026-09-07 17:42:19
25.0,35.0,25.0,50.0,0,0,2026-09-07 17:42:24
25.0,35.0,25.0,50.0,0,0,2026-09-07 17:42:29
25.0,35.0,25.0,50.0,0,0,2026-09-07 17:42:34
25.0,35.0,25.0,50.0,0,0,2026-09-07 17:42:39
24.0,35.0,25.0,50.0,0,0,2026-09-07 17:42:44
25.0,35.0,25.0,50.0,0,0,2026-09-07 17:42:49
25.0,35.0,25.0,50.0,0,0,2026-09-07 17:42:55
24.0,35.0,25.0,50.0,0,0,2026-09-07 17:42:59
25.0,35.0,25.0,50.0,0,0,2026-09-07 17:43:04
25.0,35.0,25.0,50.0,0,0,2026-09-07 17:43:09
24.0,35.0,25.0,50.0,0,0,2026-09-07 17:43:14
25.0,35.0,25.0,50.0,0,0,2026-09-07 17:43:19
25.0,35.0,25.0,50.0,0,0,2026-09-07 17:43:24
25.0,35.0,25.0,50.0,0,0,2026-09-07 17:43:29
25.0,35.0,25.0,50.0,0,0,2026-09-07 17:43:34
25.0,35.0,25.0,50.0,0,0,2026-09-07 17:43:39
25.0,35.0,25.0,50.0,0,0,2026-09-07 17:43:44
25.0,35.0,25.0,50.0,0,0,2026-09-07 17:43:49
24.0,35.0,25.0,50.0,0,0,2026-09-07 17:43:54
24.0,35.0,25.0,50.0,0,0,2026-09-07 17:43:59
24.0,35.0,25.0,50.0,0,0,2026-09-07 17:44:04
24.0,35.0,25.0,50.0,0,0,2026-09-07 17:44:09
25.0,35.0,25.0,50.0,0,0,2026-09-07 17:44:14
25.0,35.0,25.0,50.0,0,0,2026-09-07 17:44:20
25.0,35.0,25.0,50.0,0,0,2026-09-07 17:44:24
24.0,35.0,25.0,50.0,0,0,2026-09-07 17:44:30
24.0,35.0,25.0,50.0,0,0,2026-09-07 17:44:35
24.0,35.0,25.0,50.0,0,0,2026-09-07 17:44:39
25.0,35.0,25.0,50.0,0,0,2026-09-07 17:44:44
25.0,35.0,25.0,50.0,0,0,2026-09-07 17:44:50
25.0,35.0,25.0,50.0,0,0,2026-09-07 17:44:56
24.0,34.0,25.0,50.0,0,0,2026-09-07 17:44:59
25.0,34.0,25.0,50.0,0,0,2026-09-07 17:45:04
25.0,34.0,25.0,50.0,0,0,2026-09-07 17:45:09
24.0,34.0,25.0,50.0,0,0,2026-09-07 17:45:14
25.0,34.0,25.0,50.0,0,0,2026-09-07 17:45:21
24.0,34.0,25.0,50.0,0,0,2026-09-07 17:45:24
24.0,34.0,25.0,50.0,0,0,2026-09-07 17:45:29
25.0,34.0,25.0,50.0,0,0,2026-09-07 17:45:34
25.0,34.0,25.0,50.0,0,0,2026-09-07 17:45:39
25.0,34.0,25.0,50.0,0,0,2026-09-07 17:45:44
25.0,34.0,25.0,50.0,0,0,2026-09-07 17:45:49
25.0,34.0,25.0,50.0,0,0,2026-09-07 17:45:54
25.0,34.0,25.0,50.0,0,0,2026-09-07 17:45:59
25.0,34.0,25.0,50.0,0,0,2026-09-07 17:46:04
25.0,34.0,25.0,50.0,0,0,2026-09-07 17:46:09
25.0,34.0,25.0,50.0,0,0,2026-09-07 17:46:14
26.0,34.0,25.0,50.0,0,0,2026-09-07 17:46:19
25.0,34.0,25.0,50.0,0,0,2026-09-07 17:46:24
25.0,34.0,25.0,50.0,0,0,2026-09-07 17:46:29
25.0,34.0,25.0,50.0,0,0,2026-09-07 17:46:34
25.0,34.0,25.0,50.0,0,0,2026-09-07 17:46:39
25.0,34.0,25.0,50.0,0,0,2026-09-07 17:46:44
25.0,34.0,25.0,50.0,0,0,2026-09-07 17:46:49
25.0,34.0,25.0,50.0,0,0,2026-09-07 17:46:54
24.0,34.0,25.0,50.0,0,0,2026-09-07 17:46:59
25.0,34.0,25.0,50.0,0,0,2026-09-07 17:47:04
25.0,34.0,25.0,50.0,0,0,2026-09-07 17:47:09
25.0,34.0,25.0,50.0,0,0,2026-09-07 17:47:14
25.0,34.0,25.0,50.0,0,0,2026-09-07 17:47:19
25.0,34.0,25.0,50.0,0,0,2026-09-07 17:47:24
25.0,34.0,25.0,50.0,0,0,2026-09-07 17:47:29
26.0,34.0,25.0,50.0,0,0,2026-09-07 17:47:34
25.0,34.0,25.0,50.0,0,0,2026-09-07 17:47:39
25.0,34.0,25.0,50.0,0,0,2026-09-07 17:47:44
25.0,34.0,25.0,50.0,0,0,2026-09-07 17:47:49
25.0,34.0,25.0,50.0,0,0,2026-09-07 17:47:54
25.0,34.0,25.0,50.0,0,0,2026-09-07 17:47:59
25.0,34.0,25.0,50.0,0,0,2026-09-07 17:48:04
25.0,34.0,25.0,50.0,0,0,2026-09-07 17:48:09
25.0,34.0,25.0,50.0,0,0,2026-09-07 17:48:14
25.0,34.0,25.0,50.0,0,0,2026-09-07 17:48:19
24.0,34.0,25.0,50.0,0,0,2026-09-07 17:48:24
24.0,34.0,25.0,50.0,0,0,2026-09-07 17:48:29
24.0,34.0,25.0,50.0,0,0,2026-09-07 17:48:34
24.0,34.0,25.0,50.0,0,0,2026-09-07 17:48:39
24.0,34.0,25.0,50.0,0,0,2026-09-07 17:48:44
24.0,33.0,25.0,50.0,0,0,2026-09-07 17:48:49
24.0,33.0,25.0,50.0,0,0,2026-09-07 17:48:54
24.0,33.0,25.0,50.0,0,0,2026-09-07 17:48:59
25.0,33.0,25.0,50.0,0,0,2026-09-07 17:49:04
24.0,33.0,25.0,50.0,0,0,2026-09-07 17:49:09
24.0,33.0,25.0,50.0,0,0,2026-09-07 17:49:16
25.0,33.0,25.0,50.0,0,0,2026-09-07 17:49:19
25.0,33.0,25.0,50.0,0,0,2026-09-07 17:49:24
24.0,33.0,25.0,50.0,0,0,2026-09-07 17:49:29
25.0,33.0,25.0,50.0,0,0,2026-09-07 17:49:34
25.0,33.0,25.0,50.0,0,0,2026-09-07 17:49:39
25.0,33.0,25.0,50.0,0,0,2026-09-07 17:49:46
25.0,32.0,25.0,50.0,0,0,2026-09-07 17:49:49
25.0,33.0,25.0,50.0,0,0,2026-09-07 17:49:55
25.0,33.0,25.0,50.0,0,0,2026-09-07 17:49:59
25.0,33.0,25.0,50.0,0,0,2026-09-07 17:50:04
25.0,33.0,25.0,50.0,0,0,2026-09-07 17:50:09
25.0,33.0,25.0,50.0,0,0,2026-09-07 17:50:14
25.0,33.0,25.0,50.0,0,0,2026-09-07 17:50:19
25.0,33.0,25.0,50.0,0,0,2026-09-07 17:50:24
24.0,32.0,25.0,50.0,0,0,2026-09-07 17:50:29
25.0,33.0,25.0,50.0,0,0,2026-09-07 17:50:35
25.0,33.0,25.0,50.0,0,0,2026-09-07 17:50:40
25.0,33.0,25.0,50.0,0,0,2026-09-07 17:50:45
25.0,33.0,25.0,50.0,0,0,2026-09-07 17:50:50
24.0,33.0,25.0,50.0,0,0,2026-09-07 17:50:55
24.0,33.0,25.0,50.0,0,0,2026-09-07 17:50:59
24.0,33.0,25.0,50.0,0,0,2026-09-07 17:51:05
25.0,33.0,25.0,50.0,0,0,2026-09-07 17:51:10
25.0,32.0,25.0,50.0,0,0,2026-09-07 17:51:17
24.0,32.0,25.0,50.0,0,0,2026-09-07 17:51:20
24.0,32.0,25.0,50.0,0,0,2026-09-07 17:51:24
25.0,32.0,25.0,50.0,0,0,2026-09-07 17:51:29
24.0,32.0,25.0,50.0,0,0,2026-09-07 17:51:34
24.0,32.0,25.0,50.0,0,0,2026-09-07 17:51:39
25.0,32.0,25.0,50.0,0,0,2026-09-07 17:51:44
25.0,32.0,25.0,50.0,0,0,2026-09-07 17:51:49
24.0,32.0,25.0,50.0,0,0,2026-09-07 17:51:58
25.0,32.0,25.0,50.0,0,0,2026-09-07 17:51:59
25.0,32.0,25.0,50.0,0,0,2026-09-07 17:52:04
25.0,32.0,25.0,50.0,0,0,2026-09-07 17:52:10
24.0,32.0,25.0,50.0,0,0,2026-09-07 17:52:15
24.0,32.0,25.0,50.0,0,0,2026-09-07 17:52:20
25.0,32.0,25.0,50.0,0,0,2026-09-07 17:52:25
25.0,32.0,25.0,50.0,0,0,2026-09-07 17:52:29
25.0,32.0,25.0,50.0,0,0,2026-09-07 17:52:35
25.0,32.0,25.0,50.0,0,0,2026-09-07 17:52:40
25.0,32.0,25.0,50.0,0,0,2026-09-07 17:52:45
25.0,32.0,25.0,50.0,0,0,2026-09-07 17:52:50
25.0,32.0,25.0,50.0,0,0,2026-09-07 17:52:55
25.0,32.0,25.0,50.0,0,0,2026-09-07 17:53:00
24.0,32.0,25.0,50.0,0,0,2026-09-07 17:53:06
25.0,32.0,25.0,50.0,0,0,2026-09-07 17:53:11
24.0,32.0,25.0,50.0,0,0,2026-09-07 17:53:28
24.0,32.0,25.0,50.0,0,0,2026-09-07 17:53:29
24.0,32.0,25.0,50.0,0,0,2026-09-07 17:53:29
24.0,32.0,25.0,50.0,0,0,2026-09-07 17:53:30
24.0,32.0,25.0,50.0,0,0,2026-09-07 17:53:34
25.0,32.0,25.0,50.0,0,0,2026-09-07 17:53:41
25.0,32.0,25.0,50.0,0,0,2026-09-07 17:53:46
25.0,32.0,25.0,50.0,0,0,2026-09-07 17:53:51
24.0,32.0,25.0,50.0,0,0,2026-09-07 17:53:54
26.0,32.0,25.0,50.0,0,0,2026-09-07 17:54:00
25.0,32.0,25.0,50.0,0,0,2026-09-07 17:54:05
25.0,32.0,25.0,50.0,0,0,2026-09-07 17:54:14
25.0,32.0,25.0,50.0,0,0,2026-09-07 17:54:16
25.0,32.0,25.0,50.0,0,0,2026-09-07 17:54:20
25.0,32.0,25.0,50.0,0,0,2026-09-07 17:54:24
25.0,32.0,25.0,50.0,0,0,2026-09-07 17:54:30
25.0,32.0,25.0,50.0,0,0,2026-09-07 17:54:35
25.0,32.0,25.0,50.0,0,0,2026-09-07 17:54:39
25.0,32.0,25.0,50.0,0,0,2026-09-07 17:54:46
25.0,32.0,25.0,50.0,0,0,2026-09-07 17:54:51
24.0,32.0,25.0,50.0,0,0,2026-09-07 17:54:54
25.0,32.0,25.0,50.0,0,0,2026-09-07 17:55:00
25.0,32.0,25.0,50.0,0,0,2026-09-07 17:55:04
25.0,32.0,25.0,50.0,0,0,2026-09-07 17:55:17
25.0,32.0,25.0,50.0,0,0,2026-09-07 17:55:18
24.0,32.0,25.0,50.0,0,0,2026-09-07 17:55:20
24.0,32.0,25.0,50.0,0,0,2026-09-07 17:55:26
25.0,32.0,25.0,50.0,0,0,2026-09-07 17:55:30
24.0,32.0,25.0,50.0,0,0,2026-09-07 17:55:35
24.0,32.0,25.0,50.0,0,0,2026-09-07 17:55:40
24.0,32.0,25.0,50.0,0,0,2026-09-07 17:55:46
24.0,32.0,25.0,50.0,0,0,2026-09-07 17:55:49
24.0,32.0,25.0,50.0,0,0,2026-09-07 17:55:55
24.0,32.0,25.0,50.0,0,0,2026-09-07 17:56:00
24.0,32.0,25.0,50.0,0,0,2026-09-07 17:56:04
24.0,32.0,25.0,50.0,0,0,2026-09-07 17:56:09
24.0,32.0,25.0,50.0,0,0,2026-09-07 17:56:14
24.0,32.0,25.0,50.0,0,0,2026-09-07 17:56:20
23.0,31.0,25.0,50.0,0,0,2026-09-07 17:56:24
24.0,31.0,25.0,50.0,0,0,2026-09-07 17:56:29
24.0,31.0,25.0,50.0,0,0,2026-09-07 17:56:34
24.0,31.0,25.0,50.0,0,0,2026-09-07 17:56:39
24.0,32.0,25.0,50.0,0,0,2026-09-07 17:56:45
24.0,31.0,25.0,50.0,0,0,2026-09-07 17:57:04
25.0,31.0,25.0,50.0,0,0,2026-09-07 17:57:11
24.0,31.0,25.0,50.0,0,0,2026-09-07 17:57:14
24.0,32.0,25.0,50.0,0,0,2026-09-07 17:57:23
24.0,32.0,25.0,50.0,0,0,2026-09-07 17:57:24
24.0,31.0,25.0,50.0,0,0,2026-09-07 17:57:31
24.0,31.0,25.0,50.0,0,0,2026-09-07 17:57:34
24.0,31.0,25.0,50.0,0,0,2026-09-07 17:57:40
24.0,31.0,25.0,50.0,0,0,2026-09-07 17:57:45
24.0,31.0,25.0,50.0,0,0,2026-09-07 17:57:49
24.0,31.0,25.0,50.0,0,0,2026-09-07 17:57:55
24.0,31.0,25.0,50.0,0,0,2026-09-07 17:58:00
24.0,31.0,25.0,50.0,0,0,2026-09-07 17:58:06
24.0,31.0,25.0,50.0,0,0,2026-09-07 17:58:10
24.0,31.0,25.0,50.0,0,0,2026-09-07 17:58:15
24.0,31.0,25.0,50.0,0,0,2026-09-07 17:58:19
24.0,31.0,25.0,50.0,0,0,2026-09-07 17:58:24
24.0,31.0,25.0,50.0,0,0,2026-09-07 17:58:29
24.0,31.0,25.0,50.0,0,0,2026-09-07 17:58:34
24.0,31.0,25.0,50.0,0,0,2026-09-07 17:58:40
24.0,31.0,25.0,50.0,0,0,2026-09-07 17:58:44
24.0,29.0,25.0,50.0,0,0,2026-09-07 18:14:49
24.0,29.0,25.0,50.0,0,0,2026-09-07 18:14:54
25.0,29.0,25.0,50.0,0,0,2026-09-07 18:14:59
24.0,29.0,25.0,50.0,0,0,2026-09-07 18:15:04
24.0,29.0,25.0,50.0,0,0,2026-09-07 18:15:09
24.0,29.0,25.0,50.0,0,0,2026-09-07 18:15:14
24.0,29.0,25.0,50.0,0,0,2026-09-07 18:15:41
24.0,29.0,25.0,50.0,0,0,2026-09-07 18:15:41
24.0,29.0,25.0,50.0,0,0,2026-09-07 18:15:41
23.0,29.0,25.0,50.0,0,0,2026-09-07 18:15:41
24.0,29.0,25.0,50.0,0,0,2026-09-07 18:15:41
24.0,29.0,25.0,50.0,0,0,2026-09-07 18:15:44
24.0,29.0,25.0,50.0,0,0,2026-09-07 18:15:49
25.0,29.0,25.0,50.0,0,0,2026-09-07 18:15:54
24.0,29.0,25.0,50.0,0,0,2026-09-07 18:15:59
24.0,29.0,25.0,50.0,0,0,2026-09-07 18:16:04
24.0,29.0,25.0,50.0,0,0,2026-09-07 18:16:09
24.0,29.0,25.0,50.0,0,0,2026-09-07 18:16:14
23.0,29.0,25.0,50.0,0,0,2026-09-07 18:16:19
23.0,29.0,25.0,50.0,0,0,2026-09-07 18:16:25
23.0,29.0,25.0,50.0,0,0,2026-09-07 18:16:29
23.0,29.0,25.0,50.0,0,0,2026-09-07 18:16:34
24.0,29.0,25.0,50.0,0,0,2026-09-07 18:16:39
24.0,29.0,25.0,50.0,0,0,2026-09-07 18:16:44
24.0,29.0,25.0,50.0,0,0,2026-09-07 18:16:49
24.0,29.0,25.0,50.0,0,0,2026-09-07 18:16:54
24.0,29.0,25.0,50.0,0,0,2026-09-07 18:16:59
24.0,29.0,25.0,50.0,0,0,2026-09-07 18:17:04
24.0,29.0,25.0,50.0,0,0,2026-09-07 18:17:09
24.0,29.0,25.0,50.0,0,0,2026-09-07 18:17:14
24.0,29.0,25.0,50.0,0,0,2026-09-07 18:17:19
24.0,29.0,25.0,50.0,0,0,2026-09-07 18:17:25
24.0,29.0,25.0,50.0,0,0,2026-09-07 18:17:29
24.0,29.0,25.0,50.0,0,0,2026-09-07 18:17:36
24.0,29.0,25.0,50.0,0,0,2026-09-07 18:17:39
24.0,29.0,25.0,50.0,0,0,2026-09-07 18:17:46
24.0,29.0,25.0,50.0,0,0,2026-09-07 18:17:49
24.0,29.0,25.0,50.0,0,0,2026-09-07 18:17:57
25.0,29.0,25.0,50.0,0,0,2026-09-07 18:17:59
24.0,29.0,25.0,50.0,0,0,2026-09-07 18:18:04
24.0,29.0,25.0,50.0,0,0,2026-09-07 18:18:09
24.0,29.0,25.0,50.0,0,0,2026-09-07 18:18:14
24.0,29.0,25.0,50.0,0,0,2026-09-07 18:18:19
24.0,29.0,25.0,50.0,0,0,2026-09-07 18:18:24
24.0,29.0,25.0,50.0,0,0,2026-09-07 18:18:29
24.0,29.0,25.0,50.0,0,0,2026-09-07 18:18:34
24.0,29.0,25.0,50.0,0,0,2026-09-07 18:18:39
24.0,29.0,25.0,50.0,0,0,2026-09-07 18:18:44
24.0,29.0,25.0,50.0,0,0,2026-09-07 18:18:51
24.0,29.0,25.0,50.0,0,0,2026-09-07 18:18:54
24.0,29.0,25.0,50.0,0,0,2026-09-07 18:19:02
24.0,29.0,25.0,50.0,0,0,2026-09-07 18:19:04
24.0,29.0,25.0,50.0,0,0,2026-09-07 18:19:09
25.0,29.0,25.0,50.0,0,0,2026-09-07 18:19:14
24.0,29.0,25.0,50.0,0,0,2026-09-07 18:19:20
24.0,29.0,25.0,50.0,0,0,2026-09-07 18:19:26
24.0,29.0,25.0,50.0,0,0,2026-09-07 18:19:29
24.0,29.0,25.0,50.0,0,0,2026-09-07 18:19:35
24.0,29.0,25.0,50.0,0,0,2026-09-07 18:19:40
24.0,29.0,25.0,50.0,0,0,2026-09-07 18:19:44
24.0,29.0,25.0,50.0,0,0,2026-09-07 18:20:03
24.0,29.0,25.0,50.0,0,0,2026-09-07 18:20:04
24.0,29.0,25.0,50.0,0,0,2026-09-07 18:20:04
24.0,28.0,25.0,50.0,0,0,2026-09-07 18:20:04
24.0,29.0,25.0,50.0,0,0,2026-09-07 18:20:09
24.0,29.0,25.0,50.0,0,0,2026-09-07 18:20:14
24.0,29.0,25.0,50.0,0,0,2026-09-07 18:20:22
25.0,29.0,25.0,50.0,0,0,2026-09-07 18:20:24
25.0,29.0,25.0,50.0,0,0,2026-09-07 18:20:29
24.0,29.0,25.0,50.0,0,0,2026-09-07 18:20:34
25.0,29.0,25.0,50.0,0,0,2026-09-07 18:20:39
24.0,29.0,25.0,50.0,0,0,2026-09-07 18:20:44
64.0,31.0,36.2,47.0,0,0,2026-09-08 09:26:40
55.0,30.0,36.3,47.0,0,0,2026-09-08 09:26:53
50.0,30.0,36.3,48.0,0,0,2026-09-08 09:26:58
47.0,29.0,36.3,49.0,0,0,2026-09-08 09:27:00
43.0,29.0,36.3,49.0,0,0,2026-09-08 09:27:04
41.0,29.0,36.3,49.0,0,0,2026-09-08 09:27:05
39.0,29.0,36.3,50.0,0,0,2026-09-08 09:27:10
37.0,28.0,36.3,50.0,0,0,2026-09-08 09:27:15
38.0,28.0,36.3,50.0,0,0,2026-09-08 09:27:20
35.0,28.0,36.3,49.0,0,0,2026-09-08 09:27:25
34.0,28.0,36.3,48.0,0,0,2026-09-08 09:27:30
33.0,28.0,36.3,47.0,0,0,2026-09-08 09:27:35
33.0,27.0,25.0,50.0,0,0,2026-09-08 09:27:40
34.0,28.0,36.2,46.0,0,0,2026-09-08 09:27:45
33.0,28.0,36.3,47.0,0,0,2026-09-08 09:27:50
25.0,25.0,36.3,49.0,0,0,2026-09-08 09:39:09
23.0,28.0,36.2,47.0,0,0,2026-09-08 09:41:40
23.0,28.0,36.2,47.0,0,0,2026-09-08 09:41:45
22.0,24.0,36.2,49.0,0,0,2026-09-08 09:44:25
22.0,24.0,36.2,50.0,0,0,2026-09-08 09:44:31
22.0,24.0,36.2,51.0,0,0,2026-09-08 09:44:35
22.0,24.0,36.2,50.0,0,0,2026-09-08 09:44:40
21.0,24.0,36.2,50.0,0,0,2026-09-08 09:44:45
23.0,24.0,36.2,50.0,0,0,2026-09-08 09:44:50
23.0,24.0,36.2,51.0,0,0,2026-09-08 09:44:55
23.0,24.0,36.2,51.0,0,0,2026-09-08 09:45:00
23.0,24.0,36.2,51.0,0,0,2026-09-08 09:45:05
24.0,24.0,36.2,51.0,0,0,2026-09-08 09:45:11
23.0,24.0,36.2,51.0,0,0,2026-09-08 09:45:15
23.0,24.0,36.2,50.0,0,0,2026-09-08 09:45:20
23.0,24.0,36.2,50.0,0,0,2026-09-08 09:45:25
23.0,24.0,36.2,50.0,0,0,2026-09-08 09:45:30
24.0,24.0,36.1,49.0,0,0,2026-09-08 09:45:35
24.0,24.0,36.1,49.0,0,0,2026-09-08 09:45:40
24.0,24.0,36.1,49.0,0,0,2026-09-08 09:45:45
24.0,24.0,36.1,49.0,0,0,2026-09-08 09:45:51
24.0,24.0,36.1,48.0,0,0,2026-09-08 09:45:55
22.0,24.0,36.1,48.0,0,0,2026-09-08 09:46:01
22.0,24.0,36.1,48.0,0,0,2026-09-08 09:46:05
23.0,24.0,36.1,47.0,0,0,2026-09-08 09:46:10
23.0,24.0,36.1,47.0,0,0,2026-09-08 09:46:15
23.0,24.0,36.1,48.0,0,0,2026-09-08 09:46:20
24.0,24.0,36.1,50.0,0,0,2026-09-08 09:46:25
21.0,24.0,36.0,50.0,0,0,2026-09-08 09:46:55
21.0,23.0,36.0,48.0,0,0,2026-09-08 09:47:00
21.0,23.0,36.0,47.0,0,0,2026-09-08 09:47:05
21.0,23.0,35.9,48.0,0,0,2026-09-08 09:47:10
21.0,23.0,35.9,47.0,0,0,2026-09-08 09:47:15
22.0,23.0,35.9,47.0,0,0,2026-09-08 09:47:20
21.0,23.0,35.9,47.0,0,0,2026-09-08 09:47:26
21.0,23.0,35.9,47.0,0,0,2026-09-08 09:47:30
21.0,23.0,35.9,47.0,0,0,2026-09-08 09:47:35
20.0,23.0,35.9,47.0,0,0,2026-09-08 09:47:40
20.0,23.0,35.9,45.0,0,0,2026-09-08 09:48:00
21.0,23.0,36.0,45.0,0,0,2026-09-08 09:48:06
21.0,23.0,36.0,46.0,0,0,2026-09-08 09:48:10
21.0,23.0,25.0,50.0,0,0,2026-09-08 09:48:15
21.0,23.0,25.0,50.0,0,0,2026-09-08 09:48:20
21.0,23.0,25.0,50.0,0,0,2026-09-08 09:48:26
22.0,23.0,25.0,50.0,0,0,2026-09-08 09:48:30
22.0,23.0,25.0,50.0,0,0,2026-09-08 09:48:36
22.0,23.0,25.0,50.0,0,0,2026-09-08 09:48:41
21.0,23.0,36.0,46.0,0,0,2026-09-08 09:48:45
21.0,23.0,35.9,47.0,0,0,2026-09-08 09:48:51
21.0,23.0,35.9,47.0,0,0,2026-09-08 09:48:55
20.0,23.0,35.8,46.0,0,0,2026-09-08 09:49:00
21.0,23.0,35.8,46.0,0,0,2026-09-08 09:49:05
20.0,23.0,35.8,47.0,0,0,2026-09-08 09:49:10
21.0,23.0,35.8,47.0,0,0,2026-09-08 09:49:16
22.0,23.0,35.8,48.0,0,0,2026-09-08 09:49:20
22.0,23.0,35.8,49.0,0,0,2026-09-08 09:49:26
22.0,23.0,35.8,50.0,0,0,2026-09-08 09:49:30
22.0,23.0,35.8,50.0,0,0,2026-09-08 09:49:35
22.0,23.0,35.8,49.0,0,0,2026-09-08 09:49:40
22.0,23.0,35.8,49.0,0,0,2026-09-08 09:49:45
22.0,23.0,35.8,50.0,0,0,2026-09-08 09:49:50
23.0,23.0,35.7,50.0,0,0,2026-09-08 09:49:56
21.0,23.0,35.8,50.0,0,0,2026-09-08 09:50:00
21.0,23.0,35.7,48.0,0,0,2026-09-08 09:50:06
21.0,23.0,35.7,47.0,0,0,2026-09-08 09:50:11
21.0,22.0,35.7,47.0,0,0,2026-09-08 09:50:16
21.0,23.0,35.7,48.0,0,0,2026-09-08 09:50:21
21.0,23.0,35.7,49.0,0,0,2026-09-08 09:50:29
21.0,23.0,35.7,49.0,0,0,2026-09-08 09:50:31
20.0,23.0,35.7,49.0,0,0,2026-09-08 09:50:36
20.0,22.0,25.0,50.0,0,0,2026-09-08 09:50:41
20.0,23.0,25.0,50.0,0,0,2026-09-08 09:50:46
21.0,22.0,35.7,48.0,0,0,2026-09-08 09:50:51
21.0,23.0,35.7,48.0,0,0,2026-09-08 09:50:56
21.0,21.0,35.8,46.0,0,0,2026-09-08 09:58:11
21.0,21.0,35.8,45.0,0,0,2026-09-08 09:58:16
20.0,21.0,35.8,45.0,0,0,2026-09-08 09:58:21
20.0,21.0,35.8,45.0,0,0,2026-09-08 09:58:26
20.0,21.0,35.8,44.0,0,0,2026-09-08 09:58:31
19.0,21.0,35.8,44.0,0,0,2026-09-08 09:58:36
20.0,21.0,35.8,44.0,0,0,2026-09-08 09:58:43
20.0,21.0,35.8,44.0,0,0,2026-09-08 09:58:46
20.0,21.0,35.8,44.0,0,0,2026-09-08 09:58:51
20.0,21.0,35.8,45.0,0,0,2026-09-08 09:58:56
20.0,21.0,35.8,45.0,0,0,2026-09-08 09:59:01
19.0,21.0,35.8,45.0,0,0,2026-09-08 09:59:07
19.0,21.0,35.8,44.0,0,0,2026-09-08 09:59:11
19.0,21.0,35.8,44.0,0,0,2026-09-08 09:59:16
19.0,21.0,35.8,44.0,0,0,2026-09-08 09:59:22
19.0,21.0,35.8,44.0,0,0,2026-09-08 09:59:26
19.0,21.0,35.8,44.0,0,0,2026-09-08 09:59:31
20.0,21.0,35.8,44.0,0,0,2026-09-08 09:59:37
20.0,21.0,35.8,44.0,0,0,2026-09-08 09:59:41
20.0,21.0,35.8,45.0,0,0,2026-09-08 09:59:48
20.0,21.0,35.8,45.0,0,0,2026-09-08 09:59:51
19.0,21.0,35.8,45.0,0,0,2026-09-08 09:59:56
20.0,21.0,35.8,45.0,0,0,2026-09-08 10:00:01
20.0,21.0,35.8,45.0,0,0,2026-09-08 10:00:06
20.0,21.0,35.8,44.0,0,0,2026-09-08 10:00:10
19.0,21.0,35.8,44.0,0,0,2026-09-08 10:00:16
19.0,21.0,35.8,44.0,0,0,2026-09-08 10:00:20
19.0,21.0,35.8,44.0,0,0,2026-09-08 10:00:26
19.0,21.0,35.9,45.0,0,0,2026-09-08 10:00:31
19.0,21.0,35.8,46.0,0,0,2026-09-08 10:00:36
19.0,21.0,35.8,45.0,0,0,2026-09-08 10:00:41
19.0,21.0,35.9,45.0,0,0,2026-09-08 10:00:46
19.0,21.0,35.8,45.0,0,0,2026-09-08 10:00:51
19.0,21.0,35.9,45.0,0,0,2026-09-08 10:00:56
21.0,21.0,35.8,45.0,0,0,2026-09-08 10:01:00
21.0,21.0,35.8,45.0,0,0,2026-09-08 10:01:06
20.0,21.0,35.8,45.0,0,0,2026-09-08 10:01:11
20.0,21.0,35.8,44.0,0,0,2026-09-08 10:01:16
20.0,21.0,35.8,44.0,0,0,2026-09-08 10:01:21
19.0,21.0,35.8,44.0,0,0,2026-09-08 10:01:26
20.0,21.0,35.8,44.0,0,0,2026-09-08 10:01:31
20.0,21.0,35.8,45.0,0,0,2026-09-08 10:01:35
20.0,21.0,35.8,45.0,0,0,2026-09-08 10:01:41
20.0,21.0,35.9,45.0,0,0,2026-09-08 10:01:46
20.0,21.0,35.8,45.0,0,0,2026-09-08 10:01:51
19.0,21.0,35.9,44.0,0,0,2026-09-08 10:01:56
19.0,21.0,35.8,44.0,0,0,2026-09-08 10:02:00
19.0,21.0,35.8,43.0,0,0,2026-09-08 10:02:06
20.0,21.0,35.9,43.0,0,0,2026-09-08 10:02:11
20.0,21.0,35.9,44.0,0,0,2026-09-08 10:02:16
20.0,21.0,35.9,45.0,0,0,2026-09-08 10:02:21
20.0,21.0,35.9,45.0,0,0,2026-09-08 10:02:25
20.0,21.0,35.9,45.0,0,0,2026-09-08 10:02:31
20.0,21.0,35.9,44.0,0,0,2026-09-08 10:02:36
20.0,21.0,35.9,45.0,0,0,2026-09-08 10:02:41
20.0,21.0,35.9,45.0,0,0,2026-09-08 10:02:46
20.0,21.0,35.9,45.0,0,0,2026-09-08 10:02:51
20.0,21.0,35.9,45.0,0,0,2026-09-08 10:02:56
20.0,21.0,35.9,45.0,0,0,2026-09-08 10:03:00
21.0,21.0,35.9,45.0,0,0,2026-09-08 10:03:06
20.0,21.0,35.9,45.0,0,0,2026-09-08 10:03:11
20.0,21.0,35.9,45.0,0,0,2026-09-08 10:03:16
20.0,21.0,35.9,45.0,0,0,2026-09-08 10:03:21
19.0,21.0,35.9,45.0,0,0,2026-09-08 10:03:26
20.0,21.0,35.9,46.0,0,0,2026-09-08 10:03:31
21.0,22.0,35.9,45.0,0,0,2026-09-08 10:03:36
21.0,22.0,35.9,45.0,0,0,2026-09-08 10:03:41
21.0,22.0,35.9,44.0,0,0,2026-09-08 10:03:46
20.0,21.0,35.9,45.0,0,0,2026-09-08 10:03:51
20.0,21.0,35.9,45.0,0,0,2026-09-08 10:03:56
20.0,21.0,35.9,44.0,0,0,2026-09-08 10:04:00
21.0,21.0,35.9,44.0,0,0,2026-09-08 10:04:06
21.0,21.0,35.9,44.0,0,0,2026-09-08 10:04:06
22.0,21.0,35.9,45.0,0,0,2026-09-08 10:04:11
22.0,21.0,35.9,45.0,0,0,2026-09-08 10:04:11
22.0,22.0,35.9,46.0,0,0,2026-09-08 10:04:16
22.0,22.0,35.9,46.0,0,0,2026-09-08 10:04:16
23.0,22.0,35.9,47.0,0,0,2026-09-08 10:04:21
23.0,22.0,35.9,47.0,0,0,2026-09-08 10:04:21
23.0,22.0,35.9,48.0,0,0,2026-09-08 10:04:26
23.0,22.0,35.9,48.0,0,0,2026-09-08 10:04:26
22.0,22.0,35.9,48.0,0,0,2026-09-08 10:04:31
22.0,22.0,35.9,48.0,0,0,2026-09-08 10:04:31
22.0,22.0,35.9,48.0,0,0,2026-09-08 10:04:35
22.0,22.0,35.9,48.0,0,0,2026-09-08 10:04:36
23.0,22.0,35.9,49.0,0,0,2026-09-08 10:04:41
23.0,22.0,35.9,49.0,0,0,2026-09-08 10:04:41
23.0,22.0,35.9,50.0,0,0,2026-09-08 10:04:45
23.0,22.0,35.9,50.0,0,0,2026-09-08 10:04:45
22.0,22.0,35.9,49.0,0,0,2026-09-08 10:04:51
22.0,22.0,35.9,49.0,0,0,2026-09-08 10:04:51
22.0,22.0,35.9,49.0,0,0,2026-09-08 10:04:56
22.0,22.0,35.9,49.0,0,0,2026-09-08 10:04:56
22.0,21.0,35.9,48.0,0,0,2026-09-08 10:05:01
22.0,21.0,35.9,48.0,0,0,2026-09-08 10:05:01
21.0,22.0,35.8,47.0,0,0,2026-09-08 10:05:06
21.0,22.0,35.8,47.0,0,0,2026-09-08 10:05:06
21.0,22.0,35.8,47.0,0,0,2026-09-08 10:05:11
21.0,22.0,35.8,47.0,0,0,2026-09-08 10:05:11
22.0,22.0,35.8,49.0,0,0,2026-09-08 10:05:16
22.0,22.0,35.8,49.0,0,0,2026-09-08 10:05:16
23.0,22.0,35.9,50.0,0,0,2026-09-08 10:05:22
23.0,22.0,35.9,50.0,0,0,2026-09-08 10:05:22
23.0,22.0,35.9,50.0,0,0,2026-09-08 10:05:27
23.0,22.0,35.9,50.0,0,0,2026-09-08 10:05:27
22.0,22.0,35.9,51.0,0,0,2026-09-08 10:05:33
22.0,22.0,35.9,51.0,0,0,2026-09-08 10:05:33
22.0,22.0,35.8,50.0,0,0,2026-09-08 10:05:41
22.0,22.0,35.8,50.0,0,0,2026-09-08 10:05:41
23.0,22.0,35.8,50.0,0,0,2026-09-08 10:05:42
23.0,22.0,35.8,50.0,0,0,2026-09-08 10:05:42
23.0,22.0,35.8,50.0,0,0,2026-09-08 10:05:46
23.0,22.0,35.8,50.0,0,0,2026-09-08 10:05:46
23.0,22.0,35.8,51.0,0,0,2026-09-08 10:05:51
23.0,22.0,35.8,51.0,0,0,2026-09-08 10:05:51
23.0,22.0,35.8,51.0,0,0,2026-09-08 10:05:56
23.0,22.0,35.8,51.0,0,0,2026-09-08 10:05:56
23.0,22.0,35.8,52.0,0,0,2026-09-08 10:06:00
23.0,22.0,35.8,52.0,0,0,2026-09-08 10:06:01
23.0,22.0,35.8,53.0,0,0,2026-09-08 10:06:06
23.0,22.0,35.8,53.0,0,0,2026-09-08 10:06:06
22.0,22.0,35.8,52.0,0,0,2026-09-08 10:06:11
22.0,22.0,35.8,52.0,0,0,2026-09-08 10:06:11
22.0,22.0,35.8,51.0,0,0,2026-09-08 10:06:16
22.0,22.0,35.8,51.0,0,0,2026-09-08 10:06:16
21.0,22.0,35.8,51.0,0,0,2026-09-08 10:06:21
21.0,22.0,35.8,51.0,0,0,2026-09-08 10:06:21
21.0,22.0,35.8,52.0,0,0,2026-09-08 10:06:26
21.0,22.0,35.8,52.0,0,0,2026-09-08 10:06:26
22.0,22.0,35.8,52.0,0,0,2026-09-08 10:06:30
22.0,22.0,35.8,52.0,0,0,2026-09-08 10:06:31
21.0,22.0,35.8,51.0,0,0,2026-09-08 10:06:37
21.0,22.0,35.8,51.0,0,0,2026-09-08 10:06:37
20.0,21.0,35.8,50.0,0,0,2026-09-08 10:06:41
20.0,21.0,35.8,50.0,0,0,2026-09-08 10:06:41
20.0,21.0,35.8,49.0,0,0,2026-09-08 10:06:46
20.0,21.0,35.8,49.0,0,0,2026-09-08 10:06:46
20.0,21.0,35.8,48.0,0,0,2026-09-08 10:06:51
20.0,21.0,35.8,48.0,0,0,2026-09-08 10:06:51
20.0,21.0,35.8,48.0,0,0,2026-09-08 10:06:56
20.0,21.0,35.8,48.0,0,0,2026-09-08 10:06:56
19.0,21.0,35.8,48.0,0,0,2026-09-08 10:07:01
19.0,21.0,35.8,48.0,0,0,2026-09-08 10:07:01
20.0,21.0,35.7,47.0,0,0,2026-09-08 10:07:06
20.0,21.0,35.7,47.0,0,0,2026-09-08 10:07:06
20.0,21.0,35.7,47.0,0,0,2026-09-08 10:07:10
20.0,21.0,35.7,47.0,0,0,2026-09-08 10:07:10
21.0,21.0,35.7,48.0,0,0,2026-09-08 10:07:16
21.0,21.0,35.7,48.0,0,0,2026-09-08 10:07:16
20.0,21.0,25.0,50.0,0,0,2026-09-08 10:07:21
20.0,21.0,25.0,50.0,0,0,2026-09-08 10:07:21
21.0,21.0,25.0,50.0,0,0,2026-09-08 10:07:26
21.0,21.0,25.0,50.0,0,0,2026-09-08 10:07:26
21.0,21.0,35.7,49.0,0,0,2026-09-08 10:07:31
21.0,21.0,35.7,49.0,0,0,2026-09-08 10:07:31
21.0,21.0,35.7,49.0,0,0,2026-09-08 10:07:35
21.0,21.0,35.7,49.0,0,0,2026-09-08 10:07:35
20.0,21.0,35.7,49.0,0,0,2026-09-08 10:07:40
20.0,21.0,35.7,49.0,0,0,2026-09-08 10:07:40
20.0,21.0,35.7,48.0,0,0,2026-09-08 10:07:46
20.0,21.0,35.7,48.0,0,0,2026-09-08 10:07:46
20.0,21.0,35.7,47.0,0,0,2026-09-08 10:07:51
20.0,21.0,35.7,47.0,0,0,2026-09-08 10:07:51
21.0,21.0,35.7,48.0,0,0,2026-09-08 10:07:56
21.0,21.0,35.7,48.0,0,0,2026-09-08 10:07:56
21.0,21.0,35.7,48.0,0,0,2026-09-08 10:08:02
21.0,21.0,35.7,48.0,0,0,2026-09-08 10:08:02
21.0,21.0,35.7,49.0,0,0,2026-09-08 10:08:06
21.0,21.0,35.7,49.0,0,0,2026-09-08 10:08:06
21.0,21.0,35.7,49.0,0,0,2026-09-08 10:08:11
21.0,21.0,35.7,49.0,0,0,2026-09-08 10:08:11
21.0,21.0,35.7,48.0,0,0,2026-09-08 10:08:17
21.0,21.0,35.7,48.0,0,0,2026-09-08 10:08:17
20.0,20.0,35.7,49.0,1,2,2026-09-08 10:08:22
20.0,20.0,35.7,49.0,1,2,2026-09-08 10:08:22
19.0,20.0,25.0,50.0,1,2,2026-09-08 10:08:26
19.0,20.0,25.0,50.0,1,2,2026-09-08 10:08:26
20.0,20.0,25.0,50.0,0,0,2026-09-08 10:08:31
20.0,20.0,25.0,50.0,0,0,2026-09-08 10:08:31
24.0,21.0,35.7,49.0,0,0,2026-09-08 10:08:36
24.0,21.0,35.7,49.0,0,0,2026-09-08 10:08:36
23.0,21.0,35.8,48.0,0,0,2026-09-08 10:08:41
23.0,21.0,35.8,48.0,0,0,2026-09-08 10:08:41
23.0,22.0,35.8,49.0,0,0,2026-09-08 10:08:46
23.0,22.0,35.8,49.0,0,0,2026-09-08 10:08:46
22.0,21.0,35.8,48.0,0,0,2026-09-08 10:08:51
22.0,21.0,35.8,48.0,0,0,2026-09-08 10:08:51
22.0,21.0,35.8,47.0,0,0,2026-09-08 10:08:56
22.0,21.0,35.8,47.0,0,0,2026-09-08 10:08:56
22.0,21.0,35.8,46.0,0,0,2026-09-08 10:09:02
22.0,21.0,35.8,46.0,0,0,2026-09-08 10:09:02
23.0,21.0,35.8,47.0,0,0,2026-09-08 10:09:09
23.0,21.0,35.8,47.0,0,0,2026-09-08 10:09:09
23.0,21.0,35.8,47.0,0,0,2026-09-08 10:09:12
23.0,21.0,35.8,47.0,0,0,2026-09-08 10:09:12
23.0,21.0,35.8,48.0,0,0,2026-09-08 10:09:18
23.0,21.0,35.8,48.0,0,0,2026-09-08 10:09:18
23.0,21.0,35.8,48.0,0,0,2026-09-08 10:09:21
23.0,21.0,35.8,48.0,0,0,2026-09-08 10:09:21
23.0,21.0,35.8,48.0,0,0,2026-09-08 10:09:26
23.0,21.0,35.8,48.0,0,0,2026-09-08 10:09:27
23.0,21.0,35.8,49.0,0,0,2026-09-08 10:09:35
23.0,21.0,35.8,49.0,0,0,2026-09-08 10:09:35
23.0,21.0,35.8,50.0,0,0,2026-09-08 10:09:40
23.0,21.0,35.8,50.0,0,0,2026-09-08 10:09:40
23.0,22.0,35.8,51.0,0,0,2026-09-08 10:09:41
23.0,22.0,35.8,51.0,0,0,2026-09-08 10:09:41
22.0,21.0,35.8,52.0,1,2,2026-09-08 10:09:46
22.0,21.0,35.8,52.0,1,2,2026-09-08 10:09:46
22.0,20.0,35.8,53.0,0,0,2026-09-08 10:09:51
22.0,20.0,35.8,53.0,0,0,2026-09-08 10:09:51
24.0,22.0,35.8,54.0,0,0,2026-09-08 10:09:57
24.0,22.0,35.8,54.0,0,0,2026-09-08 10:09:57
22.0,20.0,35.8,54.0,0,0,2026-09-08 10:10:03
22.0,20.0,35.8,54.0,0,0,2026-09-08 10:10:03
22.0,20.0,35.8,53.0,0,0,2026-09-08 10:10:07
22.0,20.0,35.8,53.0,0,0,2026-09-08 10:10:07
21.0,20.0,35.8,51.0,1,2,2026-09-08 10:10:11
21.0,20.0,35.8,51.0,1,2,2026-09-08 10:10:11
21.0,20.0,35.8,50.0,0,0,2026-09-08 10:10:16
21.0,20.0,35.8,50.0,0,0,2026-09-08 10:10:16
23.0,22.0,35.8,49.0,0,0,2026-09-08 10:10:25
23.0,22.0,35.8,49.0,0,0,2026-09-08 10:10:25
23.0,22.0,35.8,49.0,0,0,2026-09-08 10:10:26
23.0,22.0,35.8,49.0,0,0,2026-09-08 10:10:26
21.0,20.0,35.8,49.0,0,0,2026-09-08 10:10:31
21.0,20.0,35.8,49.0,0,0,2026-09-08 10:10:31
21.0,20.0,35.8,48.0,0,0,2026-09-08 10:10:36
21.0,20.0,35.8,48.0,0,0,2026-09-08 10:10:36
21.0,20.0,35.8,48.0,0,0,2026-09-08 10:10:41
21.0,20.0,35.8,48.0,0,0,2026-09-08 10:10:41
22.0,20.0,35.8,50.0,0,0,2026-09-08 10:10:46
22.0,20.0,35.8,50.0,0,0,2026-09-08 10:10:46
24.0,22.0,35.8,51.0,0,0,2026-09-08 10:10:51
24.0,22.0,35.8,51.0,0,0,2026-09-08 10:10:51
24.0,22.0,35.8,51.0,0,0,2026-09-08 10:10:56
24.0,22.0,35.8,51.0,0,0,2026-09-08 10:10:56
23.0,22.0,35.8,51.0,0,0,2026-09-08 10:11:01
23.0,22.0,35.8,51.0,0,0,2026-09-08 10:11:01
23.0,22.0,35.8,50.0,0,0,2026-09-08 10:11:06
23.0,22.0,35.8,50.0,0,0,2026-09-08 10:11:06
22.0,22.0,35.8,49.0,0,0,2026-09-08 10:11:11
22.0,22.0,35.8,49.0,0,0,2026-09-08 10:11:11
21.0,22.0,35.8,49.0,0,0,2026-09-08 10:11:17
21.0,22.0,35.8,49.0,0,0,2026-09-08 10:11:17
21.0,21.0,35.7,48.0,0,0,2026-09-08 10:11:21
21.0,21.0,35.7,48.0,0,0,2026-09-08 10:11:21
21.0,21.0,35.7,47.0,0,0,2026-09-08 10:11:26
21.0,21.0,35.7,47.0,0,0,2026-09-08 10:11:26
22.0,21.0,35.7,48.0,0,0,2026-09-08 10:11:31
22.0,21.0,35.7,48.0,0,0,2026-09-08 10:11:31
22.0,21.0,35.7,49.0,0,0,2026-09-08 10:11:36
22.0,21.0,35.7,49.0,0,0,2026-09-08 10:11:36
22.0,21.0,35.7,49.0,0,0,2026-09-08 10:11:41
22.0,21.0,35.7,49.0,0,0,2026-09-08 10:11:41
22.0,21.0,35.7,50.0,0,0,2026-09-08 10:11:46
22.0,21.0,35.7,50.0,0,0,2026-09-08 10:11:46
21.0,21.0,35.7,50.0,0,0,2026-09-08 10:11:51
21.0,21.0,35.7,50.0,0,0,2026-09-08 10:11:51
21.0,21.0,35.7,48.0,0,0,2026-09-08 10:11:56
21.0,21.0,35.7,48.0,0,0,2026-09-08 10:11:56
21.0,21.0,35.7,47.0,0,0,2026-09-08 10:12:01
21.0,21.0,35.7,47.0,0,0,2026-09-08 10:12:01
21.0,21.0,35.7,48.0,0,0,2026-09-08 10:12:06
21.0,21.0,35.7,48.0,0,0,2026-09-08 10:12:06
21.0,21.0,35.7,48.0,0,0,2026-09-08 10:12:11
21.0,21.0,35.7,48.0,0,0,2026-09-08 10:12:11
22.0,21.0,35.7,48.0,0,0,2026-09-08 10:12:16
22.0,21.0,35.7,48.0,0,0,2026-09-08 10:12:16
22.0,21.0,35.7,49.0,0,0,2026-09-08 10:12:21
22.0,21.0,35.7,49.0,0,0,2026-09-08 10:12:21
21.0,21.0,35.7,49.0,0,0,2026-09-08 10:12:26
21.0,21.0,35.7,49.0,0,0,2026-09-08 10:12:26
21.0,21.0,35.7,49.0,0,0,2026-09-08 10:12:31
21.0,21.0,35.7,49.0,0,0,2026-09-08 10:12:39
21.0,21.0,35.7,48.0,0,0,2026-09-08 10:12:41
21.0,21.0,35.7,49.0,0,0,2026-09-08 10:12:46
21.0,21.0,35.7,49.0,0,0,2026-09-08 10:12:46
21.0,21.0,35.7,49.0,0,0,2026-09-08 10:12:51
21.0,21.0,35.7,49.0,0,0,2026-09-08 10:12:51
21.0,21.0,35.7,49.0,0,0,2026-09-08 10:12:56
21.0,21.0,35.7,49.0,0,0,2026-09-08 10:12:56
21.0,21.0,35.7,49.0,0,0,2026-09-08 10:13:02
21.0,21.0,35.7,49.0,0,0,2026-09-08 10:13:03
21.0,21.0,35.7,49.0,0,0,2026-09-08 10:13:06
21.0,21.0,35.7,49.0,0,0,2026-09-08 10:13:06
21.0,21.0,25.0,50.0,0,0,2026-09-08 10:13:13
21.0,21.0,25.0,50.0,0,0,2026-09-08 10:13:13
21.0,13.0,25.0,50.0,0,0,2026-09-08 10:13:16
21.0,13.0,25.0,50.0,0,0,2026-09-08 10:13:18
21.0,18.0,25.0,50.0,0,0,2026-09-08 10:13:21
21.0,18.0,25.0,50.0,0,0,2026-09-08 10:13:21
21.0,20.0,25.0,50.0,0,0,2026-09-08 10:13:27
21.0,20.0,25.0,50.0,0,0,2026-09-08 10:13:27
20.0,21.0,25.0,50.0,0,0,2026-09-08 10:13:32
20.0,21.0,25.0,50.0,0,0,2026-09-08 10:13:32
20.0,21.0,25.0,50.0,0,0,2026-09-08 10:13:36
20.0,21.0,25.0,50.0,0,0,2026-09-08 10:13:36
20.0,22.0,25.0,50.0,0,0,2026-09-08 10:13:41
20.0,22.0,25.0,50.0,0,0,2026-09-08 10:13:41
20.0,22.0,25.0,50.0,0,0,2026-09-08 10:13:46
20.0,22.0,25.0,50.0,0,0,2026-09-08 10:13:47
20.0,21.0,25.0,50.0,0,0,2026-09-08 10:13:54
20.0,21.0,25.0,50.0,0,0,2026-09-08 10:13:58
21.0,21.0,25.0,50.0,0,0,2026-09-08 10:13:59
21.0,22.0,25.0,50.0,0,0,2026-09-08 10:14:04
20.0,21.0,25.0,50.0,0,0,2026-09-08 10:14:08
21.0,21.0,25.0,50.0,0,0,2026-09-08 10:14:09
21.0,22.0,25.0,50.0,0,0,2026-09-08 10:14:10
20.0,21.0,25.0,50.0,0,0,2026-09-08 10:14:11
21.0,21.0,25.0,50.0,0,0,2026-09-08 10:14:11
21.0,21.0,25.0,50.0,0,0,2026-09-08 10:14:12
20.0,21.0,25.0,50.0,0,0,2026-09-08 10:14:16
20.0,21.0,25.0,50.0,0,0,2026-09-08 10:14:16
21.0,21.0,25.0,50.0,0,0,2026-09-08 10:14:21
21.0,21.0,25.0,50.0,0,0,2026-09-08 10:14:21
20.0,21.0,25.0,50.0,0,0,2026-09-08 10:14:26
20.0,21.0,25.0,50.0,0,0,2026-09-08 10:14:26
21.0,21.0,25.0,50.0,0,0,2026-09-08 10:14:31
21.0,21.0,25.0,50.0,0,0,2026-09-08 10:14:31
21.0,21.0,25.0,50.0,0,0,2026-09-08 10:14:36
21.0,21.0,25.0,50.0,0,0,2026-09-08 10:14:36
22.0,21.0,25.0,50.0,0,0,2026-09-08 10:14:41
22.0,21.0,25.0,50.0,0,0,2026-09-08 10:14:41
21.0,21.0,35.7,49.0,0,0,2026-09-08 10:14:46
21.0,21.0,35.7,49.0,0,0,2026-09-08 10:14:46
22.0,21.0,35.7,50.0,0,0,2026-09-08 10:14:51
22.0,21.0,35.7,50.0,0,0,2026-09-08 10:14:51
22.0,21.0,35.7,51.0,0,0,2026-09-08 10:14:56
22.0,21.0,35.7,51.0,0,0,2026-09-08 10:14:56
22.0,21.0,35.7,51.0,0,0,2026-09-08 10:15:01
22.0,21.0,35.7,51.0,0,0,2026-09-08 10:15:02
22.0,21.0,35.7,51.0,0,0,2026-09-08 10:15:06
22.0,21.0,35.7,51.0,0,0,2026-09-08 10:15:06
21.0,21.0,35.7,51.0,0,0,2026-09-08 10:15:11
21.0,21.0,35.7,51.0,0,0,2026-09-08 10:15:11
21.0,21.0,35.7,51.0,0,0,2026-09-08 10:15:16
21.0,21.0,35.7,51.0,0,0,2026-09-08 10:15:16
21.0,21.0,35.7,51.0,0,0,2026-09-08 10:15:21
21.0,21.0,35.7,51.0,0,0,2026-09-08 10:15:22
22.0,21.0,35.7,51.0,0,0,2026-09-08 10:15:26
22.0,21.0,35.7,51.0,0,0,2026-09-08 10:15:27
22.0,21.0,35.7,52.0,0,0,2026-09-08 10:15:31
22.0,21.0,35.7,52.0,0,0,2026-09-08 10:15:31
22.0,21.0,35.7,51.0,0,0,2026-09-08 10:15:37
22.0,21.0,35.7,51.0,0,0,2026-09-08 10:15:37
21.0,21.0,35.7,50.0,0,0,2026-09-08 10:15:41
21.0,21.0,35.7,50.0,0,0,2026-09-08 10:15:41
20.0,21.0,35.7,48.0,0,0,2026-09-08 10:15:48
20.0,21.0,35.7,48.0,0,0,2026-09-08 10:15:48
20.0,21.0,35.7,48.0,0,0,2026-09-08 10:15:51
20.0,21.0,35.7,48.0,0,0,2026-09-08 10:15:51
20.0,20.0,35.6,47.0,0,0,2026-09-08 10:15:56
20.0,20.0,35.6,47.0,0,0,2026-09-08 10:15:56
20.0,20.0,35.6,46.0,0,0,2026-09-08 10:16:01
20.0,20.0,35.6,46.0,0,0,2026-09-08 10:16:02
21.0,20.0,35.6,47.0,0,0,2026-09-08 10:16:06
21.0,20.0,35.6,47.0,0,0,2026-09-08 10:16:06
21.0,20.0,35.6,46.0,0,0,2026-09-08 10:16:11
21.0,20.0,35.6,46.0,0,0,2026-09-08 10:16:11
22.0,21.0,35.6,46.0,0,0,2026-09-08 10:16:16
22.0,21.0,35.6,46.0,0,0,2026-09-08 10:16:16
22.0,21.0,35.7,47.0,0,0,2026-09-08 10:16:21
22.0,21.0,35.7,47.0,0,0,2026-09-08 10:16:21
22.0,21.0,35.7,47.0,0,0,2026-09-08 10:16:26
22.0,21.0,35.7,47.0,0,0,2026-09-08 10:16:26
22.0,21.0,35.7,48.0,0,0,2026-09-08 10:16:31
22.0,21.0,35.7,48.0,0,0,2026-09-08 10:16:31
22.0,21.0,35.7,49.0,0,0,2026-09-08 10:16:36
22.0,21.0,35.7,49.0,0,0,2026-09-08 10:16:36
23.0,21.0,35.7,49.0,0,0,2026-09-08 10:16:41
23.0,21.0,35.7,49.0,0,0,2026-09-08 10:16:41
22.0,21.0,35.7,50.0,0,0,2026-09-08 10:16:46
22.0,21.0,35.7,50.0,0,0,2026-09-08 10:16:46
23.0,21.0,35.7,50.0,0,0,2026-09-08 10:16:51
23.0,21.0,35.7,50.0,0,0,2026-09-08 10:16:52
22.0,21.0,35.7,50.0,0,0,2026-09-08 10:16:56
22.0,21.0,35.7,50.0,0,0,2026-09-08 10:16:56
23.0,21.0,35.6,50.0,0,0,2026-09-08 10:17:04
23.0,21.0,35.6,50.0,0,0,2026-09-08 10:17:05
23.0,21.0,35.7,50.0,0,0,2026-09-08 10:17:06
23.0,21.0,35.7,50.0,0,0,2026-09-08 10:17:06
23.0,21.0,35.7,50.0,0,0,2026-09-08 10:17:11
23.0,21.0,35.7,50.0,0,0,2026-09-08 10:17:11
22.0,21.0,35.7,51.0,0,0,2026-09-08 10:17:16
22.0,21.0,35.7,51.0,0,0,2026-09-08 10:17:16
23.0,21.0,35.6,51.0,0,0,2026-09-08 10:17:21
23.0,21.0,35.6,51.0,0,0,2026-09-08 10:17:21
23.0,21.0,35.7,51.0,0,0,2026-09-08 10:17:26
23.0,21.0,35.7,51.0,0,0,2026-09-08 10:17:26
23.0,21.0,35.6,51.0,0,0,2026-09-08 10:17:31
23.0,21.0,35.6,51.0,0,0,2026-09-08 10:17:31
22.0,17.0,35.7,52.0,0,0,2026-09-08 10:17:36
22.0,17.0,35.7,52.0,0,0,2026-09-08 10:17:36
24.0,21.0,35.7,54.0,0,0,2026-09-08 10:17:41
24.0,21.0,35.7,54.0,0,0,2026-09-08 10:17:41
25.0,22.0,35.7,55.0,0,0,2026-09-08 10:17:46
25.0,22.0,35.7,55.0,0,0,2026-09-08 10:17:46
25.0,23.0,35.7,56.0,0,0,2026-09-08 10:17:51
25.0,23.0,35.7,56.0,0,0,2026-09-08 10:17:51
24.0,24.0,35.7,57.0,0,0,2026-09-08 10:17:56
24.0,24.0,35.7,57.0,0,0,2026-09-08 10:17:56
23.0,24.0,35.7,56.0,0,0,2026-09-08 10:18:01
23.0,24.0,35.7,56.0,0,0,2026-09-08 10:18:01
23.0,23.0,35.7,55.0,0,0,2026-09-08 10:18:06
23.0,23.0,35.7,55.0,0,0,2026-09-08 10:18:06
23.0,23.0,35.7,54.0,0,0,2026-09-08 10:18:11
23.0,23.0,35.7,54.0,0,0,2026-09-08 10:18:11
23.0,23.0,35.7,54.0,0,0,2026-09-08 10:18:16
23.0,23.0,35.7,54.0,0,0,2026-09-08 10:18:16
23.0,23.0,35.7,54.0,0,0,2026-09-08 10:18:21
23.0,23.0,35.7,54.0,0,0,2026-09-08 10:18:21
23.0,22.0,35.7,52.0,0,0,2026-09-08 10:18:26
23.0,22.0,35.7,52.0,0,0,2026-09-08 10:18:26
24.0,22.0,35.7,51.0,0,0,2026-09-08 10:18:34
24.0,22.0,35.7,51.0,0,0,2026-09-08 10:18:34
23.0,22.0,35.7,52.0,0,0,2026-09-08 10:18:37
23.0,22.0,35.7,52.0,0,0,2026-09-08 10:18:37
23.0,22.0,35.7,52.0,0,0,2026-09-08 10:18:53
23.0,22.0,35.7,52.0,0,0,2026-09-08 10:18:55
23.0,22.0,35.7,52.0,0,0,2026-09-08 10:19:02
23.0,22.0,35.7,52.0,0,0,2026-09-08 10:19:05
23.0,22.0,35.7,51.0,0,0,2026-09-08 10:19:05
23.0,22.0,35.7,51.0,0,0,2026-09-08 10:19:05
24.0,22.0,35.7,51.0,0,0,2026-09-08 10:19:05
24.0,22.0,35.7,51.0,0,0,2026-09-08 10:19:05
24.0,22.0,35.7,50.0,0,0,2026-09-08 10:19:05
24.0,22.0,35.7,50.0,0,0,2026-09-08 10:19:05
23.0,22.0,35.7,49.0,0,0,2026-09-08 10:19:06
23.0,22.0,35.7,49.0,0,0,2026-09-08 10:19:06
23.0,21.0,35.7,49.0,0,0,2026-09-08 10:19:11
23.0,21.0,35.7,49.0,0,0,2026-09-08 10:19:11
22.0,21.0,35.6,49.0,0,0,2026-09-08 10:19:16
22.0,21.0,35.6,49.0,0,0,2026-09-08 10:19:16
22.0,21.0,35.6,49.0,0,0,2026-09-08 10:19:22
22.0,21.0,35.6,49.0,0,0,2026-09-08 10:19:22
22.0,21.0,35.6,48.0,0,0,2026-09-08 10:19:26
22.0,21.0,35.6,48.0,0,0,2026-09-08 10:19:26
22.0,21.0,35.6,48.0,0,0,2026-09-08 10:19:31
22.0,21.0,35.6,48.0,0,0,2026-09-08 10:19:31
22.0,21.0,35.6,48.0,0,0,2026-09-08 10:19:36
22.0,21.0,35.6,48.0,0,0,2026-09-08 10:19:36
22.0,21.0,35.6,49.0,0,0,2026-09-08 10:19:42
22.0,21.0,35.6,49.0,0,0,2026-09-08 10:19:42
22.0,21.0,35.6,50.0,0,0,2026-09-08 10:19:46
22.0,21.0,35.6,50.0,0,0,2026-09-08 10:19:46
22.0,21.0,35.6,50.0,0,0,2026-09-08 10:19:51
22.0,21.0,35.6,50.0,0,0,2026-09-08 10:19:51
22.0,21.0,35.6,49.0,0,0,2026-09-08 10:19:56
22.0,21.0,35.6,49.0,0,0,2026-09-08 10:19:56
22.0,21.0,35.6,49.0,0,0,2026-09-08 10:20:01
22.0,21.0,35.6,49.0,0,0,2026-09-08 10:20:01
22.0,21.0,35.6,49.0,0,0,2026-09-08 10:20:06
22.0,21.0,35.6,49.0,0,0,2026-09-08 10:20:06
22.0,21.0,35.6,50.0,0,0,2026-09-08 10:20:11
22.0,21.0,35.6,50.0,0,0,2026-09-08 10:20:11
22.0,21.0,35.7,50.0,0,0,2026-09-08 10:20:16
22.0,21.0,35.7,50.0,0,0,2026-09-08 10:20:16
23.0,21.0,35.6,49.0,0,0,2026-09-08 10:20:21
23.0,21.0,35.6,49.0,0,0,2026-09-08 10:20:21
23.0,21.0,35.6,49.0,0,0,2026-09-08 10:20:26
23.0,21.0,35.6,49.0,0,0,2026-09-08 10:20:26
23.0,21.0,35.6,50.0,0,0,2026-09-08 10:20:31
23.0,21.0,35.6,50.0,0,0,2026-09-08 10:20:31
23.0,21.0,35.6,51.0,0,0,2026-09-08 10:20:36
23.0,21.0,35.6,51.0,0,0,2026-09-08 10:20:36
24.0,21.0,35.7,53.0,0,0,2026-09-08 10:20:41
24.0,21.0,35.7,53.0,0,0,2026-09-08 10:20:41
24.0,21.0,35.7,54.0,0,0,2026-09-08 10:20:46
24.0,21.0,35.7,54.0,0,0,2026-09-08 10:20:46
24.0,21.0,35.6,52.0,0,0,2026-09-08 10:20:51
24.0,21.0,35.6,52.0,0,0,2026-09-08 10:20:51
24.0,21.0,35.6,53.0,0,0,2026-09-08 10:20:56
24.0,21.0,35.6,53.0,0,0,2026-09-08 10:20:56
24.0,21.0,35.6,53.0,0,0,2026-09-08 10:21:01
24.0,21.0,35.6,53.0,0,0,2026-09-08 10:21:01
24.0,21.0,35.6,53.0,0,0,2026-09-08 10:21:06
24.0,21.0,35.6,53.0,0,0,2026-09-08 10:21:06
23.0,21.0,35.6,53.0,0,0,2026-09-08 10:21:11
23.0,21.0,35.6,53.0,0,0,2026-09-08 10:21:12
23.0,21.0,35.6,52.0,0,0,2026-09-08 10:21:16
23.0,21.0,35.6,52.0,0,0,2026-09-08 10:21:16
23.0,21.0,35.6,52.0,0,0,2026-09-08 10:21:21
23.0,21.0,35.6,52.0,0,0,2026-09-08 10:21:21
23.0,21.0,35.6,52.0,0,0,2026-09-08 10:21:26
23.0,21.0,35.6,52.0,0,0,2026-09-08 10:21:26
23.0,21.0,35.6,52.0,0,0,2026-09-08 10:21:32
23.0,21.0,35.6,52.0,0,0,2026-09-08 10:21:32
23.0,21.0,35.6,52.0,0,0,2026-09-08 10:21:41
23.0,21.0,35.6,52.0,0,0,2026-09-08 10:21:42
22.0,21.0,35.6,52.0,0,0,2026-09-08 10:21:44
22.0,21.0,35.6,52.0,0,0,2026-09-08 10:21:45
22.0,21.0,35.6,52.0,0,0,2026-09-08 10:21:48
22.0,21.0,35.6,52.0,0,0,2026-09-08 10:21:51
21.0,21.0,35.6,51.0,0,0,2026-09-08 10:21:53
21.0,21.0,35.6,50.0,0,0,2026-09-08 10:21:59
21.0,21.0,35.6,51.0,0,0,2026-09-08 10:21:59
21.0,20.0,35.6,49.0,0,0,2026-09-08 10:22:01
21.0,21.0,35.6,50.0,0,0,2026-09-08 10:22:02
21.0,20.0,35.6,49.0,0,0,2026-09-08 10:22:04
21.0,20.0,35.6,48.0,0,0,2026-09-08 10:22:06
21.0,20.0,35.6,48.0,0,0,2026-09-08 10:22:06
20.0,20.0,35.6,48.0,0,0,2026-09-08 10:22:11
20.0,20.0,35.6,48.0,0,0,2026-09-08 10:22:11
21.0,20.0,35.6,48.0,0,0,2026-09-08 10:22:16
21.0,20.0,35.6,48.0,0,0,2026-09-08 10:22:16
20.0,20.0,35.6,48.0,0,0,2026-09-08 10:22:21
20.0,20.0,35.6,48.0,0,0,2026-09-08 10:22:21
21.0,20.0,35.6,48.0,0,0,2026-09-08 10:22:26
21.0,20.0,35.6,48.0,0,0,2026-09-08 10:22:26
20.0,20.0,35.6,49.0,0,0,2026-09-08 10:22:31
20.0,20.0,35.6,49.0,0,0,2026-09-08 10:22:31
20.0,20.0,35.6,48.0,0,0,2026-09-08 10:22:36
20.0,20.0,35.6,48.0,0,0,2026-09-08 10:22:36
20.0,20.0,35.6,48.0,0,0,2026-09-08 10:22:41
20.0,20.0,35.6,48.0,0,0,2026-09-08 10:22:41
20.0,20.0,35.6,48.0,0,0,2026-09-08 10:22:46
20.0,20.0,35.6,48.0,0,0,2026-09-08 10:22:46
20.0,20.0,35.6,48.0,0,0,2026-09-08 10:22:51
20.0,20.0,35.6,48.0,0,0,2026-09-08 10:22:51
20.0,20.0,35.6,47.0,0,0,2026-09-08 10:22:56
20.0,20.0,35.6,47.0,0,0,2026-09-08 10:22:56
20.0,20.0,35.6,47.0,0,0,2026-09-08 10:23:02
20.0,20.0,35.6,47.0,0,0,2026-09-08 10:23:02
20.0,20.0,35.6,47.0,0,0,2026-09-08 10:23:06
20.0,20.0,35.6,47.0,0,0,2026-09-08 10:23:06
19.0,20.0,25.0,50.0,0,0,2026-09-08 10:23:11
19.0,20.0,25.0,50.0,0,0,2026-09-08 10:23:11
19.0,20.0,35.6,46.0,0,0,2026-09-08 10:23:16
19.0,20.0,35.6,45.0,0,0,2026-09-08 10:23:21
19.0,20.0,35.6,45.0,0,0,2026-09-08 10:23:21
20.0,20.0,35.6,45.0,0,0,2026-09-08 10:23:26
20.0,20.0,35.6,45.0,0,0,2026-09-08 10:23:31
21.0,20.0,25.0,50.0,0,0,2026-09-08 10:23:36
20.0,20.0,35.6,46.0,0,0,2026-09-08 10:23:41
