Gas,CO,Temperature,Humidity,Flame,RiskLevel,Source
73.49,16.04,25.98,67.42,0,0,Synthetic
13.53,20.94,18.18,48.15,0,0,Synthetic
178.11,9.34,21.66,67.36,0,0,Synthetic
61.81,38.46,29.48,56.76,0,0,Synthetic
279.63,80.69,24.69,48.09,0,0,Synthetic
585.67,110.6,40.0,53.58,0,2,Synthetic
184.79,7.48,26.59,71.75,0,0,Synthetic
242.44,11.25,26.91,74.12,0,0,Synthetic
683.91,73.59,52.52,49.64,1,2,Synthetic
76.3,1.18,36.99,43.36,0,0,Synthetic
93.87,6.45,29.75,68.78,0,0,Synthetic
248.54,30.57,16.48,45.82,0,0,Synthetic
204.85,20.18,24.56,39.99,0,0,Synthetic
243.95,13.93,28.9,70.46,0,0,Synthetic
18.37,15.27,29.57,57.93,0,0,Synthetic
933.83,73.51,30.13,83.33,0,1,Synthetic
218.21,23.81,26.42,66.19,0,0,Synthetic
375.61,11.86,51.28,91.61,0,1,Synthetic
530.21,37.89,35.07,56.25,0,0,Synthetic
124.84,11.05,16.35,38.0,0,0,Synthetic
223.01,11.14,26.02,44.84,0,0,Synthetic
195.49,8.18,24.18,36.99,0,0,Synthetic
190.69,0.0,29.61,50.87,0,0,Synthetic
100.25,0.8,15.82,44.9,0,0,Synthetic
426.72,155.71,35.49,77.04,0,1,Synthetic
92.89,11.72,22.28,49.32,0,0,Synthetic
245.95,28.31,26.39,66.65,0,0,Synthetic
348.67,59.18,26.4,51.0,0,0,Synthetic
69.18,25.38,24.57,34.46,0,0,Synthetic
204.26,31.25,31.68,48.05,0,0,Synthetic
479.79,19.6,30.3,92.3,0,0,Synthetic
330.14,24.84,34.7,50.99,0,0,Synthetic
395.8,30.86,33.53,76.86,0,0,Synthetic
222.84,9.15,33.03,70.95,0,0,Synthetic
221.77,19.39,27.47,60.72,0,0,Synthetic
487.38,46.43,40.69,82.02,0,1,Synthetic
306.14,39.62,37.83,72.11,0,0,Synthetic
242.39,16.7,26.2,94.7,0,0,Synthetic
174.51,96.38,29.46,69.84,0,0,Synthetic
211.32,0.34,28.34,67.86,0,0,Synthetic
179.76,22.64,30.03,58.26,0,0,Synthetic
26.63,19.49,23.36,57.33,0,0,Synthetic
155.27,16.7,29.42,37.63,0,0,Synthetic
336.25,47.28,33.53,55.83,0,0,Synthetic
62.71,3.88,24.83,45.16,0,0,Synthetic
167.32,14.32,32.47,52.75,0,0,Synthetic
125.53,19.31,21.2,51.86,0,0,Synthetic
11.66,14.89,33.86,72.39,0,0,Synthetic
438.63,109.11,36.57,55.21,0,1,Synthetic
272.99,106.98,38.27,64.04,0,1,Synthetic
173.53,5.59,27.63,34.34,0,0,Synthetic
605.9,36.85,26.58,71.39,0,0,Synthetic
730.59,135.53,50.86,46.18,1,2,Synthetic
1048.13,56.46,47.64,64.73,0,2,Synthetic
219.85,3.57,14.68,73.18,0,0,Synthetic
635.56,34.94,29.45,63.62,0,0,Synthetic
298.41,39.02,41.58,89.98,0,0,Synthetic
251.72,76.31,43.35,56.5,0,1,Synthetic
314.08,30.68,32.48,48.16,0,0,Synthetic
155.04,3.42,16.65,64.57,0,0,Synthetic
132.04,9.71,13.17,53.39,0,0,Synthetic
947.83,40.53,29.65,42.96,0,1,Synthetic
196.83,27.36,29.67,42.63,0,0,Synthetic
101.58,8.39,28.17,56.17,0,0,Synthetic
367.69,17.59,28.91,32.1,0,0,Synthetic
76.88,17.64,22.09,63.58,0,0,Synthetic
278.59,10.17,39.57,72.53,0,0,Synthetic
529.66,34.45,37.7,59.09,0,0,Synthetic
551.88,33.14,31.51,63.97,0,0,Synthetic
181.95,60.25,32.0,52.16,0,0,Synthetic
254.36,15.91,32.04,49.33,0,0,Synthetic
307.28,78.26,29.58,57.17,0,0,Synthetic
200.22,41.43,42.74,66.04,0,0,Synthetic
403.09,57.17,36.7,78.86,0,0,Synthetic
564.56,41.56,32.15,60.34,0,0,Synthetic
298.92,26.68,46.44,64.79,0,0,Synthetic
77.49,27.36,22.93,56.94,0,0,Synthetic
241.52,19.77,24.94,71.42,0,0,Synthetic
86.73,21.08,23.79,47.2,0,0,Synthetic
80.88,13.39,21.46,85.66,0,0,Synthetic
116.03,7.11,27.78,46.86,0,0,Synthetic
207.88,34.52,29.39,45.32,0,0,Synthetic
374.87,54.83,37.91,77.0,0,0,Synthetic
377.53,31.24,45.95,77.08,0,0,Synthetic
85.05,17.89,30.2,86.44,0,0,Synthetic
11.1,10.74,25.52,69.83,0,0,Synthetic
277.56,10.78,28.76,83.68,0,0,Synthetic
273.61,71.54,24.15,59.58,0,0,Synthetic
190.29,14.79,23.84,74.07,0,0,Synthetic
214.48,34.5,17.32,50.0,0,0,Synthetic
291.54,21.49,23.69,84.81,0,0,Synthetic
156.82,17.2,21.11,76.85,0,0,Synthetic
624.18,47.28,29.99,61.7,0,0,Synthetic
167.78,9.27,29.96,63.64,0,0,Synthetic
600.43,42.09,36.59,68.84,0,1,Synthetic
104.76,14.53,26.96,43.14,0,0,Synthetic
69.28,20.76,23.26,76.11,0,0,Synthetic
80.52,14.99,30.19,75.42,0,0,Synthetic
276.81,23.45,22.15,59.56,0,0,Synthetic
248.62,22.1,17.84,49.8,0,0,Synthetic
161.8,19.46,24.51,38.6,0,0,Synthetic
200.29,11.79,34.15,58.92,0,0,Synthetic
218.25,14.72,28.57,53.87,0,0,Synthetic
248.11,31.62,25.02,68.1,0,0,Synthetic
230.99,17.65,25.72,59.62,0,0,Synthetic
344.19,38.07,50.15,53.37,0,0,Synthetic
182.43,4.29,28.52,51.73,0,0,Synthetic
346.99,98.32,26.75,49.3,0,0,Synthetic
620.95,32.94,20.97,84.57,0,0,Synthetic
314.42,75.91,38.37,54.72,0,1,Synthetic
126.12,8.66,27.18,82.3,0,0,Synthetic
614.18,160.7,33.3,44.18,0,1,Synthetic
160.87,19.06,26.03,82.39,0,0,Synthetic
236.37,83.41,29.15,61.72,0,0,Synthetic
558.25,24.98,43.39,49.09,0,1,Synthetic
291.74,7.59,17.97,51.64,0,0,Synthetic
579.0,51.48,36.44,55.24,0,1,Synthetic
53.7,6.28,35.37,61.97,0,0,Synthetic
51.93,13.86,23.28,50.23,0,0,Synthetic
219.45,1.88,17.27,25.59,0,0,Synthetic
223.23,5.74,25.42,65.56,0,0,Synthetic
93.53,11.24,27.15,60.42,0,0,Synthetic
275.74,22.97,32.66,58.23,0,0,Synthetic
504.72,161.76,37.45,68.54,0,2,Synthetic
199.97,12.31,17.25,49.08,0,0,Synthetic
254.74,7.26,24.49,48.44,0,0,Synthetic
36.24,20.11,26.17,83.11,0,0,Synthetic
321.08,68.85,23.85,63.11,0,0,Synthetic
418.52,50.74,37.8,67.68,0,0,Synthetic
255.05,16.15,37.99,84.85,0,0,Synthetic
159.96,22.35,30.9,70.13,0,0,Synthetic
99.72,10.19,26.13,57.06,0,0,Synthetic
152.17,5.82,32.51,87.34,0,0,Synthetic
176.14,11.43,23.87,54.59,0,0,Synthetic
164.19,23.01,18.89,75.1,0,0,Synthetic
125.03,17.94,27.1,51.81,0,0,Synthetic
57.1,19.98,18.15,57.16,0,0,Synthetic
240.23,18.84,30.49,96.55,0,0,Synthetic
299.4,19.24,25.97,65.11,0,0,Synthetic
206.48,20.5,31.04,49.6,0,0,Synthetic
1182.77,87.42,33.61,73.85,0,2,Synthetic
221.8,10.6,23.01,37.29,0,0,Synthetic
380.18,100.27,25.82,60.77,0,1,Synthetic
508.11,37.35,32.12,75.83,0,0,Synthetic
246.75,11.52,29.33,32.14,0,0,Synthetic
142.93,18.13,24.11,52.7,0,0,Synthetic
237.54,20.82,26.47,40.77,0,0,Synthetic
367.22,195.63,28.53,70.99,0,1,Synthetic
177.39,16.22,27.41,56.51,0,0,Synthetic
48.17,13.26,26.69,46.68,0,0,Synthetic
123.21,16.16,27.25,73.9,0,0,Synthetic
156.51,18.73,24.8,83.76,0,0,Synthetic
380.38,49.11,42.33,78.13,0,1,Synthetic
126.66,1.45,23.7,84.36,0,0,Synthetic
479.94,52.14,40.69,75.47,0,0,Synthetic
413.33,164.53,27.25,51.87,0,1,Synthetic
333.2,32.48,46.68,63.64,0,0,Synthetic
135.96,25.76,36.82,62.32,0,0,Synthetic
69.4,23.36,31.52,54.24,0,0,Synthetic
467.85,30.48,29.04,54.87,0,0,Synthetic
282.08,34.26,42.53,56.49,0,0,Synthetic
198.48,27.74,21.74,50.9,0,0,Synthetic
82.49,11.97,30.47,51.48,0,0,Synthetic
1070.67,86.05,31.29,68.02,0,2,Synthetic
154.56,12.04,29.14,36.69,0,0,Synthetic
178.72,15.15,24.4,56.61,0,0,Synthetic
437.94,36.2,27.73,54.88,0,0,Synthetic
295.13,32.44,44.44,82.53,0,0,Synthetic
101.75,14.48,22.32,45.62,0,0,Synthetic
108.15,10.89,21.15,58.6,0,0,Synthetic
422.24,20.9,36.83,85.61,0,0,Synthetic
207.41,11.45,32.76,90.84,0,0,Synthetic
406.52,35.43,37.87,75.31,0,0,Synthetic
267.73,16.06,28.4,59.33,0,0,Synthetic
376.17,8.47,17.25,62.36,0,0,Synthetic
232.93,13.07,31.93,59.24,0,0,Synthetic
285.88,20.46,21.03,74.36,0,0,Synthetic
266.1,11.58,21.77,68.66,0,0,Synthetic
419.4,47.21,32.68,63.9,0,0,Synthetic
240.83,1.09,21.09,53.01,0,0,Synthetic
206.57,7.58,30.23,49.6,0,0,Synthetic
256.1,14.76,23.28,64.3,0,0,Synthetic
237.86,24.86,34.7,94.94,0,0,Synthetic
332.08,3.58,24.04,56.7,0,0,Synthetic
657.38,27.33,31.7,69.75,0,1,Synthetic
162.63,3.24,22.77,88.18,0,0,Synthetic
184.72,25.74,32.07,90.04,0,0,Synthetic
607.15,37.88,36.95,59.56,0,1,Synthetic
164.87,13.97,25.7,60.37,0,0,Synthetic
97.79,18.25,22.55,51.65,0,0,Synthetic
873.05,100.86,44.38,76.3,0,2,Synthetic
222.33,3.3,24.36,42.96,0,0,Synthetic
91.32,10.34,28.98,48.19,0,0,Synthetic
145.58,16.82,20.62,57.29,0,0,Synthetic
530.43,59.13,39.88,45.45,0,1,Synthetic
231.93,19.57,29.55,53.08,0,0,Synthetic
121.52,12.0,24.22,72.1,0,0,Synthetic
449.36,42.23,37.3,77.73,0,0,Synthetic
456.18,44.21,37.78,68.02,0,0,Synthetic
708.58,185.87,50.73,16.32,1,2,Synthetic
34.32,2.95,23.09,41.67,0,0,Synthetic
510.1,51.38,39.59,56.86,0,1,Synthetic
143.01,27.76,24.74,58.17,0,0,Synthetic
375.89,52.42,37.76,79.58,0,0,Synthetic
229.92,109.27,21.75,59.63,0,1,Synthetic
267.9,9.99,23.67,53.15,0,0,Synthetic
102.75,14.26,26.03,57.66,0,0,Synthetic
143.32,26.53,29.54,58.51,0,0,Synthetic
199.09,19.06,23.37,79.64,0,0,Synthetic
199.49,30.05,41.16,75.29,0,0,Synthetic
349.05,191.46,42.13,49.47,0,1,Synthetic
332.4,158.36,37.86,54.16,0,1,Synthetic
132.52,20.22,24.41,64.33,0,0,Synthetic
258.51,10.38,29.3,75.43,0,0,Synthetic
208.96,5.22,28.35,60.0,0,0,Synthetic
587.79,189.08,41.53,30.34,1,2,Synthetic
207.73,0.0,29.83,44.32,0,0,Synthetic
237.23,17.04,26.46,61.52,0,0,Synthetic
377.16,35.59,48.13,97.71,0,0,Synthetic
142.97,8.79,27.48,60.85,0,0,Synthetic
6.03,28.05,25.08,32.78,0,0,Synthetic
113.36,11.39,22.85,55.04,0,0,Synthetic
208.35,12.32,29.17,52.16,0,0,Synthetic
179.96,16.67,25.07,63.21,0,0,Synthetic
492.2,164.13,33.79,45.72,0,1,Synthetic
40.81,18.3,35.33,64.33,0,0,Synthetic
671.73,120.59,67.7,61.09,1,2,Synthetic
287.75,22.01,17.95,52.37,0,0,Synthetic
129.24,0.46,24.4,61.24,0,0,Synthetic
703.41,141.41,56.8,15.78,1,2,Synthetic
436.61,53.59,36.5,69.53,0,0,Synthetic
356.08,35.81,40.75,68.56,0,0,Synthetic
507.89,49.27,33.72,68.47,0,0,Synthetic
269.6,18.14,30.63,58.68,0,0,Synthetic
328.55,68.77,30.97,47.84,0,0,Synthetic
224.94,23.94,20.25,48.15,0,0,Synthetic
214.64,7.16,25.75,26.33,0,0,Synthetic
150.45,16.76,26.39,90.34,0,0,Synthetic
165.92,2.34,19.87,60.3,0,0,Synthetic
11.08,25.44,29.14,55.11,0,0,Synthetic
374.18,40.99,34.14,80.85,0,0,Synthetic
538.34,24.76,41.1,58.66,0,1,Synthetic
444.51,48.98,31.56,74.4,0,0,Synthetic
240.63,26.83,23.24,54.54,0,0,Synthetic
108.36,13.64,29.52,48.87,0,0,Synthetic
111.8,24.8,31.57,63.32,0,0,Synthetic
312.87,54.6,37.48,45.47,0,0,Synthetic
394.94,107.24,35.17,55.87,0,1,Synthetic
128.2,3.43,24.82,67.16,0,0,Synthetic
204.06,3.08,28.4,57.9,0,0,Synthetic
234.31,2.08,27.45,62.11,0,0,Synthetic
202.34,14.33,23.53,63.92,0,0,Synthetic
226.98,21.46,19.64,80.43,0,0,Synthetic
419.08,11.92,38.15,57.5,0,0,Synthetic
254.36,15.25,16.55,38.07,0,0,Synthetic
440.77,54.17,51.64,71.91,0,1,Synthetic
139.54,17.19,28.13,80.4,0,0,Synthetic
178.48,34.26,44.57,67.21,0,0,Synthetic
297.65,21.6,25.93,62.65,0,0,Synthetic
671.96,37.68,35.98,58.77,0,1,Synthetic
106.15,7.55,17.5,53.28,0,0,Synthetic
105.97,5.19,21.93,49.75,0,0,Synthetic
231.85,10.91,17.98,53.62,0,0,Synthetic
79.15,5.24,25.93,31.99,0,0,Synthetic
254.16,20.05,22.29,64.61,0,0,Synthetic
303.36,9.69,29.52,51.36,0,0,Synthetic
1127.13,142.4,53.59,67.58,0,2,Synthetic
873.58,112.4,44.47,72.95,0,2,Synthetic
259.54,10.32,21.18,51.41,0,0,Synthetic
639.08,150.34,64.81,29.35,1,2,Synthetic
939.78,160.64,51.78,77.78,0,2,Synthetic
316.53,62.81,24.06,82.1,0,0,Synthetic
6.48,26.79,24.16,80.34,0,0,Synthetic
243.98,25.97,45.15,57.03,0,0,Synthetic
283.59,16.49,20.96,86.09,0,0,Synthetic
481.8,50.18,38.95,66.76,0,0,Synthetic
23.65,8.5,29.66,49.34,0,0,Synthetic
202.68,12.62,18.0,70.31,0,0,Synthetic
86.76,27.74,29.75,51.56,0,0,Synthetic
120.3,21.68,24.3,57.28,0,0,Synthetic
236.55,14.56,31.2,45.4,0,0,Synthetic
196.23,3.97,36.01,82.07,0,0,Synthetic
163.22,19.06,22.26,53.83,0,0,Synthetic
33.59,19.74,26.04,25.63,0,0,Synthetic
495.73,52.67,35.0,82.96,0,0,Synthetic
189.42,23.32,32.84,61.55,0,0,Synthetic
241.23,27.75,28.23,41.82,0,0,Synthetic
309.74,40.39,31.56,49.12,0,0,Synthetic
327.43,14.87,44.9,64.32,0,0,Synthetic
187.03,23.07,27.93,57.55,0,0,Synthetic
155.09,27.68,15.8,58.29,0,0,Synthetic
439.68,53.12,29.89,59.35,0,0,Synthetic
193.91,0.0,19.64,50.24,0,0,Synthetic
187.92,17.48,23.17,53.23,0,0,Synthetic
154.4,11.83,17.77,72.65,0,0,Synthetic
225.27,12.12,21.1,59.46,0,0,Synthetic
533.45,175.31,38.19,63.36,0,2,Synthetic
803.34,126.51,44.47,55.96,0,2,Synthetic
351.7,33.16,36.01,73.24,0,0,Synthetic
69.46,14.32,22.7,87.88,0,0,Synthetic
266.01,11.48,34.62,56.41,0,0,Synthetic
524.3,25.31,35.56,80.4,0,1,Synthetic
376.07,56.3,41.62,80.49,0,1,Synthetic
308.71,23.51,21.72,62.56,0,0,Synthetic
344.34,16.43,40.73,63.99,0,0,Synthetic
221.58,19.15,24.06,87.32,0,0,Synthetic
31.18,26.95,24.37,64.4,0,0,Synthetic
225.54,29.76,35.02,90.97,0,0,Synthetic
602.8,57.91,27.08,57.28,0,1,Synthetic
218.05,3.32,21.07,55.33,0,0,Synthetic
272.16,3.05,17.26,49.39,0,0,Synthetic
188.57,4.95,17.78,68.24,0,0,Synthetic
462.33,38.61,37.18,73.87,0,0,Synthetic
219.36,27.32,36.63,43.17,0,0,Synthetic
195.32,10.4,17.18,58.36,0,0,Synthetic
217.61,15.99,28.19,59.26,0,0,Synthetic
518.24,159.14,31.3,51.69,0,1,Synthetic
0.0,0.0,21.49,46.21,0,0,Synthetic
562.23,39.63,44.01,53.24,0,1,Synthetic
291.04,16.23,47.61,63.95,0,0,Synthetic
131.47,7.81,25.86,67.56,0,0,Synthetic
7.68,21.42,21.47,50.29,0,0,Synthetic
503.97,32.26,45.16,70.46,0,1,Synthetic
364.59,44.07,33.11,78.59,0,0,Synthetic
99.33,13.64,14.02,77.73,0,0,Synthetic
416.41,59.43,38.93,63.39,0,1,Synthetic
120.26,2.35,24.54,47.4,0,0,Synthetic
170.22,30.34,33.25,57.87,0,0,Synthetic
153.28,12.67,24.63,41.33,0,0,Synthetic
168.66,25.3,30.69,52.73,0,0,Synthetic
145.74,10.46,26.45,49.18,0,0,Synthetic
196.38,39.94,26.82,91.74,0,0,Synthetic
113.47,29.59,30.79,73.13,0,0,Synthetic
74.29,22.35,20.21,64.51,0,0,Synthetic
113.37,18.11,22.1,53.26,0,0,Synthetic
159.48,16.18,23.7,57.34,0,0,Synthetic
104.21,12.55,25.14,42.54,0,0,Synthetic
12.24,0.0,28.12,68.54,0,0,Synthetic
115.95,26.81,34.62,38.27,0,0,Synthetic
159.42,0.0,32.72,50.63,0,0,Synthetic
288.54,70.08,27.38,57.26,0,0,Synthetic
931.9,134.12,50.7,76.0,0,2,Synthetic
165.21,0.0,21.53,34.36,0,0,Synthetic
660.43,107.36,63.25,32.3,1,2,Synthetic
341.32,62.03,28.2,63.81,0,0,Synthetic
257.8,16.06,35.68,51.61,0,0,Synthetic
283.53,11.84,25.56,86.99,0,0,Synthetic
155.59,15.37,28.94,37.44,0,0,Synthetic
462.61,43.77,37.16,77.56,0,0,Synthetic
828.72,60.52,35.38,44.4,0,1,Synthetic
3.43,0.0,25.64,68.35,0,0,Synthetic
582.45,34.23,32.39,58.53,0,0,Synthetic
179.03,18.13,21.01,52.69,0,0,Synthetic
400.48,55.72,41.37,76.99,0,0,Synthetic
117.3,22.3,17.74,62.14,0,0,Synthetic
164.76,0.0,25.88,48.9,0,0,Synthetic
217.92,51.34,25.59,53.66,0,0,Synthetic
121.83,19.66,22.55,80.43,0,0,Synthetic
225.76,1.68,27.68,43.39,0,0,Synthetic
191.89,11.79,21.42,47.54,0,0,Synthetic
1064.46,141.56,60.68,68.67,0,2,Synthetic
336.58,21.7,27.55,61.46,0,0,Synthetic
134.44,22.78,30.26,87.49,0,0,Synthetic
329.66,22.48,44.89,81.26,0,0,Synthetic
124.55,11.88,20.82,52.79,0,0,Synthetic
176.9,12.22,26.76,70.68,0,0,Synthetic
339.28,19.16,31.41,76.89,0,0,Synthetic
17.45,21.89,27.74,62.43,0,0,Synthetic
146.15,7.83,20.22,83.33,0,0,Synthetic
359.19,8.09,23.87,27.28,0,0,Synthetic
287.79,107.68,25.91,57.5,0,0,Synthetic
301.13,68.3,52.33,79.87,0,1,Synthetic
33.03,22.81,25.68,37.46,0,0,Synthetic
469.03,44.77,43.76,67.72,0,1,Synthetic
169.58,18.85,22.47,61.11,0,0,Synthetic
733.32,113.78,51.17,65.67,0,2,Synthetic
204.73,14.38,24.84,97.6,0,0,Synthetic
236.35,1.18,23.5,72.81,0,0,Synthetic
117.9,21.82,24.97,37.51,0,0,Synthetic
32.3,32.06,18.72,32.39,0,0,Synthetic
524.58,259.55,34.34,35.84,0,1,Synthetic
116.67,4.66,24.16,55.37,0,0,Synthetic
187.45,15.52,25.96,75.98,0,0,Synthetic
210.1,3.84,25.17,45.31,0,0,Synthetic
75.0,19.52,19.33,49.01,0,0,Synthetic
192.15,0.0,26.8,69.9,0,0,Synthetic
210.69,15.58,21.34,40.49,0,0,Synthetic
499.86,29.84,34.14,71.01,0,0,Synthetic
147.76,12.84,19.4,54.19,0,0,Synthetic
159.09,16.41,34.56,84.08,0,0,Synthetic
444.08,41.95,44.26,72.61,0,1,Synthetic
370.81,26.38,31.96,39.53,0,0,Synthetic
158.31,17.61,23.36,32.78,0,0,Synthetic
274.68,9.53,20.59,54.07,0,0,Synthetic
231.16,31.71,32.89,88.76,0,0,Synthetic
430.79,45.61,33.04,75.74,0,0,Synthetic
946.42,108.18,41.36,57.27,0,2,Synthetic
68.47,12.61,26.73,83.57,0,0,Synthetic
574.97,31.55,31.23,58.74,0,0,Synthetic
315.75,43.05,40.39,76.13,0,0,Synthetic
240.57,17.58,32.17,63.37,0,0,Synthetic
929.34,50.33,30.48,58.25,0,1,Synthetic
290.4,30.5,25.25,87.83,0,0,Synthetic
131.0,10.0,29.79,49.84,0,0,Synthetic
93.18,6.75,32.86,46.14,0,0,Synthetic
117.76,29.83,25.24,55.82,0,0,Synthetic
26.36,8.81,29.47,64.94,0,0,Synthetic
201.49,79.94,27.34,41.62,0,0,Synthetic
186.15,34.06,15.15,54.49,0,0,Synthetic
218.51,22.0,27.26,52.6,0,0,Synthetic
168.34,12.87,24.83,42.49,0,0,Synthetic
320.63,21.27,26.21,58.39,0,0,Synthetic
439.7,184.43,47.72,59.67,0,2,Synthetic
440.03,49.88,54.72,91.22,0,1,Synthetic
203.02,19.38,22.62,53.37,0,0,Synthetic
987.1,78.49,38.94,47.56,0,2,Synthetic
194.51,6.23,28.74,53.35,0,0,Synthetic
260.9,15.94,26.33,57.31,0,0,Synthetic
187.83,15.15,29.09,83.56,0,0,Synthetic
19.4,24.08,33.55,64.15,0,0,Synthetic
988.72,46.45,27.58,45.78,0,1,Synthetic
1055.34,75.22,63.41,20.17,1,2,Synthetic
1103.88,45.83,38.48,54.62,0,1,Synthetic
928.21,73.02,29.99,58.7,0,1,Synthetic
148.2,8.21,22.36,61.5,0,0,Synthetic
443.01,42.89,36.79,76.58,0,0,Synthetic
167.48,15.45,32.21,38.48,0,0,Synthetic
155.05,15.56,27.64,43.92,0,0,Synthetic
242.52,46.72,40.13,69.37,0,0,Synthetic
157.76,9.04,20.47,53.77,0,0,Synthetic
138.27,14.29,28.82,56.09,0,0,Synthetic
246.31,30.28,44.42,62.79,0,0,Synthetic
210.7,67.56,27.06,64.62,0,0,Synthetic
116.97,6.57,34.7,53.05,0,0,Synthetic
257.21,51.66,26.33,56.63,0,0,Synthetic
943.5,139.08,48.75,98.85,0,2,Synthetic
33.17,10.0,23.96,61.56,0,0,Synthetic
516.25,28.06,27.21,60.7,0,0,Synthetic
358.59,19.0,47.03,53.17,0,0,Synthetic
107.39,21.21,30.04,47.2,0,0,Synthetic
134.36,14.65,26.08,49.7,0,0,Synthetic
203.5,13.96,27.89,54.32,0,0,Synthetic
168.88,3.76,33.74,85.05,0,0,Synthetic
330.82,14.16,22.88,73.97,0,0,Synthetic
556.85,28.02,34.61,77.14,0,0,Synthetic
232.83,29.36,26.08,86.12,0,0,Synthetic
209.14,15.11,32.37,80.96,0,0,Synthetic
7.38,23.66,24.58,43.15,0,0,Synthetic
118.43,24.21,22.6,68.66,0,0,Synthetic
354.63,16.64,23.32,52.31,0,0,Synthetic
60.04,25.25,20.9,47.89,0,0,Synthetic
34.23,16.77,25.54,56.35,0,0,Synthetic
114.35,6.09,25.62,30.46,0,0,Synthetic
126.6,16.12,33.78,53.21,0,0,Synthetic
292.83,24.81,26.86,49.84,0,0,Synthetic
1204.83,148.21,46.82,73.26,0,2,Synthetic
152.31,36.37,27.99,58.44,0,0,Synthetic
10.75,7.79,22.59,57.21,0,0,Synthetic
107.11,13.36,22.77,52.15,0,0,Synthetic
224.21,16.79,29.53,59.06,0,0,Synthetic
192.09,25.19,28.21,71.44,0,0,Synthetic
7.77,3.4,28.0,62.65,0,0,Synthetic
348.04,35.64,61.41,86.73,0,1,Synthetic
370.62,33.91,57.36,91.89,0,1,Synthetic
497.34,49.52,35.21,80.0,0,0,Synthetic
152.51,11.65,25.95,43.74,0,0,Synthetic
336.41,29.11,42.67,77.27,0,0,Synthetic
409.75,39.02,36.29,82.7,0,0,Synthetic
461.28,4.87,33.88,77.62,0,0,Synthetic
50.42,20.01,19.3,67.92,0,0,Synthetic
346.1,26.63,37.64,42.39,0,0,Synthetic
483.71,42.52,36.66,65.12,0,0,Synthetic
335.41,10.53,32.0,59.58,0,0,Synthetic
14.41,25.43,24.24,61.37,0,0,Synthetic
386.99,145.04,33.24,52.09,0,1,Synthetic
877.31,83.02,53.27,50.39,1,2,Synthetic
236.5,42.5,47.4,74.98,0,0,Synthetic
244.33,83.1,27.85,61.52,0,0,Synthetic
534.7,42.44,35.07,64.82,0,0,Synthetic
302.5,16.33,28.16,77.87,0,0,Synthetic
481.91,30.69,46.63,87.0,0,1,Synthetic
107.27,15.06,21.5,62.61,0,0,Synthetic
209.03,11.8,22.75,49.39,0,0,Synthetic
936.26,140.12,52.38,70.19,0,2,Synthetic
67.5,21.64,27.81,65.31,0,0,Synthetic
327.99,53.28,32.21,69.29,0,0,Synthetic
178.3,10.44,23.72,58.45,0,0,Synthetic
6.96,20.12,21.99,32.42,0,0,Synthetic
178.2,22.24,35.75,65.84,0,0,Synthetic
393.27,49.91,36.37,91.36,0,0,Synthetic
261.79,20.15,24.14,52.71,0,0,Synthetic
386.61,43.96,35.11,80.14,0,0,Synthetic
308.05,152.06,23.87,41.33,0,1,Synthetic
147.06,23.36,23.2,68.59,0,0,Synthetic
380.57,55.45,54.22,63.22,0,1,Synthetic
75.6,0.0,19.48,47.32,0,0,Synthetic
400.94,12.68,38.95,52.97,0,0,Synthetic
89.96,15.24,16.87,36.6,0,0,Synthetic
467.15,43.45,52.98,76.06,0,1,Synthetic
243.09,13.38,29.7,60.32,0,0,Synthetic
113.29,19.96,37.5,64.14,0,0,Synthetic
291.58,0.0,27.83,56.64,0,0,Synthetic
227.02,2.96,23.71,39.65,0,0,Synthetic
282.91,6.14,29.25,47.94,0,0,Synthetic
495.69,54.84,26.23,51.83,0,0,Synthetic
228.15,146.38,36.71,60.54,0,1,Synthetic
866.15,113.01,41.93,73.08,0,2,Synthetic
43.26,13.9,28.3,33.0,0,0,Synthetic
34.44,25.93,23.61,67.66,0,0,Synthetic
75.55,4.54,18.82,54.9,0,0,Synthetic
166.2,9.64,27.52,47.15,0,0,Synthetic
574.43,121.53,56.99,70.72,1,2,Synthetic
187.71,21.12,21.56,93.74,0,0,Synthetic
124.08,6.75,28.5,64.18,0,0,Synthetic
141.67,23.53,27.3,59.66,0,0,Synthetic
200.1,10.51,19.22,42.84,0,0,Synthetic
121.74,24.21,27.08,62.04,0,0,Synthetic
501.35,39.86,35.58,46.87,0,0,Synthetic
158.17,3.86,23.4,61.31,0,0,Synthetic
367.67,16.75,26.27,60.05,0,0,Synthetic
297.69,0.19,30.45,62.71,0,0,Synthetic
745.37,132.51,37.28,66.69,0,2,Synthetic
319.11,4.91,16.07,48.43,0,0,Synthetic
116.05,16.93,25.11,48.26,0,0,Synthetic
512.5,25.26,37.61,65.14,0,0,Synthetic
385.22,135.07,36.38,50.16,0,1,Synthetic
283.54,1.89,42.34,59.96,0,0,Synthetic
194.8,21.07,26.88,73.22,0,0,Synthetic
406.25,40.6,35.95,83.17,0,0,Synthetic
94.92,14.38,25.81,54.33,0,0,Synthetic
256.79,6.13,20.99,51.52,0,0,Synthetic
6.35,1.44,24.91,50.48,0,0,Synthetic
804.18,109.04,46.49,36.38,1,2,Synthetic
127.89,10.12,21.35,39.93,0,0,Synthetic
904.69,157.77,46.62,67.0,0,2,Synthetic
299.7,72.8,25.09,66.25,0,0,Synthetic
104.34,10.68,17.55,50.72,0,0,Synthetic
279.46,92.95,28.67,52.38,0,0,Synthetic
61.25,18.67,38.32,58.31,0,0,Synthetic
59.02,7.41,26.54,35.74,0,0,Synthetic
105.77,15.73,21.62,79.53,0,0,Synthetic
95.17,5.08,26.56,29.5,0,0,Synthetic
383.38,35.62,23.81,38.65,0,0,Synthetic
128.98,16.76,29.75,77.68,0,0,Synthetic
186.45,18.59,21.59,56.62,0,0,Synthetic
422.99,126.04,40.08,50.67,0,1,Synthetic
182.43,20.64,27.31,74.46,0,0,Synthetic
6.09,12.62,31.26,31.4,0,0,Synthetic
93.45,0.0,20.37,51.18,0,0,Synthetic
109.15,12.95,26.2,44.91,0,0,Synthetic
205.31,31.12,27.63,38.01,0,0,Synthetic
287.49,9.98,17.67,64.77,0,0,Synthetic
451.56,19.27,40.6,65.87,0,0,Synthetic
1021.21,117.69,50.72,56.21,0,2,Synthetic
1002.08,38.89,33.77,66.61,0,1,Synthetic
233.78,18.15,15.84,75.93,0,0,Synthetic
152.36,0.0,26.96,65.16,0,0,Synthetic
385.27,168.28,36.82,47.67,0,1,Synthetic
196.74,29.26,26.26,35.27,0,0,Synthetic
448.17,44.35,21.38,65.05,0,0,Synthetic
464.8,57.53,38.41,91.84,0,0,Synthetic
149.3,14.02,25.22,40.53,0,0,Synthetic
792.34,154.2,40.16,77.14,0,2,Synthetic
282.23,42.52,43.81,51.24,0,0,Synthetic
178.64,16.6,36.31,51.65,0,0,Synthetic
124.05,0.0,22.66,61.21,0,0,Synthetic
226.11,23.69,29.63,66.93,0,0,Synthetic
164.93,26.68,30.65,53.99,0,0,Synthetic
167.66,18.48,22.7,83.25,0,0,Synthetic
206.09,17.97,26.77,75.32,0,0,Synthetic
276.93,17.36,30.47,80.66,0,0,Synthetic
162.34,17.74,26.24,62.58,0,0,Synthetic
393.92,63.13,54.88,68.49,0,1,Synthetic
161.82,45.4,31.64,87.61,0,0,Synthetic
1235.73,67.78,38.08,72.86,0,2,Synthetic
493.11,20.65,41.26,57.17,0,0,Synthetic
190.23,16.69,30.56,89.62,0,0,Synthetic
238.71,22.63,25.78,47.1,0,0,Synthetic
437.38,38.27,37.39,79.12,0,0,Synthetic
29.36,31.08,26.87,52.77,0,0,Synthetic
225.74,38.56,43.57,79.8,0,0,Synthetic
237.89,14.29,24.29,32.82,0,0,Synthetic
624.51,15.23,24.8,59.94,0,0,Synthetic
201.42,8.9,31.64,54.16,0,0,Synthetic
48.53,0.34,17.21,45.35,0,0,Synthetic
118.29,20.22,28.92,46.16,0,0,Synthetic
572.9,34.77,31.26,57.65,0,0,Synthetic
1181.69,64.96,29.12,38.68,0,1,Synthetic
76.84,14.68,31.59,63.94,0,0,Synthetic
180.79,9.92,27.71,54.4,0,0,Synthetic
328.04,52.57,52.25,75.25,0,1,Synthetic
121.33,22.73,23.53,69.59,0,0,Synthetic
336.68,16.93,57.35,89.19,0,0,Synthetic
225.98,16.26,33.0,70.04,0,0,Synthetic
99.57,3.46,19.44,83.59,0,0,Synthetic
856.27,134.86,45.72,63.29,0,2,Synthetic
143.85,12.31,24.19,58.42,0,0,Synthetic
232.86,0.0,24.49,81.36,0,0,Synthetic
269.15,30.65,23.48,27.86,0,0,Synthetic
283.61,58.95,26.49,44.69,0,0,Synthetic
120.25,14.42,28.14,49.49,0,0,Synthetic
247.0,1.27,23.6,44.25,0,0,Synthetic
371.27,24.03,20.76,87.85,0,0,Synthetic
144.57,8.66,23.79,75.61,0,0,Synthetic
184.87,22.95,23.17,93.23,0,0,Synthetic
44.29,8.11,32.4,62.29,0,0,Synthetic
129.19,6.66,24.78,62.02,0,0,Synthetic
372.63,51.22,44.04,87.16,0,0,Synthetic
435.14,49.12,35.81,72.88,0,0,Synthetic
53.11,17.91,25.2,77.91,0,0,Synthetic
249.56,2.37,23.17,76.15,0,0,Synthetic
314.92,49.54,39.27,53.0,0,0,Synthetic
73.57,26.94,33.0,63.36,0,0,Synthetic
49.17,10.7,28.36,68.68,0,0,Synthetic
210.01,16.43,32.35,85.15,0,0,Synthetic
79.9,1.55,30.37,37.74,0,0,Synthetic
86.62,21.12,22.62,53.48,0,0,Synthetic
301.75,22.15,30.75,93.27,0,0,Synthetic
830.31,128.53,54.51,61.63,1,2,Synthetic
563.94,103.43,40.39,62.11,0,2,Synthetic
579.73,54.55,24.69,56.71,0,0,Synthetic
592.35,180.56,63.7,35.34,1,2,Synthetic
233.92,6.12,23.34,66.5,0,0,Synthetic
223.31,7.09,31.8,80.76,0,0,Synthetic
163.77,0.69,19.04,51.02,0,0,Synthetic
113.89,1.95,27.07,46.05,0,0,Synthetic
457.5,36.44,40.46,54.8,0,0,Synthetic
220.43,27.23,30.8,55.65,0,0,Synthetic
198.79,8.66,24.02,39.56,0,0,Synthetic
108.87,23.0,25.13,43.55,0,0,Synthetic
375.16,118.9,33.21,42.81,0,1,Synthetic
306.36,17.57,25.07,51.36,0,0,Synthetic
479.81,201.96,39.21,59.26,0,1,Synthetic
41.49,5.47,32.8,75.63,0,0,Synthetic
1043.09,157.18,45.6,65.0,0,2,Synthetic
277.7,56.24,47.68,68.73,0,1,Synthetic
733.28,33.07,36.35,60.61,0,1,Synthetic
177.63,21.95,27.44,53.39,0,0,Synthetic
138.83,11.92,24.8,40.14,0,0,Synthetic
362.49,46.63,37.56,85.01,0,0,Synthetic
483.0,19.52,38.37,100.0,0,0,Synthetic
850.61,56.46,64.4,66.59,1,2,Synthetic
156.57,9.09,33.29,75.97,0,0,Synthetic
191.14,29.73,26.36,85.72,0,0,Synthetic
710.54,29.34,43.61,63.03,0,1,Synthetic
96.83,30.86,24.64,48.06,0,0,Synthetic
1193.02,89.3,36.18,59.75,0,2,Synthetic
300.5,13.36,30.99,20.71,0,0,Synthetic
271.88,20.58,28.73,53.14,0,0,Synthetic
109.38,7.68,31.59,48.76,0,0,Synthetic
187.16,0.0,22.16,54.06,0,0,Synthetic
300.73,28.49,23.01,78.71,0,0,Synthetic
1397.31,67.0,26.71,46.51,0,1,Synthetic
282.19,15.67,20.45,47.0,0,0,Synthetic
159.72,11.52,21.94,51.09,0,0,Synthetic
196.45,22.19,14.02,57.14,0,0,Synthetic
425.39,37.71,37.88,80.14,0,0,Synthetic
217.69,19.27,28.32,96.46,0,0,Synthetic
310.59,2.13,22.41,92.17,0,0,Synthetic
324.45,22.42,22.86,67.73,0,0,Synthetic
871.27,61.79,61.53,38.11,1,2,Synthetic
284.71,15.01,26.13,81.97,0,0,Synthetic
565.55,22.37,25.63,65.15,0,0,Synthetic
261.36,11.07,29.16,48.51,0,0,Synthetic
8.74,21.18,29.0,38.25,0,0,Synthetic
158.87,21.17,32.55,60.58,0,0,Synthetic
11.35,20.95,30.17,71.77,0,0,Synthetic
522.38,60.85,29.53,63.7,0,1,Synthetic
224.14,19.07,31.88,82.95,0,0,Synthetic
377.95,23.94,46.68,66.0,0,0,Synthetic
311.15,39.64,41.79,68.45,0,0,Synthetic
25.28,26.18,16.73,53.15,0,0,Synthetic
466.58,174.96,37.09,38.52,0,1,Synthetic
149.47,11.52,27.62,43.29,0,0,Synthetic
871.93,78.35,53.8,60.91,0,2,Synthetic
50.66,13.36,21.38,57.21,0,0,Synthetic
107.31,24.86,21.29,60.03,0,0,Synthetic
214.58,2.28,23.45,84.48,0,0,Synthetic
148.99,15.31,32.18,64.44,0,0,Synthetic
367.52,61.97,36.18,57.25,0,0,Synthetic
103.47,11.62,27.73,60.23,0,0,Synthetic
210.38,13.89,17.49,41.09,0,0,Synthetic
128.3,12.74,27.42,70.24,0,0,Synthetic
1158.65,153.49,50.39,70.57,0,2,Synthetic
114.01,35.49,33.89,55.66,0,0,Synthetic
678.46,158.39,61.14,52.83,0,2,Synthetic
112.2,9.38,25.84,50.32,0,0,Synthetic
214.65,25.15,28.01,67.77,0,0,Synthetic
243.81,8.13,18.01,47.0,0,0,Synthetic
421.55,13.99,39.93,61.44,0,0,Synthetic
545.35,38.66,33.13,72.48,0,0,Synthetic
389.83,62.0,45.54,80.93,0,1,Synthetic
108.35,20.09,28.26,45.12,0,0,Synthetic
6.22,11.09,29.54,70.39,0,0,Synthetic
307.49,21.93,56.28,88.11,0,0,Synthetic
317.2,127.61,40.87,60.18,0,1,Synthetic
1149.11,74.32,33.31,50.98,0,1,Synthetic
232.9,11.6,30.66,49.2,0,0,Synthetic
276.56,65.31,26.85,75.92,0,0,Synthetic
355.55,22.03,57.2,80.4,0,0,Synthetic
544.43,22.21,25.66,56.4,0,0,Synthetic
119.22,12.22,22.5,60.04,0,0,Synthetic
850.51,89.63,33.07,72.79,0,2,Synthetic
71.11,7.94,28.09,45.32,0,0,Synthetic
274.98,22.38,46.26,69.24,0,0,Synthetic
408.57,45.89,40.46,72.42,0,0,Synthetic
122.73,8.13,30.31,61.12,0,0,Synthetic
73.32,1.67,23.67,75.62,0,0,Synthetic
337.85,15.57,40.37,66.02,0,0,Synthetic
307.19,22.69,17.75,57.82,0,0,Synthetic
716.54,20.6,25.52,63.68,0,0,Synthetic
892.2,100.31,43.02,82.59,0,2,Synthetic
43.32,3.36,28.53,59.67,0,0,Synthetic
210.47,42.53,25.46,52.3,0,0,Synthetic
219.57,5.83,20.51,61.97,0,0,Synthetic
125.22,8.36,23.23,54.71,0,0,Synthetic
29.66,6.18,28.53,54.87,0,0,Synthetic
231.88,9.99,26.96,69.08,0,0,Synthetic
254.22,10.94,30.33,91.95,0,0,Synthetic
189.2,7.7,29.87,41.48,0,0,Synthetic
248.13,22.42,16.96,33.36,0,0,Synthetic
783.24,54.39,71.32,25.62,1,2,Synthetic
141.25,23.13,18.55,59.6,0,0,Synthetic
207.58,0.0,21.8,34.71,0,0,Synthetic
102.37,8.31,29.55,63.83,0,0,Synthetic
148.95,9.65,32.7,64.47,0,0,Synthetic
240.93,18.56,23.59,61.96,0,0,Synthetic
736.82,60.94,36.82,74.11,0,1,Synthetic
282.64,72.9,38.29,45.54,0,0,Synthetic
191.67,15.03,18.46,51.6,0,0,Synthetic
138.54,11.5,28.08,78.58,0,0,Synthetic
644.36,130.82,51.71,52.96,1,2,Synthetic
556.99,13.62,56.04,90.64,0,1,Synthetic
517.96,207.84,32.26,66.79,0,1,Synthetic
139.91,2.8,29.45,31.45,0,0,Synthetic
298.84,14.28,17.56,72.07,0,0,Synthetic
88.25,28.2,21.68,48.23,0,0,Synthetic
195.17,18.72,28.45,47.96,0,0,Synthetic
144.34,29.39,21.81,46.84,0,0,Synthetic
291.45,25.06,41.41,62.81,0,0,Synthetic
529.92,26.87,44.3,46.88,0,1,Synthetic
385.1,52.37,39.51,85.21,0,0,Synthetic
213.62,21.54,14.97,48.07,0,0,Synthetic
320.4,15.84,39.65,41.19,0,0,Synthetic
78.78,10.75,23.11,84.28,0,0,Synthetic
397.34,41.26,52.48,93.48,0,1,Synthetic
793.76,161.65,56.35,50.68,1,2,Synthetic
122.96,14.98,29.44,51.49,0,0,Synthetic
288.29,84.48,26.81,62.06,0,0,Synthetic
399.17,39.58,50.68,78.4,0,1,Synthetic
269.06,5.52,21.64,81.15,0,0,Synthetic
114.67,13.51,17.54,49.44,0,0,Synthetic
249.63,59.63,25.26,57.39,0,0,Synthetic
288.62,77.64,36.0,66.42,0,0,Synthetic
160.36,11.54,24.26,64.65,0,0,Synthetic
141.47,12.6,24.87,51.95,0,0,Synthetic
243.03,0.3,28.82,82.17,0,0,Synthetic
371.33,149.84,43.93,36.69,0,1,Synthetic
155.75,13.31,33.43,56.07,0,0,Synthetic
976.4,181.32,51.43,76.18,0,2,Synthetic
380.89,80.74,26.77,65.37,0,0,Synthetic
149.47,5.05,29.44,47.58,0,0,Synthetic
692.62,138.85,58.65,36.91,1,2,Synthetic
179.79,0.47,41.6,60.22,0,0,Synthetic
358.66,80.12,38.33,55.32,0,1,Synthetic
675.23,171.88,51.56,44.21,1,2,Synthetic
105.95,14.94,19.09,78.44,0,0,Synthetic
136.17,23.82,22.49,46.51,0,0,Synthetic
104.09,0.49,30.54,51.24,0,0,Synthetic
169.31,13.23,32.46,68.91,0,0,Synthetic
113.23,23.46,22.45,31.94,0,0,Synthetic
214.42,98.05,30.1,64.51,0,0,Synthetic
517.95,146.03,66.64,38.09,1,2,Synthetic
377.71,35.33,33.55,76.87,0,0,Synthetic
173.23,24.7,22.15,47.45,0,0,Synthetic
329.34,54.38,39.2,84.25,0,0,Synthetic
0.56,17.38,30.29,42.69,0,0,Synthetic
319.37,25.54,50.71,57.35,0,0,Synthetic
266.21,12.26,57.92,73.02,0,0,Synthetic
109.1,13.64,24.71,29.11,0,0,Synthetic
120.74,12.35,19.56,57.71,0,0,Synthetic
14.0,3.55,30.68,56.68,0,0,Synthetic
223.81,24.07,34.76,59.68,0,0,Synthetic
119.21,9.46,23.98,44.39,0,0,Synthetic
96.26,7.82,15.97,38.6,0,0,Synthetic
861.1,132.99,59.99,39.1,1,2,Synthetic
52.32,10.84,21.32,45.32,0,0,Synthetic
139.17,13.58,35.25,50.86,0,0,Synthetic
574.58,43.23,42.61,70.34,0,1,Synthetic
187.88,19.73,19.56,58.39,0,0,Synthetic
223.52,14.37,23.1,42.33,0,0,Synthetic
261.21,37.67,31.3,44.65,0,0,Synthetic
390.01,30.81,46.27,66.17,0,0,Synthetic
2.4,4.12,36.4,80.54,0,0,Synthetic
195.69,18.42,19.05,58.14,0,0,Synthetic
117.25,22.25,20.35,59.25,0,0,Synthetic
63.19,8.96,33.24,68.92,0,0,Synthetic
106.12,23.87,19.5,53.04,0,0,Synthetic
45.65,26.27,27.89,61.4,0,0,Synthetic
110.99,7.59,29.39,22.2,0,0,Synthetic
77.95,17.62,19.78,59.83,0,0,Synthetic
615.25,13.17,36.5,84.69,0,1,Synthetic
223.38,18.26,29.61,54.3,0,0,Synthetic
394.12,20.74,46.46,51.0,0,0,Synthetic
123.63,13.34,22.23,43.43,0,0,Synthetic
246.48,15.09,28.26,80.72,0,0,Synthetic
162.48,19.07,16.92,69.58,0,0,Synthetic
161.05,23.81,30.49,68.45,0,0,Synthetic
3.76,25.08,20.1,54.93,0,0,Synthetic
192.69,4.69,27.46,52.53,0,0,Synthetic
274.77,20.34,19.69,66.5,0,0,Synthetic
20.12,3.95,25.19,59.29,0,0,Synthetic
779.58,154.25,60.87,67.57,0,2,Synthetic
121.14,25.84,25.98,50.69,0,0,Synthetic
365.03,26.25,45.74,46.8,0,0,Synthetic
302.21,43.46,48.97,65.7,0,0,Synthetic
291.59,73.69,42.05,42.83,0,1,Synthetic
103.52,25.94,30.86,68.18,0,0,Synthetic
263.48,34.25,27.02,44.87,0,0,Synthetic
465.35,166.71,39.81,55.6,0,1,Synthetic
149.61,24.49,25.97,49.13,0,0,Synthetic
346.04,8.87,23.7,53.53,0,0,Synthetic
434.37,59.71,23.72,53.72,0,0,Synthetic
211.24,5.88,22.71,30.77,0,0,Synthetic
186.6,1.84,20.98,31.41,0,0,Synthetic
231.61,14.93,19.49,74.35,0,0,Synthetic
162.44,21.9,30.83,55.47,0,0,Synthetic
61.26,16.22,28.58,64.68,0,0,Synthetic
223.22,3.36,30.06,47.82,0,0,Synthetic
146.36,17.12,27.84,60.19,0,0,Synthetic
231.83,15.87,24.63,53.47,0,0,Synthetic
57.29,19.64,15.71,33.46,0,0,Synthetic
297.42,61.25,33.67,43.88,0,0,Synthetic
280.07,22.27,46.52,92.89,0,0,Synthetic
220.99,8.32,22.75,53.45,0,0,Synthetic
224.85,79.62,30.84,52.72,0,0,Synthetic
410.47,23.45,23.79,68.31,0,0,Synthetic
109.65,2.13,18.72,56.79,0,0,Synthetic
674.23,158.62,50.98,55.06,0,2,Synthetic
330.64,18.89,40.14,77.17,0,0,Synthetic
444.09,25.53,37.08,74.07,0,0,Synthetic
51.59,13.14,24.54,54.48,0,0,Synthetic
537.01,213.71,36.49,45.49,0,2,Synthetic
175.59,27.64,28.25,76.51,0,0,Synthetic
93.65,20.39,24.14,58.49,0,0,Synthetic
186.53,16.43,18.84,54.5,0,0,Synthetic
594.29,149.39,42.07,65.32,0,2,Synthetic
320.69,22.54,25.45,86.52,0,0,Synthetic
805.96,59.55,30.49,59.9,0,1,Synthetic
104.6,4.21,28.13,55.43,0,0,Synthetic
490.87,40.8,32.47,99.05,0,0,Synthetic
274.74,58.18,34.98,86.35,0,0,Synthetic
212.2,4.83,23.09,87.38,0,0,Synthetic
198.14,25.15,26.55,67.38,0,0,Synthetic
895.39,108.57,41.53,61.07,1,2,Synthetic
335.76,55.45,41.28,71.79,0,0,Synthetic
566.33,43.37,34.71,40.96,0,0,Synthetic
185.59,22.1,31.27,42.24,0,0,Synthetic
334.71,41.62,43.35,53.66,0,0,Synthetic
145.53,1.58,19.17,65.11,0,0,Synthetic
178.21,14.76,18.14,47.63,0,0,Synthetic
236.0,12.79,22.81,48.85,0,0,Synthetic
194.0,18.64,31.71,70.14,0,0,Synthetic
255.03,78.94,26.04,60.47,0,0,Synthetic
796.71,53.24,34.39,53.29,0,1,Synthetic
194.12,1.12,23.51,61.84,0,0,Synthetic
69.48,14.32,33.63,84.41,0,0,Synthetic
18.02,19.8,25.21,65.71,0,0,Synthetic
193.84,19.42,23.26,47.84,0,0,Synthetic
112.25,4.73,24.24,42.82,0,0,Synthetic
74.12,12.45,21.77,49.52,0,0,Synthetic
67.27,3.95,27.64,48.02,0,0,Synthetic
106.26,20.55,26.13,49.8,0,0,Synthetic
409.15,31.96,49.28,70.88,0,1,Synthetic
392.52,159.87,33.75,62.58,0,1,Synthetic
377.55,30.13,50.48,77.18,0,0,Synthetic
191.41,24.27,31.5,92.76,0,0,Synthetic
226.84,29.85,24.18,55.92,0,0,Synthetic
867.76,126.38,49.13,52.12,0,2,Synthetic
214.8,18.77,27.37,43.36,0,0,Synthetic
174.74,6.75,24.56,57.36,0,0,Synthetic
413.8,170.18,35.38,69.43,0,1,Synthetic
433.65,44.64,43.06,76.85,0,1,Synthetic
6.63,7.24,22.92,50.72,0,0,Synthetic
153.97,17.83,30.67,73.56,0,0,Synthetic
7.27,18.88,29.02,58.83,0,0,Synthetic
197.11,21.99,26.89,64.65,0,0,Synthetic
124.71,11.09,32.84,66.43,0,0,Synthetic
267.36,7.66,32.99,56.15,0,0,Synthetic
262.99,13.88,22.12,48.29,0,0,Synthetic
1045.4,134.36,45.72,62.3,0,2,Synthetic
1048.75,63.11,39.91,50.64,0,2,Synthetic
90.08,8.8,23.16,64.07,0,0,Synthetic
601.89,160.7,38.96,62.76,0,2,Synthetic
269.24,86.63,35.17,69.83,0,0,Synthetic
263.64,35.6,30.51,60.19,0,0,Synthetic
202.98,3.22,29.48,49.51,0,0,Synthetic
190.19,26.97,19.11,63.43,0,0,Synthetic
880.96,128.9,43.0,85.65,0,2,Synthetic
268.25,107.59,27.06,58.16,0,0,Synthetic
156.77,8.43,29.06,43.21,0,0,Synthetic
327.02,130.84,42.24,46.5,0,1,Synthetic
182.65,9.89,28.89,47.31,0,0,Synthetic
268.93,15.93,24.76,60.53,0,0,Synthetic
139.45,6.93,27.72,71.56,0,0,Synthetic
198.74,85.98,36.41,65.76,0,0,Synthetic
360.9,47.37,22.69,58.22,0,0,Synthetic
226.44,11.96,23.97,52.26,0,0,Synthetic
242.19,23.72,26.36,83.42,0,0,Synthetic
327.97,54.24,34.59,85.29,0,0,Synthetic
216.2,5.51,26.11,54.7,0,0,Synthetic
96.98,28.14,24.81,29.91,0,0,Synthetic
152.03,1.08,24.58,64.0,0,0,Synthetic
261.73,28.44,36.01,71.96,0,0,Synthetic
224.24,93.47,35.81,49.4,0,1,Synthetic
248.19,57.79,35.61,67.04,0,0,Synthetic
466.3,59.6,27.17,46.93,0,0,Synthetic
931.87,130.62,48.91,59.74,0,2,Synthetic
418.97,44.41,35.98,72.07,0,0,Synthetic
256.68,10.95,33.79,48.78,0,0,Synthetic
212.74,8.17,22.72,58.57,0,0,Synthetic
574.6,55.35,29.65,60.42,0,0,Synthetic
134.01,14.34,25.04,55.51,0,0,Synthetic
77.87,16.73,17.63,79.68,0,0,Synthetic
427.14,36.59,36.57,66.27,0,0,Synthetic
976.08,154.67,39.26,87.53,0,2,Synthetic
136.08,11.43,20.29,36.35,0,0,Synthetic
190.12,6.22,13.96,52.79,0,0,Synthetic
364.03,41.67,42.32,80.5,0,0,Synthetic
141.11,16.53,28.51,29.68,0,0,Synthetic
162.9,11.33,24.05,49.5,0,0,Synthetic
231.32,35.15,28.74,89.37,0,0,Synthetic
799.08,29.8,40.29,62.51,0,1,Synthetic
787.64,137.44,46.1,70.3,0,2,Synthetic
214.45,14.75,22.04,43.8,0,0,Synthetic
157.66,25.64,31.68,79.51,0,0,Synthetic
374.79,35.59,42.94,70.07,0,0,Synthetic
167.54,17.31,22.22,52.95,0,0,Synthetic
0.0,13.1,26.39,45.47,0,0,Synthetic
328.87,4.88,23.85,61.83,0,0,Synthetic
477.18,36.53,38.12,67.8,0,0,Synthetic
327.2,106.25,31.19,66.8,0,1,Synthetic
392.14,44.55,39.8,74.46,0,0,Synthetic
832.04,121.14,58.07,76.99,0,2,Synthetic
251.65,5.97,30.38,45.75,0,0,Synthetic
232.86,50.99,49.6,97.87,0,0,Synthetic
420.12,33.44,40.7,69.2,0,0,Synthetic
276.95,13.06,23.65,61.62,0,0,Synthetic
192.93,17.86,26.18,59.56,0,0,Synthetic
99.74,23.07,18.31,56.42,0,0,Synthetic
200.54,18.64,27.82,84.28,0,0,Synthetic
200.36,18.62,20.22,77.63,0,0,Synthetic
220.2,27.64,23.07,43.74,0,0,Synthetic
719.82,196.11,47.64,33.53,1,2,Synthetic
81.0,23.96,18.71,38.35,0,0,Synthetic
257.94,77.32,51.35,81.73,0,1,Synthetic
67.61,13.58,27.62,55.56,0,0,Synthetic
14.36,21.65,25.35,39.74,0,0,Synthetic
178.45,11.25,17.69,56.72,0,0,Synthetic
263.8,8.29,19.33,54.69,0,0,Synthetic
261.87,25.4,24.34,63.85,0,0,Synthetic
290.76,78.32,32.01,53.33,0,0,Synthetic
146.53,28.54,16.72,33.49,0,0,Synthetic
488.39,184.13,36.65,56.49,0,1,Synthetic
126.11,21.72,28.21,53.39,0,0,Synthetic
298.97,28.2,22.41,89.83,0,0,Synthetic
33.21,14.77,30.68,52.28,0,0,Synthetic
342.86,48.56,35.51,69.55,0,0,Synthetic
149.36,9.78,28.51,54.93,0,0,Synthetic
282.63,28.21,45.31,61.28,0,0,Synthetic
818.47,41.93,43.31,61.32,0,2,Synthetic
896.01,34.83,39.73,38.91,0,1,Synthetic
712.64,61.13,31.15,59.85,0,1,Synthetic
211.79,26.45,21.21,37.34,0,0,Synthetic
1121.42,184.23,52.33,69.97,0,2,Synthetic
285.35,87.98,24.31,51.26,0,0,Synthetic
337.99,24.99,38.25,72.78,0,0,Synthetic
122.73,18.1,27.89,66.49,0,0,Synthetic
246.7,4.51,25.81,85.6,0,0,Synthetic
313.71,67.0,29.97,67.81,0,0,Synthetic
5.17,13.41,24.69,56.42,0,0,Synthetic
13.89,15.28,20.29,35.27,0,0,Synthetic
176.98,25.28,31.95,81.23,0,0,Synthetic
50.12,22.27,15.44,48.01,0,0,Synthetic
252.46,12.43,22.83,48.08,0,0,Synthetic
112.5,18.02,18.04,61.63,0,0,Synthetic
215.09,21.9,22.26,51.58,0,0,Synthetic
252.62,4.9,28.05,79.09,0,0,Synthetic
73.79,0.0,21.63,31.98,0,0,Synthetic
772.68,125.12,50.74,32.93,1,2,Synthetic
155.88,16.67,26.61,55.4,0,0,Synthetic
73.85,29.76,23.5,82.55,0,0,Synthetic
642.65,29.81,35.63,43.12,0,1,Synthetic
75.72,9.78,24.78,58.95,0,0,Synthetic
294.8,11.37,18.74,67.39,0,0,Synthetic
360.68,46.81,31.55,72.15,0,0,Synthetic
241.74,5.14,16.82,78.15,0,0,Synthetic
503.97,18.86,36.23,63.91,0,0,Synthetic
189.78,20.09,30.84,75.73,0,0,Synthetic
346.19,22.24,44.98,69.09,0,0,Synthetic
65.16,16.79,24.15,47.8,0,0,Synthetic
270.63,6.28,19.63,64.35,0,0,Synthetic
421.87,22.3,42.76,59.2,0,0,Synthetic
25.96,13.57,14.42,68.55,0,0,Synthetic
312.03,95.28,43.53,57.65,0,1,Synthetic
28.33,14.79,24.29,39.14,0,0,Synthetic
163.56,0.91,26.74,52.29,0,0,Synthetic
138.59,14.56,17.65,53.49,0,0,Synthetic
428.89,52.76,38.49,63.11,0,0,Synthetic
192.22,17.72,23.54,50.11,0,0,Synthetic
286.42,33.21,40.58,64.18,0,0,Synthetic
142.31,16.45,27.8,53.97,0,0,Synthetic
281.83,34.67,57.23,89.08,0,1,Synthetic
333.62,23.72,41.69,64.38,0,0,Synthetic
163.61,19.11,31.99,57.05,0,0,Synthetic
249.88,53.36,21.47,60.51,0,0,Synthetic
209.33,8.8,25.38,68.07,0,0,Synthetic
925.76,81.14,46.85,71.25,0,2,Synthetic
1201.52,96.53,38.92,70.2,0,2,Synthetic
128.33,28.56,33.34,67.18,0,0,Synthetic
824.82,188.88,53.1,63.36,0,2,Synthetic
418.02,41.91,35.37,75.86,0,0,Synthetic
454.57,209.47,30.76,59.44,0,1,Synthetic
285.6,61.92,14.3,50.54,0,0,Synthetic
186.85,77.7,24.07,56.94,0,0,Synthetic
180.29,12.28,20.41,43.95,0,0,Synthetic
316.65,37.2,49.12,78.1,0,0,Synthetic
507.68,139.2,23.06,62.44,0,1,Synthetic
681.49,146.91,52.46,41.4,1,2,Synthetic
201.02,26.86,27.11,63.66,0,0,Synthetic
269.74,17.62,47.79,56.96,0,0,Synthetic
357.4,162.72,36.22,51.19,0,1,Synthetic
151.13,16.03,43.06,75.77,0,0,Synthetic
185.55,15.96,21.42,53.63,0,0,Synthetic
179.73,9.64,22.96,52.8,0,0,Synthetic
183.06,12.59,16.59,71.33,0,0,Synthetic
407.75,10.92,61.01,79.21,0,1,Synthetic
132.29,23.35,28.58,47.01,0,0,Synthetic
956.14,52.17,31.66,44.76,0,1,Synthetic
444.4,83.94,28.29,61.13,0,0,Synthetic
404.92,37.32,40.15,85.57,0,0,Synthetic
599.08,20.48,33.88,70.22,0,0,Synthetic
103.08,4.93,30.76,25.95,0,0,Synthetic
507.39,157.98,62.6,42.16,1,2,Synthetic
376.46,46.18,29.2,50.01,0,0,Synthetic
87.86,9.72,24.29,53.68,0,0,Synthetic
55.07,21.07,26.58,57.52,0,0,Synthetic
444.49,48.54,35.75,71.23,0,0,Synthetic
95.63,9.96,21.43,44.45,0,0,Synthetic
327.2,22.89,43.19,85.14,0,0,Synthetic
559.64,32.27,41.03,40.32,0,1,Synthetic
26.2,20.35,28.92,40.8,0,0,Synthetic
429.0,117.91,30.04,65.19,0,1,Synthetic
306.97,44.57,44.62,64.63,0,0,Synthetic
232.66,1.41,22.44,42.33,0,0,Synthetic
148.25,9.81,20.24,39.86,0,0,Synthetic
450.14,23.78,29.37,63.58,0,0,Synthetic
203.93,15.34,17.81,85.03,0,0,Synthetic
337.88,73.96,31.18,52.7,0,0,Synthetic
169.15,22.59,27.92,64.46,0,0,Synthetic
15.33,29.96,26.74,55.43,0,0,Synthetic
231.12,26.76,24.46,64.25,0,0,Synthetic
166.74,0.0,29.27,21.88,0,0,Synthetic
16.44,18.23,25.54,53.81,0,0,Synthetic
246.77,16.81,41.45,74.9,0,0,Synthetic
243.49,16.8,24.51,62.99,0,0,Synthetic
290.83,16.21,15.17,63.94,0,0,Synthetic
434.89,48.64,34.67,92.21,0,0,Synthetic
299.67,0.73,30.89,50.07,0,0,Synthetic
119.17,2.99,19.64,55.37,0,0,Synthetic
51.3,10.9,20.38,52.08,0,0,Synthetic
193.11,19.35,25.18,61.07,0,0,Synthetic
31.41,17.84,25.62,51.86,0,0,Synthetic
99.89,21.16,25.29,46.17,0,0,Synthetic
235.33,13.73,25.96,84.19,0,0,Synthetic
163.88,34.47,23.22,51.44,0,0,Synthetic
654.53,22.35,41.71,52.09,0,1,Synthetic
241.51,11.63,29.34,62.38,0,0,Synthetic
147.27,10.25,28.18,64.3,0,0,Synthetic
226.44,18.79,13.82,44.81,0,0,Synthetic
107.23,6.75,26.37,59.46,0,0,Synthetic
102.0,19.13,26.23,81.82,0,0,Synthetic
423.11,30.43,50.23,76.85,0,1,Synthetic
201.11,25.79,28.54,42.13,0,0,Synthetic
564.95,46.14,31.08,41.36,0,0,Synthetic
208.17,0.25,34.46,44.72,0,0,Synthetic
115.26,4.89,20.24,64.49,0,0,Synthetic
9.02,9.45,23.43,51.98,0,0,Synthetic
478.44,201.52,39.54,67.52,0,2,Synthetic
870.01,91.68,29.91,66.68,0,1,Synthetic
256.11,81.69,27.81,63.99,0,0,Synthetic
311.43,18.09,44.45,68.96,0,0,Synthetic
298.38,6.05,27.95,81.53,0,0,Synthetic
471.32,47.07,34.25,88.98,0,0,Synthetic
103.6,21.68,20.93,57.6,0,0,Synthetic
157.78,9.22,26.78,49.26,0,0,Synthetic
330.97,22.13,43.25,51.03,0,0,Synthetic
407.67,232.74,41.65,38.77,0,1,Synthetic
317.98,21.09,44.73,42.46,0,0,Synthetic
950.64,83.69,35.98,65.98,0,2,Synthetic
140.33,0.98,35.68,33.21,0,0,Synthetic
671.15,15.94,31.91,58.56,0,0,Synthetic
145.41,32.83,26.43,36.88,0,0,Synthetic
194.5,10.57,19.85,86.07,0,0,Synthetic
229.24,10.38,22.27,49.68,0,0,Synthetic
69.56,12.31,27.78,46.17,0,0,Synthetic
2.45,0.0,22.58,62.74,0,0,Synthetic
500.6,29.83,49.31,72.46,0,1,Synthetic
164.85,17.23,30.08,53.29,0,0,Synthetic
159.72,12.73,28.38,41.72,0,0,Synthetic
17.9,0.28,30.31,65.02,0,0,Synthetic
139.08,16.35,27.39,44.1,0,0,Synthetic
205.45,7.02,24.95,70.15,0,0,Synthetic
204.6,22.23,33.87,88.58,0,0,Synthetic
593.63,121.78,75.63,41.69,1,2,Synthetic
291.52,7.73,21.45,53.44,0,0,Synthetic
289.75,19.67,17.52,72.63,0,0,Synthetic
284.16,33.53,18.68,53.82,0,0,Synthetic
466.01,76.28,42.21,76.49,0,1,Synthetic
372.43,15.24,17.77,42.28,0,0,Synthetic
641.74,31.86,32.75,71.64,0,0,Synthetic
470.93,160.21,44.51,70.64,0,2,Synthetic
145.0,21.29,23.39,52.91,0,0,Synthetic
93.78,18.37,26.84,75.06,0,0,Synthetic
144.78,11.33,26.8,82.89,0,0,Synthetic
130.27,28.1,20.22,27.59,0,0,Synthetic
77.59,8.91,20.97,79.62,0,0,Synthetic
159.23,25.21,26.15,75.18,0,0,Synthetic
256.06,57.17,27.9,46.43,0,0,Synthetic
177.67,20.7,28.33,68.52,0,0,Synthetic
82.32,20.42,22.96,50.24,0,0,Synthetic
41.03,26.63,20.81,46.49,0,0,Synthetic
157.87,15.6,28.35,60.05,0,0,Synthetic
169.09,1.65,26.07,61.12,0,0,Synthetic
943.14,93.13,49.6,91.14,0,2,Synthetic
215.3,21.67,25.27,54.37,0,0,Synthetic
382.69,1.25,37.54,77.16,0,0,Synthetic
190.83,24.12,17.12,67.28,0,0,Synthetic
336.77,10.79,20.14,50.27,0,0,Synthetic
242.13,50.65,36.96,75.5,0,0,Synthetic
766.06,107.47,38.88,47.41,0,2,Synthetic
54.75,1.04,22.21,60.2,0,0,Synthetic
51.45,0.0,34.68,51.72,0,0,Synthetic
354.49,61.66,39.7,87.94,0,1,Synthetic
129.93,25.45,18.46,60.81,0,0,Synthetic
111.34,12.48,27.42,76.31,0,0,Synthetic
427.82,41.13,39.91,82.31,0,0,Synthetic
197.95,13.42,18.29,47.82,0,0,Synthetic
240.33,25.87,26.53,51.1,0,0,Synthetic
435.72,35.44,29.59,55.58,0,0,Synthetic
431.06,36.75,40.52,78.87,0,0,Synthetic
595.39,112.4,34.93,80.34,0,1,Synthetic
143.95,18.58,22.26,47.9,0,0,Synthetic
529.12,191.21,34.25,58.2,0,1,Synthetic
985.66,87.85,47.31,40.63,1,2,Synthetic
163.28,3.76,30.46,65.22,0,0,Synthetic
1010.29,49.5,33.4,71.75,0,1,Synthetic
48.89,16.82,33.74,65.62,0,0,Synthetic
35.76,9.57,17.94,52.12,0,0,Synthetic
765.67,48.33,38.76,58.97,0,1,Synthetic
462.92,34.41,36.38,81.77,0,0,Synthetic
229.49,12.75,28.22,58.73,0,0,Synthetic
1018.38,31.59,33.97,53.82,0,1,Synthetic
262.66,7.56,24.0,61.24,0,0,Synthetic
213.13,6.61,29.3,68.46,0,0,Synthetic
211.35,0.0,17.85,60.0,0,0,Synthetic
777.06,68.01,46.57,64.46,0,2,Synthetic
312.51,205.85,22.06,73.5,0,1,Synthetic
249.47,35.33,44.53,61.62,0,0,Synthetic
207.45,11.84,29.24,80.55,0,0,Synthetic
75.35,3.35,26.98,40.22,0,0,Synthetic
35.26,8.14,28.73,39.36,0,0,Synthetic
119.86,16.52,26.22,63.6,0,0,Synthetic
143.79,16.0,27.62,42.15,0,0,Synthetic
147.95,8.07,22.83,40.43,0,0,Synthetic
113.41,22.55,30.19,41.54,0,0,Synthetic
392.47,27.95,40.57,83.34,0,0,Synthetic
179.52,20.04,27.89,84.59,0,0,Synthetic
179.72,4.06,21.45,73.0,0,0,Synthetic
237.5,17.09,27.6,63.31,0,0,Synthetic
254.3,29.13,45.36,63.31,0,0,Synthetic
448.21,36.01,38.74,57.63,0,0,Synthetic
186.88,74.75,33.3,64.01,0,0,Synthetic
88.97,36.18,30.93,22.87,0,0,Synthetic
339.58,47.27,58.45,74.55,0,1,Synthetic
229.48,2.69,30.56,63.8,0,0,Synthetic
88.36,13.47,23.46,41.92,0,0,Synthetic
139.11,5.02,23.63,54.09,0,0,Synthetic
119.84,14.11,28.73,33.11,0,0,Synthetic
168.47,25.38,14.43,42.38,0,0,Synthetic
246.39,0.0,29.24,64.94,0,0,Synthetic
100.1,10.43,33.04,46.19,0,0,Synthetic
10.32,26.42,24.21,49.26,0,0,Synthetic
234.06,0.57,28.56,63.72,0,0,Synthetic
445.13,160.41,38.44,63.06,0,1,Synthetic
156.03,15.52,19.69,78.21,0,0,Synthetic
262.64,19.6,47.84,62.85,0,0,Synthetic
65.3,23.85,20.83,64.81,0,0,Synthetic
307.54,2.12,27.87,57.99,0,0,Synthetic
362.41,16.34,34.07,66.66,0,0,Synthetic
291.61,23.57,29.16,51.34,0,0,Synthetic
169.53,11.93,15.27,50.08,0,0,Synthetic
609.7,23.99,39.56,82.33,0,1,Synthetic
275.74,49.31,29.42,48.02,0,0,Synthetic
284.92,50.67,51.09,75.47,0,1,Synthetic
113.52,18.87,29.45,48.92,0,0,Synthetic
253.85,6.5,37.08,75.24,0,0,Synthetic
290.57,25.6,40.05,59.6,0,0,Synthetic
236.51,14.52,21.89,52.53,0,0,Synthetic
26.84,18.31,24.44,45.77,0,0,Synthetic
9.64,8.46,27.94,53.45,0,0,Synthetic
184.86,32.32,25.28,100.0,0,0,Synthetic
255.28,23.16,24.55,52.37,0,0,Synthetic
923.24,30.13,45.98,72.36,0,2,Synthetic
134.96,17.48,30.25,57.9,0,0,Synthetic
347.91,66.22,29.84,62.39,0,0,Synthetic
255.62,57.38,49.15,95.05,0,1,Synthetic
323.66,30.55,51.13,50.28,0,0,Synthetic
931.07,104.64,64.26,37.93,1,2,Synthetic
192.12,1.6,32.79,77.2,0,0,Synthetic
803.4,128.07,55.5,30.0,1,2,Synthetic
246.18,29.37,18.89,47.62,0,0,Synthetic
120.13,13.57,39.18,33.85,0,0,Synthetic
185.9,0.0,31.14,66.2,0,0,Synthetic
165.62,20.92,23.54,72.85,0,0,Synthetic
224.96,31.64,34.24,69.53,0,0,Synthetic
135.34,17.64,26.02,47.34,0,0,Synthetic
1112.04,90.95,67.95,18.44,1,2,Synthetic
326.56,44.42,57.06,84.37,0,1,Synthetic
219.88,14.24,27.75,82.25,0,0,Synthetic
84.74,24.96,20.92,60.67,0,0,Synthetic
297.42,65.08,34.08,63.82,0,0,Synthetic
132.57,9.65,25.96,67.39,0,0,Synthetic
185.9,22.22,22.0,57.38,0,0,Synthetic
538.74,174.11,51.63,24.65,1,2,Synthetic
131.15,15.49,35.47,42.55,0,0,Synthetic
201.18,22.48,24.58,74.58,0,0,Synthetic
952.53,199.69,48.09,88.3,0,2,Synthetic
146.33,12.84,31.23,48.71,0,0,Synthetic
416.6,11.74,42.51,51.44,0,0,Synthetic
40.44,19.99,19.25,46.94,0,0,Synthetic
116.65,4.02,26.22,65.91,0,0,Synthetic
949.92,133.77,52.97,29.66,1,2,Synthetic
147.6,108.07,52.44,47.1,1,2,Synthetic
253.17,108.59,27.91,61.0,0,0,Synthetic
196.26,15.27,31.52,68.88,0,0,Synthetic
488.85,152.52,34.13,55.94,0,1,Synthetic
217.43,21.69,32.71,49.68,0,0,Synthetic
287.61,0.0,27.17,40.52,0,0,Synthetic
368.47,28.03,45.97,56.94,0,0,Synthetic
267.64,26.06,27.88,98.48,0,0,Synthetic
276.26,60.93,34.0,70.82,0,0,Synthetic
220.0,26.31,17.15,43.65,0,0,Synthetic
490.83,41.01,40.03,73.72,0,0,Synthetic
161.02,7.0,37.14,51.78,0,0,Synthetic
261.64,12.47,23.91,77.84,0,0,Synthetic
409.96,39.18,59.14,79.61,0,1,Synthetic
827.46,36.66,24.51,57.0,0,1,Synthetic
337.59,27.89,25.85,50.48,0,0,Synthetic
456.99,50.79,40.88,68.34,0,0,Synthetic
74.76,7.0,15.48,42.46,0,0,Synthetic
179.83,13.14,31.11,45.83,0,0,Synthetic
260.29,37.87,47.85,50.91,0,0,Synthetic
29.82,29.49,32.03,51.46,0,0,Synthetic
184.28,26.26,24.36,76.22,0,0,Synthetic
172.42,12.73,29.21,49.39,0,0,Synthetic
68.07,10.52,35.29,44.79,0,0,Synthetic
571.49,172.79,30.77,43.48,0,1,Synthetic
386.57,29.62,45.1,89.07,0,0,Synthetic
424.66,6.68,53.03,84.74,0,1,Synthetic
217.38,51.69,29.14,52.75,0,0,Synthetic
351.35,37.1,45.53,76.22,0,0,Synthetic
466.21,35.43,31.61,63.88,0,0,Synthetic
469.96,41.62,37.16,72.14,0,0,Synthetic
6.53,13.68,25.55,70.24,0,0,Synthetic
83.15,30.04,32.65,55.69,0,0,Synthetic
182.28,16.02,28.75,88.1,0,0,Synthetic
239.31,2.01,26.34,51.11,0,0,Synthetic
849.08,156.47,56.35,15.05,1,2,Synthetic
163.06,11.59,25.14,59.47,0,0,Synthetic
506.49,188.51,28.53,74.62,0,1,Synthetic
10.6,15.76,17.65,58.38,0,0,Synthetic
450.43,33.57,38.89,80.9,0,0,Synthetic
250.0,27.47,31.55,82.2,0,0,Synthetic
380.33,25.23,50.42,75.74,0,0,Synthetic
345.85,40.84,59.67,83.78,0,1,Synthetic
363.27,31.83,43.78,67.76,0,0,Synthetic
91.63,3.24,25.36,45.07,0,0,Synthetic
97.79,10.76,33.2,88.99,0,0,Synthetic
336.33,11.81,42.97,53.0,0,0,Synthetic
173.71,19.76,25.07,62.99,0,0,Synthetic
178.56,9.95,18.94,42.64,0,0,Synthetic
173.88,2.76,21.25,65.25,0,0,Synthetic
418.12,34.52,35.45,62.16,0,0,Synthetic
111.19,0.0,31.58,55.53,0,0,Synthetic
241.86,3.43,27.84,60.73,0,0,Synthetic
207.43,12.26,17.36,79.82,0,0,Synthetic
1067.46,184.67,50.89,100.0,0,2,Synthetic
128.56,16.43,30.79,53.86,0,0,Synthetic
814.08,167.29,48.66,30.5,1,2,Synthetic
79.63,0.0,22.39,89.94,0,0,Synthetic
316.68,36.28,50.5,64.56,0,0,Synthetic
219.73,7.31,24.01,25.73,0,0,Synthetic
218.63,15.68,29.44,80.43,0,0,Synthetic
146.27,4.74,25.08,50.13,0,0,Synthetic
164.47,8.19,29.1,60.7,0,0,Synthetic
82.76,14.18,21.16,69.63,0,0,Synthetic
275.05,27.61,45.38,72.79,0,0,Synthetic
85.44,12.97,26.15,31.95,0,0,Synthetic
59.06,33.69,21.48,48.76,0,0,Synthetic
228.32,10.58,20.2,61.71,0,0,Synthetic
769.24,177.96,51.0,67.45,1,2,Synthetic
231.68,34.94,20.45,52.78,0,0,Synthetic
293.67,29.12,21.25,53.47,0,0,Synthetic
274.56,19.69,27.42,91.02,0,0,Synthetic
391.16,39.85,34.53,87.59,0,0,Synthetic
452.96,36.93,38.09,80.98,0,0,Synthetic
1168.7,68.84,35.48,58.45,0,1,Synthetic
465.21,31.07,32.36,83.46,0,0,Synthetic
250.19,90.65,27.8,61.17,0,0,Synthetic
131.19,28.37,25.17,59.23,0,0,Synthetic
194.12,16.79,19.03,48.31,0,0,Synthetic
143.24,1.98,17.97,65.92,0,0,Synthetic
177.38,4.28,23.44,47.55,0,0,Synthetic
124.52,15.45,26.31,53.19,0,0,Synthetic
179.37,22.78,26.59,53.72,0,0,Synthetic
772.26,122.59,63.41,51.22,1,2,Synthetic
114.47,18.0,30.5,58.48,0,0,Synthetic
435.37,36.13,37.63,85.58,0,0,Synthetic
732.27,57.43,42.74,56.08,0,2,Synthetic
101.29,15.05,22.67,73.86,0,0,Synthetic
354.91,25.69,42.44,63.11,0,0,Synthetic
258.99,7.74,19.81,57.64,0,0,Synthetic
83.23,8.29,32.09,61.03,0,0,Synthetic
7.56,29.69,22.85,52.79,0,0,Synthetic
843.58,73.04,27.35,58.19,0,1,Synthetic
230.43,30.38,24.06,54.41,0,0,Synthetic
200.76,33.84,26.63,33.64,0,0,Synthetic
54.45,11.36,18.09,59.56,0,0,Synthetic
232.6,31.24,26.91,85.59,0,0,Synthetic
372.98,149.53,33.78,49.15,0,1,Synthetic
91.05,0.0,22.26,51.62,0,0,Synthetic
658.44,18.45,33.01,65.46,0,1,Synthetic
300.1,34.71,50.01,88.08,0,0,Synthetic
97.59,22.14,19.49,42.4,0,0,Synthetic
6.41,14.34,23.37,64.58,0,0,Synthetic
551.17,41.15,34.47,70.47,0,1,Synthetic
101.16,5.54,22.06,53.89,0,0,Synthetic
65.7,10.32,30.02,63.98,0,0,Synthetic
140.63,0.0,30.8,70.43,0,0,Synthetic
213.92,19.02,25.7,58.12,0,0,Synthetic
190.25,4.77,21.15,52.24,0,0,Synthetic
310.74,29.25,31.56,83.08,0,0,Synthetic
1051.35,144.28,53.25,29.72,1,2,Synthetic
118.85,7.0,26.99,60.69,0,0,Synthetic
183.17,13.84,24.62,54.52,0,0,Synthetic
116.29,22.81,29.76,50.7,0,0,Synthetic
11.19,16.49,33.74,55.36,0,0,Synthetic
447.42,53.81,34.52,72.38,0,0,Synthetic
0.0,16.97,26.07,52.83,0,0,Synthetic
275.34,4.49,29.79,36.59,0,0,Synthetic
380.72,41.89,36.23,73.15,0,0,Synthetic
153.63,6.97,27.99,76.38,0,0,Synthetic
295.02,31.42,55.26,73.91,0,0,Synthetic
211.98,21.76,23.43,77.53,0,0,Synthetic
229.03,17.5,22.76,42.31,0,0,Synthetic
486.4,41.22,56.14,83.91,0,1,Synthetic
201.16,17.97,26.87,90.39,0,0,Synthetic
288.76,27.57,43.38,45.11,0,0,Synthetic
233.97,46.1,26.33,71.62,0,0,Synthetic
300.09,3.14,27.57,67.78,0,0,Synthetic
252.58,0.0,20.64,70.58,0,0,Synthetic
141.34,24.99,25.04,79.22,0,0,Synthetic
947.21,44.93,37.44,67.98,0,1,Synthetic
245.87,18.95,15.13,56.19,0,0,Synthetic
337.15,33.72,40.06,64.78,0,0,Synthetic
276.21,44.82,47.7,76.76,0,0,Synthetic
425.96,46.15,37.63,78.25,0,0,Synthetic
181.5,26.02,23.7,85.65,0,0,Synthetic
162.73,24.85,18.37,62.25,0,0,Synthetic
1131.65,101.05,33.85,65.15,0,2,Synthetic
193.01,6.8,24.68,47.32,0,0,Synthetic
598.59,32.63,22.44,60.85,0,0,Synthetic
170.3,20.69,27.15,59.04,0,0,Synthetic
696.49,88.48,49.94,77.02,0,2,Synthetic
210.48,2.18,24.87,67.4,0,0,Synthetic
597.09,192.36,51.36,62.82,1,2,Synthetic
92.15,20.2,24.48,71.67,0,0,Synthetic
153.42,12.52,23.82,58.56,0,0,Synthetic
318.51,11.1,28.45,64.09,0,0,Synthetic
245.82,13.04,25.21,69.95,0,0,Synthetic
257.22,9.13,23.2,57.93,0,0,Synthetic
96.05,20.6,29.11,67.45,0,0,Synthetic
365.09,21.12,42.22,67.85,0,0,Synthetic
216.27,7.9,20.32,49.38,0,0,Synthetic
157.17,24.78,33.33,64.9,0,0,Synthetic
607.66,213.04,31.22,27.87,0,1,Synthetic
240.84,33.76,27.36,70.29,0,0,Synthetic
217.18,19.47,31.08,82.37,0,0,Synthetic
139.4,24.52,35.09,86.17,0,0,Synthetic
393.22,44.79,51.86,84.2,0,1,Synthetic
1100.73,157.49,42.64,59.68,0,2,Synthetic
245.83,25.88,11.29,71.5,0,0,Synthetic
127.54,13.8,25.57,37.21,0,0,Synthetic
944.67,127.49,45.34,69.06,0,2,Synthetic
165.17,13.03,29.72,59.26,0,0,Synthetic
12.5,21.39,27.2,46.93,0,0,Synthetic
827.39,159.82,43.33,79.48,0,2,Synthetic
263.1,12.17,21.2,63.93,0,0,Synthetic
91.11,5.82,21.58,50.08,0,0,Synthetic
377.04,4.63,17.25,34.7,0,0,Synthetic
83.63,3.29,22.32,53.95,0,0,Synthetic
124.41,10.04,23.42,85.56,0,0,Synthetic
346.96,34.53,40.94,74.37,0,0,Synthetic
2.78,27.27,28.24,45.78,0,0,Synthetic
212.1,11.16,27.9,61.02,0,0,Synthetic
161.42,24.74,17.58,71.44,0,0,Synthetic
160.26,10.81,29.59,79.56,0,0,Synthetic
100.33,13.55,27.03,50.74,0,0,Synthetic
443.28,51.18,37.83,91.27,0,0,Synthetic
312.23,9.15,24.04,44.88,0,0,Synthetic
1240.87,125.82,60.84,57.82,0,2,Synthetic
859.87,103.05,48.26,52.23,0,2,Synthetic
453.73,69.19,52.68,78.11,0,1,Synthetic
230.0,73.02,33.21,68.71,0,0,Synthetic
309.19,46.84,37.71,88.89,0,0,Synthetic
197.16,88.55,27.83,82.09,0,0,Synthetic
340.4,48.5,47.43,76.95,0,1,Synthetic
200.4,63.77,32.08,68.27,0,0,Synthetic
102.14,20.27,22.4,47.51,0,0,Synthetic
241.3,22.61,14.21,51.39,0,0,Synthetic
179.25,14.72,28.07,63.43,0,0,Synthetic
186.33,11.19,20.86,34.38,0,0,Synthetic
197.89,10.72,31.3,57.2,0,0,Synthetic
194.75,20.42,28.54,60.56,0,0,Synthetic
1120.73,28.81,39.24,70.6,0,1,Synthetic
475.28,50.86,57.95,66.77,0,1,Synthetic
169.36,8.4,26.22,39.85,0,0,Synthetic
1056.12,70.46,33.47,41.69,0,1,Synthetic
384.59,50.1,23.17,73.45,0,0,Synthetic
465.37,67.4,35.33,74.04,0,0,Synthetic
211.99,11.28,25.27,77.56,0,0,Synthetic
219.22,10.53,14.12,81.48,0,0,Synthetic
248.53,25.88,21.75,85.91,0,0,Synthetic
470.23,238.0,30.44,66.49,0,1,Synthetic
214.14,26.19,29.16,76.93,0,0,Synthetic
95.78,5.51,27.23,49.91,0,0,Synthetic
131.88,16.79,18.64,43.44,0,0,Synthetic
134.59,13.08,28.98,57.59,0,0,Synthetic
294.4,26.81,29.4,77.28,0,0,Synthetic
641.5,120.45,43.99,54.2,1,2,Synthetic
439.65,35.02,35.12,71.0,0,0,Synthetic
361.86,51.51,43.67,82.21,0,1,Synthetic
214.27,22.21,29.31,42.67,0,0,Synthetic
149.47,32.59,46.51,54.4,0,0,Synthetic
248.65,17.62,24.47,76.58,0,0,Synthetic
459.01,53.75,34.77,72.41,0,0,Synthetic
108.6,0.9,30.53,61.39,0,0,Synthetic
5.81,9.52,24.53,50.55,0,0,Synthetic
341.05,34.11,37.55,48.09,0,0,Synthetic
101.87,6.39,31.75,37.56,0,0,Synthetic
272.05,29.68,53.16,68.62,0,0,Synthetic
349.92,35.19,59.27,79.54,0,1,Synthetic
130.84,18.9,20.65,50.07,0,0,Synthetic
192.94,6.73,17.78,40.66,0,0,Synthetic
130.85,1.61,22.48,72.0,0,0,Synthetic
190.79,33.6,28.34,66.23,0,0,Synthetic
20.22,10.36,21.32,51.44,0,0,Synthetic
321.27,6.39,31.97,39.83,0,0,Synthetic
905.45,153.68,47.46,66.58,0,2,Synthetic
217.69,8.4,32.72,53.44,0,0,Synthetic
201.86,14.1,23.88,56.77,0,0,Synthetic
934.48,84.59,40.42,77.8,0,2,Synthetic
621.05,33.66,25.02,53.37,0,0,Synthetic
802.38,193.42,34.48,69.26,0,2,Synthetic
831.36,130.09,53.56,76.2,0,2,Synthetic
27.96,25.86,21.89,72.6,0,0,Synthetic
235.04,4.4,21.83,43.96,0,0,Synthetic
204.77,21.91,29.35,78.0,0,0,Synthetic
229.95,0.0,28.34,62.19,0,0,Synthetic
206.32,8.68,28.5,76.5,0,0,Synthetic
181.59,18.29,32.23,15.26,0,0,Synthetic
386.6,37.5,35.05,74.75,0,0,Synthetic
99.18,0.0,24.12,35.97,0,0,Synthetic
161.42,11.61,24.17,64.36,0,0,Synthetic
411.82,43.23,50.05,100.0,0,1,Synthetic
87.01,47.3,26.21,50.66,0,0,Synthetic
129.91,20.51,29.68,56.1,0,0,Synthetic
351.78,66.12,17.22,56.59,0,0,Synthetic
779.7,156.54,46.9,75.1,0,2,Synthetic
415.35,28.5,45.65,75.43,0,0,Synthetic
1022.95,140.31,49.31,62.67,0,2,Synthetic
144.26,30.48,25.34,55.64,0,0,Synthetic
233.05,10.63,24.47,61.02,0,0,Synthetic
381.87,27.21,35.2,63.12,0,0,Synthetic
259.85,23.28,32.89,51.94,0,0,Synthetic
818.92,162.61,52.75,74.95,0,2,Synthetic
321.67,25.99,42.06,51.82,0,0,Synthetic
264.59,17.9,26.65,84.83,0,0,Synthetic
321.28,51.75,50.85,65.92,0,1,Synthetic
95.77,25.54,27.76,68.34,0,0,Synthetic
583.55,35.0,31.76,45.94,0,0,Synthetic
182.36,8.69,23.21,76.86,0,0,Synthetic
184.87,2.53,19.93,68.98,0,0,Synthetic
104.28,26.74,18.27,59.83,0,0,Synthetic
222.54,25.4,26.1,34.0,0,0,Synthetic
267.14,80.63,33.04,74.73,0,0,Synthetic
256.29,70.07,24.55,53.05,0,0,Synthetic
47.02,14.0,25.96,47.21,0,0,Synthetic
306.28,19.81,25.23,55.89,0,0,Synthetic
961.83,122.27,45.09,68.4,0,2,Synthetic
376.2,15.5,23.83,91.75,0,0,Synthetic
1059.13,89.09,27.56,66.99,0,1,Synthetic
278.63,89.96,22.4,63.55,0,0,Synthetic
373.92,39.11,35.09,70.77,0,0,Synthetic
385.57,44.63,43.37,76.5,0,0,Synthetic
346.3,33.72,26.8,63.29,0,0,Synthetic
184.23,2.86,17.76,47.32,0,0,Synthetic
549.92,23.93,36.26,55.49,0,0,Synthetic
272.65,0.0,25.27,47.33,0,0,Synthetic
429.0,56.75,42.67,63.4,0,1,Synthetic
237.33,4.05,25.49,62.94,0,0,Synthetic
425.85,53.31,36.24,70.59,0,0,Synthetic
1229.13,74.8,30.27,73.31,0,1,Synthetic
329.94,69.46,25.72,69.91,0,0,Synthetic
190.6,25.9,16.78,56.54,0,0,Synthetic
106.24,2.4,26.16,62.91,0,0,Synthetic
5.77,16.73,21.34,55.96,0,0,Synthetic
225.76,62.68,51.94,66.04,0,1,Synthetic
63.12,33.34,18.3,48.73,0,0,Synthetic
309.47,26.73,40.96,63.58,0,0,Synthetic
275.65,52.05,31.23,70.88,0,0,Synthetic
117.23,17.55,23.37,31.15,0,0,Synthetic
326.78,137.39,21.68,58.83,0,1,Synthetic
112.27,6.74,28.56,40.55,0,0,Synthetic
566.27,17.96,33.57,36.75,0,0,Synthetic
198.28,11.11,19.57,54.8,0,0,Synthetic
356.36,58.59,34.94,55.27,0,0,Synthetic
199.28,17.04,28.25,62.63,0,0,Synthetic
377.41,41.5,36.01,79.76,0,0,Synthetic
259.48,46.98,53.19,77.46,0,1,Synthetic
178.4,1.29,19.76,45.74,0,0,Synthetic
653.52,152.78,43.23,85.45,0,2,Synthetic
85.65,4.07,22.66,35.73,0,0,Synthetic
168.61,5.77,31.88,85.95,0,0,Synthetic
288.27,9.4,27.01,77.06,0,0,Synthetic
595.08,35.38,32.18,58.16,0,0,Synthetic
272.05,16.9,28.33,39.57,0,0,Synthetic
1083.05,50.04,38.86,59.38,0,2,Synthetic
160.87,4.41,20.09,67.55,0,0,Synthetic
259.21,5.32,13.42,63.72,0,0,Synthetic
476.26,32.16,31.4,60.33,0,0,Synthetic
270.45,57.16,21.81,64.48,0,0,Synthetic
142.97,9.3,14.01,35.71,0,0,Synthetic
42.94,6.23,29.89,59.65,0,0,Synthetic
164.79,8.58,17.73,45.57,0,0,Synthetic
274.64,9.14,34.67,71.13,0,0,Synthetic
156.16,9.47,32.65,33.44,0,0,Synthetic
182.39,15.25,24.33,51.26,0,0,Synthetic
121.17,2.57,20.71,56.26,0,0,Synthetic
1129.38,127.05,52.43,79.48,0,2,Synthetic
266.73,26.53,28.39,50.68,0,0,Synthetic
178.93,19.99,32.26,53.49,0,0,Synthetic
12.11,11.42,30.19,36.93,0,0,Synthetic
386.83,22.65,38.47,52.95,0,0,Synthetic
44.08,19.85,17.81,53.7,0,0,Synthetic
203.21,12.93,25.17,68.64,0,0,Synthetic
145.17,22.82,19.09,54.69,0,0,Synthetic
209.47,24.32,30.85,82.71,0,0,Synthetic
435.91,24.31,42.54,64.49,0,0,Synthetic
304.5,29.29,43.49,54.1,0,0,Synthetic
466.58,210.82,34.2,60.32,0,1,Synthetic
191.75,38.39,24.23,57.29,0,0,Synthetic
82.38,9.33,23.23,53.71,0,0,Synthetic
376.2,36.05,40.43,70.38,0,0,Synthetic
306.99,39.79,45.6,80.52,0,0,Synthetic
569.91,151.87,38.9,40.64,0,2,Synthetic
301.21,19.01,26.38,73.37,0,0,Synthetic
90.37,8.95,18.52,54.76,0,0,Synthetic
675.21,33.45,30.22,63.06,0,0,Synthetic
115.72,25.28,20.18,22.86,0,0,Synthetic
368.62,46.63,34.47,81.59,0,0,Synthetic
515.43,44.85,34.67,80.21,0,0,Synthetic
173.37,5.57,25.23,59.89,0,0,Synthetic
137.88,6.42,22.19,65.89,0,0,Synthetic
178.28,9.41,27.89,54.97,0,0,Synthetic
312.36,28.35,21.6,74.38,0,0,Synthetic
31.94,15.06,23.88,60.19,0,0,Synthetic
405.97,133.14,37.49,54.86,0,1,Synthetic
238.75,11.22,28.49,58.19,0,0,Synthetic
171.17,1.83,25.66,49.54,0,0,Synthetic
285.69,29.43,42.83,84.22,0,0,Synthetic
539.99,18.46,46.35,73.37,0,1,Synthetic
248.89,13.84,25.72,81.77,0,0,Synthetic
62.45,8.46,20.6,53.88,0,0,Synthetic
179.49,16.65,24.38,96.01,0,0,Synthetic
201.01,2.51,32.36,83.06,0,0,Synthetic
492.84,51.11,40.62,80.7,0,1,Synthetic
248.48,6.04,20.58,68.42,0,0,Synthetic
274.53,59.44,27.71,50.61,0,0,Synthetic
418.03,54.29,38.69,84.19,0,0,Synthetic
240.27,15.76,22.64,61.5,0,0,Synthetic
901.88,134.59,46.01,27.35,1,2,Synthetic
91.5,14.05,35.17,64.59,0,0,Synthetic
746.92,83.53,37.08,55.45,0,2,Synthetic
160.12,9.52,21.46,83.43,0,0,Synthetic
133.16,5.39,26.72,37.51,0,0,Synthetic
95.97,12.27,18.99,59.31,0,0,Synthetic
102.24,25.97,26.26,41.56,0,0,Synthetic
1.55,8.98,23.23,44.79,0,0,Synthetic
895.76,82.73,36.44,54.85,0,2,Synthetic
537.93,115.8,41.54,47.58,1,2,Synthetic
214.08,88.82,28.38,65.42,0,0,Synthetic
260.42,8.46,20.16,48.84,0,0,Synthetic
448.48,45.81,53.91,91.86,0,1,Synthetic
370.4,39.56,58.92,87.76,0,1,Synthetic
132.78,0.0,22.45,49.38,0,0,Synthetic
142.78,27.28,32.14,53.71,0,0,Synthetic
311.75,0.0,20.01,59.79,0,0,Synthetic
542.3,59.36,37.69,67.08,0,1,Synthetic
274.04,95.14,27.4,66.31,0,1,Synthetic
52.52,13.08,23.46,59.15,0,0,Synthetic
296.95,230.54,42.4,67.08,0,1,Synthetic
492.48,19.21,32.34,54.88,0,0,Synthetic
140.45,13.3,21.65,45.34,0,0,Synthetic
241.74,20.54,23.96,55.43,0,0,Synthetic
123.28,2.42,18.76,66.86,0,0,Synthetic
1069.14,45.43,33.24,51.47,0,1,Synthetic
102.17,27.32,28.06,55.75,0,0,Synthetic
1272.42,82.62,35.37,62.09,0,2,Synthetic
57.41,19.7,21.18,36.32,0,0,Synthetic
489.74,21.57,34.28,54.56,0,0,Synthetic
82.49,21.73,30.15,34.16,0,0,Synthetic
220.92,2.08,28.87,64.8,0,0,Synthetic
509.61,31.18,28.61,58.97,0,0,Synthetic
540.86,43.25,31.8,51.8,0,0,Synthetic
119.87,10.92,19.69,39.64,0,0,Synthetic
234.94,31.29,54.06,80.83,0,0,Synthetic
353.32,29.26,50.83,55.32,0,0,Synthetic
186.27,15.09,33.19,58.75,0,0,Synthetic
153.41,3.34,26.65,41.57,0,0,Synthetic
845.37,163.74,60.99,39.85,1,2,Synthetic
161.57,1.76,25.82,46.79,0,0,Synthetic
139.7,6.22,21.6,63.86,0,0,Synthetic
253.19,16.79,27.68,63.99,0,0,Synthetic
153.05,12.15,17.35,39.14,0,0,Synthetic
128.72,2.43,24.53,64.36,0,0,Synthetic
274.17,16.08,19.66,59.44,0,0,Synthetic
214.82,85.66,31.66,61.0,0,0,Synthetic
211.69,44.9,44.48,42.4,0,0,Synthetic
203.25,10.62,27.07,40.54,0,0,Synthetic
219.98,15.48,29.47,79.17,0,0,Synthetic
893.35,3.07,31.32,73.21,0,1,Synthetic
1141.4,70.79,46.85,56.56,0,2,Synthetic
97.72,18.26,24.09,50.5,0,0,Synthetic
815.16,11.58,31.31,59.81,0,1,Synthetic
365.06,22.97,43.23,75.02,0,0,Synthetic
242.4,0.0,22.32,43.72,0,0,Synthetic
217.79,10.93,31.72,74.81,0,0,Synthetic
109.37,32.82,26.22,50.63,0,0,Synthetic
950.67,64.72,19.25,59.54,0,1,Synthetic
293.35,22.99,49.83,60.26,0,0,Synthetic
279.26,23.01,24.46,64.42,0,0,Synthetic
90.21,9.14,16.91,58.9,0,0,Synthetic
147.08,18.22,26.45,57.02,0,0,Synthetic
264.61,9.22,22.39,38.5,0,0,Synthetic
200.45,17.95,21.85,82.04,0,0,Synthetic
865.1,78.12,30.25,41.24,0,1,Synthetic
146.8,21.14,24.92,35.36,0,0,Synthetic
331.96,77.33,29.17,67.78,0,0,Synthetic
285.09,20.12,22.82,72.96,0,0,Synthetic
257.61,11.79,32.81,78.74,0,0,Synthetic
675.9,184.66,48.26,77.63,0,2,Synthetic
244.86,13.23,31.07,60.01,0,0,Synthetic
109.71,25.32,29.61,88.09,0,0,Synthetic
165.51,12.96,33.78,42.73,0,0,Synthetic
132.17,16.04,30.07,47.99,0,0,Synthetic
226.51,13.05,19.9,65.25,0,0,Synthetic
268.78,16.85,25.62,57.55,0,0,Synthetic
874.25,188.31,46.7,49.95,1,2,Synthetic
220.38,50.5,32.12,47.49,0,0,Synthetic
117.51,4.87,21.7,63.74,0,0,Synthetic
216.37,35.18,21.78,77.44,0,0,Synthetic
394.42,12.07,24.09,61.1,0,0,Synthetic
187.3,18.18,21.86,49.18,0,0,Synthetic
271.33,17.51,28.06,54.26,0,0,Synthetic
195.64,15.6,30.81,58.62,0,0,Synthetic
379.96,62.64,34.67,63.01,0,0,Synthetic
903.4,152.16,42.42,67.47,0,2,Synthetic
218.13,8.5,17.14,53.22,0,0,Synthetic
139.15,11.31,32.05,48.48,0,0,Synthetic
325.66,169.63,35.39,55.11,0,1,Synthetic
190.54,23.63,29.62,45.05,0,0,Synthetic
185.02,38.15,22.9,65.75,0,0,Synthetic
890.61,197.47,61.59,71.42,0,2,Synthetic
258.15,17.06,25.8,38.98,0,0,Synthetic
814.95,186.46,55.11,18.82,1,2,Synthetic
143.09,3.21,29.61,59.98,0,0,Synthetic
179.26,16.68,19.11,33.17,0,0,Synthetic
182.7,8.43,33.11,54.05,0,0,Synthetic
157.36,17.55,28.8,67.68,0,0,Synthetic
235.91,12.16,13.7,38.54,0,0,Synthetic
230.27,13.19,19.09,52.31,0,0,Synthetic
1097.35,88.81,39.94,71.32,0,2,Synthetic
105.04,8.64,23.41,44.77,0,0,Synthetic
245.92,5.75,23.14,39.95,0,0,Synthetic
104.76,15.58,29.0,75.43,0,0,Synthetic
836.21,203.17,49.6,73.37,0,2,Synthetic
192.16,27.28,46.05,66.79,0,0,Synthetic
182.92,14.76,23.22,24.66,0,0,Synthetic
360.06,16.64,43.94,71.13,0,0,Synthetic
1253.23,65.95,39.36,37.39,0,2,Synthetic
5.08,1.37,22.68,82.23,0,0,Synthetic
202.73,17.83,28.51,48.12,0,0,Synthetic
207.05,3.87,26.71,68.02,0,0,Synthetic
155.55,60.86,24.16,53.3,0,0,Synthetic
92.26,10.75,24.65,56.26,0,0,Synthetic
265.73,0.0,20.01,85.04,0,0,Synthetic
75.64,18.97,26.5,65.62,0,0,Synthetic
113.37,0.0,35.6,64.11,0,0,Synthetic
101.73,6.74,25.61,40.59,0,0,Synthetic
423.15,66.42,36.88,76.21,0,1,Synthetic
232.63,0.74,29.97,53.29,0,0,Synthetic
195.84,9.87,16.68,47.19,0,0,Synthetic
308.07,93.22,27.68,44.64,0,0,Synthetic
278.67,16.19,32.62,83.4,0,0,Synthetic
297.7,36.7,48.7,85.45,0,0,Synthetic
178.27,11.67,28.18,34.75,0,0,Synthetic
260.21,23.24,24.05,46.5,0,0,Synthetic
92.48,8.26,23.12,64.97,0,0,Synthetic
8.49,16.13,24.91,57.43,0,0,Synthetic
226.67,14.59,19.64,33.12,0,0,Synthetic
166.04,30.65,25.49,76.23,0,0,Synthetic
205.3,11.72,22.93,68.37,0,0,Synthetic
314.85,10.62,29.14,44.03,0,0,Synthetic
272.5,20.45,23.05,57.33,0,0,Synthetic
106.9,11.19,29.56,37.39,0,0,Synthetic
201.5,10.94,30.13,52.95,0,0,Synthetic
192.08,14.81,31.26,57.12,0,0,Synthetic
266.38,23.53,22.47,64.66,0,0,Synthetic
196.87,59.86,32.73,57.06,0,0,Synthetic
403.97,54.4,54.1,93.12,0,1,Synthetic
264.75,8.21,21.14,56.28,0,0,Synthetic
1010.55,120.24,50.3,63.48,0,2,Synthetic
189.77,0.72,33.68,48.73,0,0,Synthetic
247.19,21.05,23.38,61.42,0,0,Synthetic
158.76,6.21,24.88,42.39,0,0,Synthetic
289.58,98.59,40.86,60.56,0,1,Synthetic
303.08,24.34,26.83,73.68,0,0,Synthetic
365.09,47.53,37.57,75.69,0,0,Synthetic
247.36,24.38,17.24,61.31,0,0,Synthetic
285.06,31.92,40.71,60.4,0,0,Synthetic
7.52,20.4,32.34,61.55,0,0,Synthetic
417.84,27.24,36.85,77.25,0,0,Synthetic
99.38,11.82,27.03,71.5,0,0,Synthetic
334.18,83.47,33.91,57.45,0,0,Synthetic
522.28,125.49,30.72,65.48,0,1,Synthetic
263.84,28.01,32.44,86.26,0,0,Synthetic
257.54,6.31,27.71,69.85,0,0,Synthetic
659.22,15.07,23.73,65.91,0,0,Synthetic
109.08,4.64,28.53,58.72,0,0,Synthetic
365.41,43.66,40.08,92.4,0,0,Synthetic
147.23,3.16,32.28,74.82,0,0,Synthetic
303.47,20.62,25.23,84.36,0,0,Synthetic
261.25,17.77,28.92,64.54,0,0,Synthetic
183.9,10.29,32.02,66.87,0,0,Synthetic
379.24,141.74,37.51,59.84,0,1,Synthetic
144.1,1.79,22.95,63.58,0,0,Synthetic
366.99,60.38,49.64,63.22,0,1,Synthetic
245.46,64.2,22.15,61.04,0,0,Synthetic
192.46,0.0,19.65,68.15,0,0,Synthetic
185.32,20.18,25.48,72.19,0,0,Synthetic
4.11,2.9,26.45,62.98,0,0,Synthetic
100.56,13.51,19.26,61.79,0,0,Synthetic
129.59,10.37,26.03,57.43,0,0,Synthetic
71.36,9.3,28.41,70.36,0,0,Synthetic
153.95,33.18,27.04,65.12,0,0,Synthetic
240.0,7.84,24.78,47.31,0,0,Synthetic
526.06,37.93,29.83,71.3,0,0,Synthetic
268.45,22.13,46.73,57.48,0,0,Synthetic
8.12,27.96,23.75,48.27,0,0,Synthetic
994.41,114.8,56.49,89.94,0,2,Synthetic
61.71,26.23,25.22,79.16,0,0,Synthetic
388.01,162.86,33.8,60.09,0,1,Synthetic
453.26,31.58,46.12,57.58,0,1,Synthetic
176.67,27.76,21.14,62.07,0,0,Synthetic
220.56,0.0,29.69,45.86,0,0,Synthetic
839.47,45.07,36.3,55.13,0,1,Synthetic
347.63,17.12,23.5,44.21,0,0,Synthetic
92.65,2.92,31.21,72.71,0,0,Synthetic
130.39,12.6,19.01,51.19,0,0,Synthetic
435.28,20.15,34.27,52.83,0,0,Synthetic
186.46,19.9,33.56,51.64,0,0,Synthetic
237.77,13.37,27.85,59.41,0,0,Synthetic
280.49,0.0,28.86,79.34,0,0,Synthetic
377.13,1.29,21.9,56.86,0,0,Synthetic
57.22,6.94,23.25,49.84,0,0,Synthetic
283.04,24.59,22.48,76.67,0,0,Synthetic
632.97,41.19,23.13,41.92,0,0,Synthetic
532.74,34.32,39.1,41.55,0,0,Synthetic
876.36,86.22,35.42,59.21,0,2,Synthetic
174.96,14.39,22.45,76.7,0,0,Synthetic
316.63,3.34,16.19,48.24,0,0,Synthetic
190.98,8.97,29.26,46.47,0,0,Synthetic
804.14,189.88,53.51,59.25,0,2,Synthetic
304.04,0.0,46.02,56.9,0,0,Synthetic
130.6,14.31,29.2,65.62,0,0,Synthetic
150.57,5.95,24.99,46.56,0,0,Synthetic
155.15,7.09,26.0,51.86,0,0,Synthetic
507.58,54.09,40.96,60.0,0,1,Synthetic
26.03,15.39,24.61,39.12,0,0,Synthetic
772.5,146.97,50.95,76.61,0,2,Synthetic
169.03,11.67,23.3,59.97,0,0,Synthetic
175.39,7.18,22.5,76.07,0,0,Synthetic
98.61,25.34,22.49,54.18,0,0,Synthetic
182.25,19.84,25.36,70.19,0,0,Synthetic
175.61,15.35,26.49,66.15,0,0,Synthetic
357.97,48.2,56.87,79.33,0,1,Synthetic
133.61,6.65,18.26,52.67,0,0,Synthetic
910.53,83.52,51.83,35.91,1,2,Synthetic
50.71,10.75,28.59,26.76,0,0,Synthetic
813.7,134.71,43.48,51.46,1,2,Synthetic
221.42,20.28,15.12,66.9,0,0,Synthetic
483.13,43.26,36.27,68.69,0,0,Synthetic
262.65,8.47,28.35,43.21,0,0,Synthetic
996.6,89.31,51.08,64.19,0,2,Synthetic
203.32,21.66,32.26,58.32,0,0,Synthetic
334.42,46.32,47.29,62.22,0,0,Synthetic
316.94,84.43,21.21,72.85,0,0,Synthetic
424.37,50.03,40.28,71.81,0,0,Synthetic
254.74,13.83,23.12,54.13,0,0,Synthetic
130.61,30.19,25.45,62.81,0,0,Synthetic
66.68,10.8,25.24,53.46,0,0,Synthetic
414.4,24.07,43.77,63.06,0,0,Synthetic
149.1,6.21,30.36,52.5,0,0,Synthetic
386.96,30.68,29.88,56.79,0,0,Synthetic
129.47,15.19,17.73,85.6,0,0,Synthetic
89.44,16.67,21.93,43.97,0,0,Synthetic
452.1,70.85,42.38,76.15,0,1,Synthetic
230.09,15.38,31.02,87.39,0,0,Synthetic
746.59,197.66,46.85,45.84,1,2,Synthetic
94.59,13.66,25.9,62.07,0,0,Synthetic
243.15,13.02,32.23,44.88,0,0,Synthetic
434.74,36.7,27.94,70.51,0,0,Synthetic
251.24,10.97,36.76,47.61,0,0,Synthetic
137.05,32.58,20.9,51.19,0,0,Synthetic
71.0,23.96,25.43,48.74,0,0,Synthetic
99.66,13.75,32.51,58.48,0,0,Synthetic
381.68,35.1,26.73,59.21,0,0,Synthetic
14.67,8.99,29.32,54.4,0,0,Synthetic
44.17,15.75,30.36,52.86,0,0,Synthetic
300.48,63.04,26.52,66.0,0,0,Synthetic
291.79,76.5,33.04,60.11,0,0,Synthetic
141.23,18.39,12.62,37.91,0,0,Synthetic
98.54,9.54,21.88,31.55,0,0,Synthetic
260.33,105.26,20.67,54.81,0,0,Synthetic
173.55,25.68,28.59,62.23,0,0,Synthetic
911.94,158.14,47.25,68.08,0,2,Synthetic
392.81,32.05,25.88,56.36,0,0,Synthetic
225.97,20.37,27.93,80.88,0,0,Synthetic
194.59,0.0,29.88,61.8,0,0,Synthetic
222.49,19.1,22.1,64.3,0,0,Synthetic
487.92,24.1,22.57,40.73,0,0,Synthetic
92.11,10.69,32.0,63.63,0,0,Synthetic
214.87,58.48,55.55,73.25,0,1,Synthetic
70.42,0.51,27.46,39.87,0,0,Synthetic
306.03,56.81,31.8,74.0,0,0,Synthetic
129.08,37.32,28.94,41.28,0,0,Synthetic
284.57,18.72,21.5,43.25,0,0,Synthetic
84.09,5.28,28.79,51.35,0,0,Synthetic
141.79,19.67,19.98,81.99,0,0,Synthetic
325.01,29.05,41.37,67.23,0,0,Synthetic
148.76,12.76,26.12,86.03,0,0,Synthetic
354.28,83.36,31.57,61.63,0,0,Synthetic
279.55,5.95,25.25,60.75,0,0,Synthetic
82.01,12.72,20.37,85.49,0,0,Synthetic
161.01,33.19,29.98,50.38,0,0,Synthetic
274.01,40.06,51.75,78.26,0,0,Synthetic
164.45,5.35,25.05,65.32,0,0,Synthetic
425.07,100.97,63.76,57.05,1,2,Synthetic
89.31,21.83,26.46,41.17,0,0,Synthetic
191.72,12.59,31.71,77.22,0,0,Synthetic
209.03,11.88,18.76,39.63,0,0,Synthetic
398.39,28.48,45.22,83.8,0,0,Synthetic
280.75,26.88,24.47,85.58,0,0,Synthetic
139.09,21.77,23.25,78.8,0,0,Synthetic
229.61,18.14,23.73,89.73,0,0,Synthetic
83.92,17.42,35.37,77.12,0,0,Synthetic
182.03,17.28,27.39,58.85,0,0,Synthetic
115.04,13.41,31.97,54.14,0,0,Synthetic
158.69,14.53,25.39,38.56,0,0,Synthetic
91.06,14.05,22.29,78.63,0,0,Synthetic
457.16,45.03,26.4,43.21,0,0,Synthetic
199.63,26.23,46.23,79.83,0,0,Synthetic
103.31,2.26,17.99,59.04,0,0,Synthetic
202.11,20.57,36.12,41.52,0,0,Synthetic
1.43,6.47,22.04,78.4,0,0,Synthetic
210.0,22.66,20.17,44.97,0,0,Synthetic
284.81,24.67,28.6,76.78,0,0,Synthetic
228.22,17.42,27.36,45.52,0,0,Synthetic
165.66,9.77,26.28,57.34,0,0,Synthetic
50.87,26.62,29.5,48.75,0,0,Synthetic
96.2,13.51,20.95,50.16,0,0,Synthetic
16.42,20.15,22.17,61.02,0,0,Synthetic
568.4,47.36,29.99,72.42,0,0,Synthetic
436.82,200.56,38.76,44.68,0,1,Synthetic
1088.18,141.57,55.66,34.86,1,2,Synthetic
283.01,31.23,39.72,56.53,0,0,Synthetic
268.29,66.27,22.99,73.72,0,0,Synthetic
104.43,21.22,18.12,29.48,0,0,Synthetic
262.9,44.19,37.61,71.13,0,0,Synthetic
246.02,112.94,27.65,38.69,0,1,Synthetic
144.42,14.55,30.99,76.53,0,0,Synthetic
588.91,58.33,28.97,48.38,0,0,Synthetic
190.1,17.71,23.98,84.94,0,0,Synthetic
76.92,15.97,24.46,50.45,0,0,Synthetic
88.61,4.8,29.81,69.57,0,0,Synthetic
185.92,16.14,19.95,49.35,0,0,Synthetic
140.56,21.1,21.86,43.17,0,0,Synthetic
290.81,19.12,28.14,55.62,0,0,Synthetic
30.54,26.49,26.71,75.87,0,0,Synthetic
225.65,22.59,44.53,60.21,0,0,Synthetic
231.39,5.94,28.34,47.66,0,0,Synthetic
287.96,20.8,42.13,43.51,0,0,Synthetic
0.89,15.07,24.08,64.0,0,0,Synthetic
359.59,26.74,44.03,67.99,0,0,Synthetic
110.56,24.76,24.53,38.75,0,0,Synthetic
220.9,0.0,23.96,48.73,0,0,Synthetic
163.99,20.34,21.75,44.78,0,0,Synthetic
214.59,2.59,26.43,33.8,0,0,Synthetic
248.44,5.34,20.79,55.6,0,0,Synthetic
194.21,2.53,26.33,67.58,0,0,Synthetic
146.16,12.26,28.15,87.76,0,0,Synthetic
711.55,173.25,47.64,82.03,0,2,Synthetic
301.07,39.28,39.14,82.13,0,0,Synthetic
389.55,63.52,48.6,64.78,0,1,Synthetic
205.76,85.43,27.58,44.96,0,0,Synthetic
401.8,83.63,26.69,73.95,0,0,Synthetic
203.77,34.16,28.33,45.19,0,0,Synthetic
79.96,11.24,32.07,41.83,0,0,Synthetic
231.62,53.08,35.03,55.2,0,0,Synthetic
410.22,38.98,36.58,78.02,0,0,Synthetic
1055.34,56.6,33.28,79.37,0,1,Synthetic
91.35,11.5,29.84,87.44,0,0,Synthetic
126.26,22.75,24.95,69.95,0,0,Synthetic
142.11,7.04,24.45,43.26,0,0,Synthetic
191.72,12.15,22.18,54.64,0,0,Synthetic
809.4,180.88,51.84,34.31,1,2,Synthetic
385.31,35.58,34.98,66.91,0,0,Synthetic
77.24,5.72,31.74,53.75,0,0,Synthetic
261.53,6.72,31.11,88.95,0,0,Synthetic
398.28,167.85,35.84,62.54,0,1,Synthetic
152.2,9.66,24.2,55.61,0,0,Synthetic
317.88,36.82,49.15,52.21,0,0,Synthetic
110.82,26.74,26.31,62.78,0,0,Synthetic
63.77,23.4,22.39,61.49,0,0,Synthetic
192.99,4.87,23.47,51.55,0,0,Synthetic
122.25,1.2,31.22,47.21,0,0,Synthetic
303.87,5.97,20.16,42.28,0,0,Synthetic
89.22,32.03,30.16,67.77,0,0,Synthetic
239.19,12.11,25.88,83.72,0,0,Synthetic
168.73,15.34,23.84,61.24,0,0,Synthetic
369.3,36.82,37.95,67.61,0,0,Synthetic
214.34,15.8,27.31,60.54,0,0,Synthetic
186.5,12.78,29.93,59.05,0,0,Synthetic
145.11,22.97,25.75,64.38,0,0,Synthetic
236.37,14.64,21.68,57.17,0,0,Synthetic
191.78,5.29,18.75,57.64,0,0,Synthetic
295.47,21.66,22.33,58.56,0,0,Synthetic
784.61,112.08,61.63,32.95,1,2,Synthetic
310.8,33.78,49.96,77.14,0,0,Synthetic
369.85,22.73,28.84,61.74,0,0,Synthetic
145.58,23.51,31.92,41.75,0,0,Synthetic
48.31,7.82,18.06,68.77,0,0,Synthetic
328.94,13.58,22.02,47.99,0,0,Synthetic
209.2,7.43,30.15,41.54,0,0,Synthetic
109.39,28.08,20.86,53.49,0,0,Synthetic
188.59,19.0,21.78,68.79,0,0,Synthetic
300.61,15.16,28.75,57.51,0,0,Synthetic
14.01,6.45,26.65,79.28,0,0,Synthetic
181.75,6.83,21.81,52.63,0,0,Synthetic
107.46,19.14,23.64,31.4,0,0,Synthetic
247.31,0.59,27.6,55.27,0,0,Synthetic
0.0,6.34,20.77,45.45,0,0,Synthetic
125.05,17.34,20.39,62.63,0,0,Synthetic
67.75,10.66,28.79,83.44,0,0,Synthetic
105.74,15.08,13.51,58.55,0,0,Synthetic
49.16,8.83,25.21,39.23,0,0,Synthetic
367.51,23.98,38.84,89.91,0,0,Synthetic
282.38,25.77,21.37,54.44,0,0,Synthetic
190.48,86.38,26.64,63.1,0,0,Synthetic
943.8,127.57,51.87,66.54,0,2,Synthetic
468.69,53.74,37.46,81.74,0,0,Synthetic
270.18,13.19,23.65,66.69,0,0,Synthetic
209.23,19.13,25.5,22.79,0,0,Synthetic
504.45,48.82,43.8,83.85,0,1,Synthetic
318.56,8.39,23.03,73.13,0,0,Synthetic
71.0,6.97,29.68,70.69,0,0,Synthetic
564.57,34.77,34.67,45.02,0,0,Synthetic
61.38,10.31,27.56,53.56,0,0,Synthetic
162.77,28.78,26.7,55.43,0,0,Synthetic
559.06,39.53,35.79,63.95,0,0,Synthetic
508.15,39.82,37.91,75.26,0,0,Synthetic
118.21,1.62,17.24,57.5,0,0,Synthetic
328.74,68.7,38.33,64.54,0,1,Synthetic
378.55,22.36,26.79,65.6,0,0,Synthetic
266.16,24.2,29.17,83.6,0,0,Synthetic
315.06,22.14,31.69,69.51,0,0,Synthetic
392.24,64.17,29.05,58.84,0,0,Synthetic
754.97,80.71,37.6,51.28,0,2,Synthetic
286.52,64.25,27.55,49.72,0,0,Synthetic
182.63,9.01,22.78,43.04,0,0,Synthetic
831.99,139.06,54.15,86.24,0,2,Synthetic
515.36,36.15,26.82,51.53,0,0,Synthetic
227.19,16.66,21.39,67.99,0,0,Synthetic
229.43,85.6,36.32,70.38,0,0,Synthetic
355.64,78.12,23.43,54.87,0,0,Synthetic
502.47,30.9,36.69,72.25,0,0,Synthetic
146.69,24.0,30.52,65.77,0,0,Synthetic
360.61,32.66,47.81,74.26,0,1,Synthetic
252.78,19.19,39.48,64.69,0,0,Synthetic
163.42,22.08,29.24,53.21,0,0,Synthetic
187.48,7.99,27.56,74.64,0,0,Synthetic
332.76,45.58,58.7,71.31,0,1,Synthetic
239.82,22.1,25.98,37.03,0,0,Synthetic
246.28,19.45,31.29,82.23,0,0,Synthetic
139.47,17.27,20.35,55.14,0,0,Synthetic
325.56,39.93,42.38,63.9,0,0,Synthetic
690.38,182.64,61.01,38.26,1,2,Synthetic
892.32,29.56,33.8,49.74,0,1,Synthetic
267.99,8.65,25.17,62.06,0,0,Synthetic
83.96,10.53,31.66,34.85,0,0,Synthetic
346.95,8.93,40.71,70.45,0,0,Synthetic
330.01,34.03,45.76,58.17,0,0,Synthetic
164.94,14.48,27.18,52.6,0,0,Synthetic
360.55,47.77,52.3,82.25,0,1,Synthetic
649.73,26.72,31.66,44.73,0,1,Synthetic
660.97,30.43,30.31,70.5,0,0,Synthetic
199.06,21.16,20.79,59.69,0,0,Synthetic
255.72,20.08,20.53,49.39,0,0,Synthetic
286.56,56.41,32.11,93.78,0,0,Synthetic
169.07,15.75,21.8,60.01,0,0,Synthetic
18.27,26.06,22.76,58.7,0,0,Synthetic
418.28,43.09,42.38,81.49,0,0,Synthetic
157.17,24.46,25.39,58.84,0,0,Synthetic
988.22,90.81,44.89,84.48,0,2,Synthetic
76.09,28.68,20.02,29.66,0,0,Synthetic
555.19,4.14,37.21,41.33,0,0,Synthetic
198.22,17.26,26.15,63.45,0,0,Synthetic
344.83,40.75,42.62,57.19,0,0,Synthetic
374.29,55.43,41.29,84.98,0,1,Synthetic
743.49,155.0,63.1,19.9,1,2,Synthetic
265.13,13.97,24.92,46.13,0,0,Synthetic
268.49,20.07,23.82,72.95,0,0,Synthetic
248.86,22.55,28.32,47.08,0,0,Synthetic
250.82,24.95,29.95,87.0,0,0,Synthetic
227.13,17.41,19.97,87.7,0,0,Synthetic
312.05,132.26,26.06,55.58,0,1,Synthetic
232.52,1.14,25.46,49.41,0,0,Synthetic
61.2,37.57,31.71,56.51,0,0,Synthetic
128.23,15.82,30.29,47.87,0,0,Synthetic
621.7,217.95,38.6,56.0,0,2,Synthetic
341.37,96.88,29.27,56.42,0,1,Synthetic
301.07,22.91,27.76,70.28,0,0,Synthetic
347.99,19.49,23.18,84.81,0,0,Synthetic
129.22,15.9,22.42,61.03,0,0,Synthetic
225.33,15.74,21.78,43.73,0,0,Synthetic
234.34,13.45,28.58,77.0,0,0,Synthetic
468.44,60.71,36.88,78.66,0,0,Synthetic
1002.11,164.65,44.64,69.33,0,2,Synthetic
388.1,52.57,39.74,77.51,0,0,Synthetic
165.42,16.19,12.76,61.61,0,0,Synthetic
190.16,17.9,27.65,86.97,0,0,Synthetic
142.34,21.66,30.49,65.72,0,0,Synthetic
339.07,12.87,31.55,51.56,0,0,Synthetic
276.03,21.24,26.64,47.96,0,0,Synthetic
112.67,9.37,29.6,85.23,0,0,Synthetic
230.04,3.41,20.55,79.77,0,0,Synthetic
79.03,23.42,30.64,73.22,0,0,Synthetic
111.69,19.01,26.92,75.24,0,0,Synthetic
81.7,5.5,21.7,48.67,0,0,Synthetic
305.19,31.16,52.56,91.3,0,1,Synthetic
608.05,152.37,56.09,44.3,1,2,Synthetic
198.57,19.14,15.71,40.6,0,0,Synthetic
172.48,25.88,24.11,83.82,0,0,Synthetic
303.7,1.93,23.14,30.49,0,0,Synthetic
498.56,94.32,26.15,61.63,0,1,Synthetic
309.5,9.45,20.45,47.12,0,0,Synthetic
131.11,7.09,25.18,51.68,0,0,Synthetic
126.29,14.68,25.35,59.67,0,0,Synthetic
250.03,15.66,26.59,58.73,0,0,Synthetic
141.13,0.0,26.68,52.85,0,0,Synthetic
559.51,36.06,36.56,76.91,0,0,Synthetic
353.6,79.39,55.01,18.63,1,2,Synthetic
141.67,10.33,24.52,45.28,0,0,Synthetic
301.79,140.35,33.18,73.09,0,1,Synthetic
176.99,7.81,29.18,64.32,0,0,Synthetic
134.87,16.34,30.84,89.34,0,0,Synthetic
161.97,10.28,34.6,85.65,0,0,Synthetic
289.87,47.17,45.07,57.59,0,0,Synthetic
281.51,20.46,24.43,63.94,0,0,Synthetic
195.0,30.64,19.06,64.98,0,0,Synthetic
444.98,37.56,39.69,69.2,0,0,Synthetic
297.78,22.29,50.11,72.53,0,0,Synthetic
138.17,24.0,25.02,59.84,0,0,Synthetic
370.48,48.78,51.47,75.75,0,1,Synthetic
219.52,44.76,52.03,85.72,0,0,Synthetic
145.87,12.1,25.31,75.91,0,0,Synthetic
991.05,127.26,49.38,39.29,1,2,Synthetic
594.2,46.23,32.18,58.02,0,0,Synthetic
173.67,19.87,10.77,41.31,0,0,Synthetic
492.6,48.25,39.1,61.42,0,1,Synthetic
193.7,18.77,27.46,36.41,0,0,Synthetic
159.24,17.12,18.91,50.07,0,0,Synthetic
550.82,42.51,29.55,41.76,0,0,Synthetic
116.4,14.41,20.18,47.55,0,0,Synthetic
392.48,17.3,44.29,67.65,0,0,Synthetic
179.89,27.46,29.96,59.25,0,0,Synthetic
205.61,12.02,37.77,51.6,0,0,Synthetic
198.18,19.77,29.09,75.38,0,0,Synthetic
33.48,4.94,27.15,35.58,0,0,Synthetic
329.67,11.6,25.79,50.27,0,0,Synthetic
66.71,11.92,21.28,45.41,0,0,Synthetic
104.7,0.0,24.3,63.66,0,0,Synthetic
175.78,33.7,26.4,45.4,0,0,Synthetic
186.57,12.31,28.88,35.29,0,0,Synthetic
124.64,5.48,29.69,63.05,0,0,Synthetic
302.72,11.17,31.95,57.7,0,0,Synthetic
101.91,8.64,19.5,54.71,0,0,Synthetic
319.41,24.44,41.4,75.24,0,0,Synthetic
274.61,7.81,15.63,54.36,0,0,Synthetic
73.96,8.95,19.6,61.17,0,0,Synthetic
372.8,51.78,34.51,72.76,0,0,Synthetic
15.08,8.79,16.54,79.17,0,0,Synthetic
90.59,13.72,27.6,33.95,0,0,Synthetic
253.32,29.32,20.11,47.5,0,0,Synthetic
441.44,54.28,39.9,76.26,0,1,Synthetic
274.38,1.58,26.15,65.64,0,0,Synthetic
141.3,17.93,27.54,53.9,0,0,Synthetic
290.57,31.73,21.99,46.48,0,0,Synthetic
35.02,32.35,24.44,58.87,0,0,Synthetic
183.09,34.8,26.53,49.89,0,0,Synthetic
119.03,8.37,25.54,35.31,0,0,Synthetic
155.23,1.23,26.41,47.8,0,0,Synthetic
48.33,9.32,24.61,59.83,0,0,Synthetic
208.33,11.09,23.18,32.87,0,0,Synthetic
411.86,48.91,36.36,63.51,0,0,Synthetic
29.26,21.17,22.75,75.45,0,0,Synthetic
1140.15,65.15,37.78,50.64,0,2,Synthetic
224.68,8.16,20.93,58.97,0,0,Synthetic
187.29,8.77,18.76,42.13,0,0,Synthetic
243.27,17.7,26.28,58.06,0,0,Synthetic
201.56,28.31,26.19,96.89,0,0,Synthetic
353.33,25.51,24.8,87.82,0,0,Synthetic
97.85,14.38,28.14,43.31,0,0,Synthetic
222.15,25.97,29.84,54.18,0,0,Synthetic
212.64,1.21,25.53,47.5,0,0,Synthetic
377.16,33.02,47.87,66.4,0,0,Synthetic
277.64,142.55,32.62,69.8,0,1,Synthetic
214.65,11.48,21.71,40.14,0,0,Synthetic
222.93,13.9,18.68,72.8,0,0,Synthetic
210.92,2.47,19.85,46.61,0,0,Synthetic
117.45,15.5,22.22,51.88,0,0,Synthetic
461.22,29.32,36.94,66.18,0,0,Synthetic
181.8,15.32,18.9,38.55,0,0,Synthetic
93.33,8.96,18.52,60.81,0,0,Synthetic
6.6,6.57,21.16,62.9,0,0,Synthetic
121.9,11.15,26.38,84.71,0,0,Synthetic
211.91,24.09,29.88,80.15,0,0,Synthetic
223.36,76.8,25.89,66.89,0,0,Synthetic
299.41,9.74,23.94,33.47,0,0,Synthetic
238.47,9.64,30.08,49.8,0,0,Synthetic
204.83,0.0,31.72,65.31,0,0,Synthetic
209.52,9.77,26.27,50.25,0,0,Synthetic
296.12,10.32,27.84,48.38,0,0,Synthetic
117.63,24.87,34.63,57.94,0,0,Synthetic
487.52,43.27,42.01,74.83,0,1,Synthetic
358.94,36.14,48.35,85.1,0,1,Synthetic
199.95,14.41,29.25,69.99,0,0,Synthetic
418.87,18.27,38.26,81.07,0,0,Synthetic
96.57,22.2,29.46,46.45,0,0,Synthetic
116.25,30.65,23.97,82.52,0,0,Synthetic
402.15,55.93,34.97,40.95,0,0,Synthetic
138.33,9.75,36.87,44.12,0,0,Synthetic
206.15,0.0,22.25,83.19,0,0,Synthetic
108.19,10.38,27.29,57.48,0,0,Synthetic
26.02,17.89,26.66,59.82,0,0,Synthetic
316.43,22.8,43.16,54.43,0,0,Synthetic
109.09,10.93,24.93,57.27,0,0,Synthetic
381.94,45.45,45.2,61.72,0,1,Synthetic
205.81,13.5,26.31,63.46,0,0,Synthetic
56.13,36.27,17.36,48.09,0,0,Synthetic
161.47,7.18,30.14,70.59,0,0,Synthetic
867.59,151.97,36.65,76.46,0,2,Synthetic
121.13,24.96,21.23,42.13,0,0,Synthetic
443.29,45.51,44.62,73.84,0,1,Synthetic
2.06,16.38,18.76,54.16,0,0,Synthetic
232.93,13.39,22.59,76.64,0,0,Synthetic
155.77,28.88,23.28,56.09,0,0,Synthetic
287.33,23.39,23.23,68.58,0,0,Synthetic
259.25,32.56,40.73,56.37,0,0,Synthetic
391.54,45.82,55.94,78.12,0,1,Synthetic
207.02,0.0,22.03,42.34,0,0,Synthetic
128.41,2.53,21.21,30.75,0,0,Synthetic
422.94,38.9,41.08,71.85,0,0,Synthetic
241.68,10.73,22.42,57.46,0,0,Synthetic
215.52,0.0,30.57,67.07,0,0,Synthetic
1306.92,92.2,42.92,49.1,0,2,Synthetic
394.95,130.14,28.65,52.8,0,1,Synthetic
222.82,24.9,23.81,44.36,0,0,Synthetic
97.02,20.74,19.44,43.11,0,0,Synthetic
210.34,9.8,24.77,34.03,0,0,Synthetic
367.94,55.8,42.77,68.06,0,0,Synthetic
194.13,20.9,18.8,89.35,0,0,Synthetic
313.22,19.58,28.05,58.17,0,0,Synthetic
111.08,3.31,19.25,41.63,0,0,Synthetic
253.42,15.91,32.97,61.53,0,0,Synthetic
442.47,44.65,44.69,70.47,0,1,Synthetic
818.79,171.87,48.22,85.88,0,2,Synthetic
59.43,3.24,26.12,49.58,0,0,Synthetic
367.13,57.56,33.5,65.16,0,0,Synthetic
197.39,14.2,25.22,71.91,0,0,Synthetic
120.39,21.93,20.68,49.98,0,0,Synthetic
436.08,232.68,27.97,69.07,0,1,Synthetic
62.27,6.25,15.18,61.45,0,0,Synthetic
261.11,8.27,28.5,68.87,0,0,Synthetic
59.93,19.11,24.18,66.81,0,0,Synthetic
60.47,12.88,22.44,47.63,0,0,Synthetic
170.08,0.0,29.75,47.68,0,0,Synthetic
217.77,33.83,39.79,76.79,0,0,Synthetic
665.66,49.65,27.02,67.43,0,1,Synthetic
708.51,39.5,31.87,40.61,0,1,Synthetic
1096.05,68.87,36.09,48.38,0,1,Synthetic
205.79,15.11,23.48,43.94,0,0,Synthetic
243.64,19.72,29.07,75.18,0,0,Synthetic
199.83,16.82,28.72,70.35,0,0,Synthetic
164.18,1.47,26.29,55.61,0,0,Synthetic
165.58,22.19,27.27,51.59,0,0,Synthetic
284.7,98.19,29.32,64.36,0,1,Synthetic
138.55,11.54,25.55,59.28,0,0,Synthetic
231.58,19.7,21.2,76.08,0,0,Synthetic
79.61,10.44,23.87,72.86,0,0,Synthetic
437.15,159.76,31.16,52.01,0,1,Synthetic
635.67,131.71,55.42,32.06,1,2,Synthetic
113.41,25.19,21.66,50.38,0,0,Synthetic
154.15,9.16,28.07,64.49,0,0,Synthetic
370.63,47.23,39.1,67.5,0,0,Synthetic
227.73,28.72,24.15,41.9,0,0,Synthetic
279.0,17.08,21.84,82.45,0,0,Synthetic
251.0,8.61,24.55,81.67,0,0,Synthetic
399.31,55.53,53.47,78.39,0,1,Synthetic
728.64,112.16,66.45,42.52,1,2,Synthetic
486.61,17.69,34.31,64.46,0,0,Synthetic
134.01,7.91,26.65,53.16,0,0,Synthetic
944.83,100.41,45.34,65.18,0,2,Synthetic
108.88,12.5,27.66,66.56,0,0,Synthetic
213.95,1.16,27.88,42.97,0,0,Synthetic
220.82,8.35,28.66,62.02,0,0,Synthetic
1023.14,157.78,48.3,62.85,0,2,Synthetic
243.81,22.28,53.64,90.08,0,0,Synthetic
217.48,17.31,25.64,50.73,0,0,Synthetic
187.01,15.5,20.43,85.22,0,0,Synthetic
48.41,6.61,30.01,27.85,0,0,Synthetic
285.08,20.15,29.01,82.59,0,0,Synthetic
266.79,72.93,25.0,59.32,0,0,Synthetic
208.63,7.44,21.4,53.16,0,0,Synthetic
745.61,182.14,41.78,56.36,0,2,Synthetic
115.87,33.41,22.28,49.22,0,0,Synthetic
96.39,25.78,23.27,71.98,0,0,Synthetic
80.72,8.61,20.89,64.21,0,0,Synthetic
155.48,3.82,23.93,56.35,0,0,Synthetic
302.3,41.82,40.16,81.41,0,0,Synthetic
684.7,113.85,39.78,58.22,0,2,Synthetic
80.65,21.6,23.98,35.04,0,0,Synthetic
30.27,24.43,30.83,50.63,0,0,Synthetic
26.03,14.34,25.56,49.74,0,0,Synthetic
193.5,60.5,35.73,61.91,0,0,Synthetic
74.76,17.07,26.21,76.78,0,0,Synthetic
138.94,0.0,20.09,67.68,0,0,Synthetic
429.73,22.89,46.55,94.71,0,0,Synthetic
54.06,17.89,24.41,67.54,0,0,Synthetic
130.25,17.39,30.01,76.61,0,0,Synthetic
157.26,3.12,23.93,55.43,0,0,Synthetic
226.83,31.5,19.71,69.87,0,0,Synthetic
108.16,16.6,24.83,52.73,0,0,Synthetic
577.67,38.3,27.83,62.81,0,0,Synthetic
149.55,17.13,28.32,38.91,0,0,Synthetic
199.96,13.9,25.84,43.55,0,0,Synthetic
300.59,10.68,21.68,62.85,0,0,Synthetic
130.04,3.04,26.58,66.86,0,0,Synthetic
254.51,96.41,37.01,60.78,0,1,Synthetic
279.1,56.53,22.79,46.64,0,0,Synthetic
245.92,26.37,25.35,27.37,0,0,Synthetic
218.35,22.81,25.0,47.63,0,0,Synthetic
236.08,20.64,32.7,63.07,0,0,Synthetic
211.29,36.1,47.29,61.41,0,0,Synthetic
206.43,13.01,25.42,51.69,0,0,Synthetic
176.85,9.01,32.07,73.92,0,0,Synthetic
197.6,19.96,37.1,52.46,0,0,Synthetic
256.15,24.3,27.32,44.34,0,0,Synthetic
389.14,36.55,52.01,88.13,0,1,Synthetic
987.08,168.93,54.91,70.28,0,2,Synthetic
827.49,65.29,60.05,50.0,1,2,Synthetic
55.71,17.21,20.82,49.71,0,0,Synthetic
135.86,4.08,20.09,70.34,0,0,Synthetic
98.26,22.53,28.96,61.24,0,0,Synthetic
547.6,179.44,42.93,74.79,0,2,Synthetic
192.73,74.17,33.86,60.69,0,0,Synthetic
246.78,78.03,30.86,52.8,0,0,Synthetic
250.1,2.73,26.88,55.78,0,0,Synthetic
183.25,36.61,25.23,57.36,0,0,Synthetic
37.87,2.69,31.33,50.55,0,0,Synthetic
103.65,19.9,25.26,48.64,0,0,Synthetic
546.79,17.95,30.72,33.79,0,0,Synthetic
987.79,158.42,58.48,27.4,1,2,Synthetic
444.77,34.13,36.19,67.28,0,0,Synthetic
73.05,17.03,22.87,72.39,0,0,Synthetic
276.92,0.0,24.99,77.08,0,0,Synthetic
213.15,28.61,41.09,76.14,0,0,Synthetic
256.87,22.05,23.98,73.56,0,0,Synthetic
385.75,59.3,38.31,84.4,0,0,Synthetic
179.27,28.96,28.4,62.13,0,0,Synthetic
429.87,62.45,40.99,83.02,0,1,Synthetic
160.51,10.13,15.87,43.77,0,0,Synthetic
226.49,32.04,44.27,69.13,0,0,Synthetic
623.97,28.45,32.56,59.63,0,0,Synthetic
224.88,16.46,28.99,89.56,0,0,Synthetic
1016.62,107.49,39.09,76.48,0,2,Synthetic
188.2,25.8,19.02,61.25,0,0,Synthetic
883.17,148.63,48.44,83.78,0,2,Synthetic
269.9,21.38,26.06,50.71,0,0,Synthetic
26.21,11.0,25.14,37.96,0,0,Synthetic
238.94,3.63,12.91,37.8,0,0,Synthetic
364.85,39.59,37.23,49.32,0,0,Synthetic
225.36,13.48,20.4,55.3,0,0,Synthetic
36.21,17.49,31.19,72.07,0,0,Synthetic
339.8,0.64,22.79,63.03,0,0,Synthetic
110.8,28.21,18.93,80.43,0,0,Synthetic
810.51,37.6,35.03,77.33,0,1,Synthetic
769.3,123.33,56.07,17.46,1,2,Synthetic
224.45,19.99,28.57,47.46,0,0,Synthetic
279.87,11.19,18.93,73.63,0,0,Synthetic
329.23,79.36,24.81,66.11,0,0,Synthetic
231.69,14.84,21.07,61.54,0,0,Synthetic
224.51,16.2,16.89,37.47,0,0,Synthetic
278.77,14.39,24.5,44.36,0,0,Synthetic
244.14,66.32,21.97,70.58,0,0,Synthetic
89.48,10.37,25.57,54.88,0,0,Synthetic
358.77,141.5,48.46,25.74,1,2,Synthetic
361.8,38.33,40.08,89.07,0,0,Synthetic
252.91,14.22,18.74,39.46,0,0,Synthetic
96.55,15.0,35.88,36.01,0,0,Synthetic
153.09,12.95,19.38,52.19,0,0,Synthetic
249.58,72.88,28.21,66.34,0,0,Synthetic
205.78,6.01,21.85,65.46,0,0,Synthetic
44.24,20.56,29.63,59.07,0,0,Synthetic
818.06,149.31,51.74,44.92,1,2,Synthetic
163.42,17.57,21.15,51.68,0,0,Synthetic
288.4,57.07,28.23,65.61,0,0,Synthetic
139.85,18.05,33.76,53.42,0,0,Synthetic
154.87,10.84,24.78,31.27,0,0,Synthetic
136.8,10.94,28.98,43.26,0,0,Synthetic
181.99,15.22,31.65,57.78,0,0,Synthetic
161.75,25.48,20.59,51.66,0,0,Synthetic
165.12,4.05,20.87,44.45,0,0,Synthetic
152.72,8.08,22.35,87.3,0,0,Synthetic
256.42,38.99,33.01,42.5,0,0,Synthetic
111.02,21.52,26.36,57.52,0,0,Synthetic
996.6,106.52,35.03,47.3,0,2,Synthetic
341.28,41.83,32.53,83.47,0,0,Synthetic
636.79,173.42,37.78,65.12,0,2,Synthetic
27.48,19.21,21.65,57.8,0,0,Synthetic
221.66,20.23,20.27,60.66,0,0,Synthetic
108.56,13.6,28.05,54.7,0,0,Synthetic
271.07,14.26,28.59,68.74,0,0,Synthetic
165.01,16.72,21.59,42.29,0,0,Synthetic
1128.84,144.88,43.47,89.4,0,2,Synthetic
845.11,159.97,43.76,60.7,0,2,Synthetic
189.65,9.96,33.35,61.81,0,0,Synthetic
461.21,52.78,36.97,74.3,0,0,Synthetic
55.49,4.72,21.36,65.29,0,0,Synthetic
113.94,12.11,29.59,58.54,0,0,Synthetic
663.75,105.16,54.08,60.43,1,2,Synthetic
158.73,10.58,32.5,71.13,0,0,Synthetic
187.45,40.87,22.04,45.34,0,0,Synthetic
388.12,38.18,39.4,78.84,0,0,Synthetic
202.61,11.17,22.95,56.18,0,0,Synthetic
859.3,109.0,47.84,64.98,0,2,Synthetic
460.21,27.9,41.17,67.81,0,0,Synthetic
164.92,11.52,30.96,66.09,0,0,Synthetic
229.24,0.78,25.26,82.87,0,0,Synthetic
794.02,63.32,35.54,60.63,0,1,Synthetic
148.28,13.08,16.71,65.19,0,0,Synthetic
232.48,5.27,20.39,23.2,0,0,Synthetic
151.15,7.43,17.4,49.22,0,0,Synthetic
242.61,26.87,27.5,78.9,0,0,Synthetic
832.9,104.34,52.27,45.3,1,2,Synthetic
157.0,23.58,27.19,57.61,0,0,Synthetic
588.77,185.59,37.79,40.79,0,2,Synthetic
330.05,12.5,19.94,48.41,0,0,Synthetic
837.74,162.33,42.42,60.78,0,2,Synthetic
411.13,36.51,46.94,67.44,0,1,Synthetic
282.41,0.73,27.19,64.21,0,0,Synthetic
228.18,12.48,29.45,87.35,0,0,Synthetic
563.37,58.95,38.95,89.57,0,1,Synthetic
873.37,202.0,47.82,32.95,1,2,Synthetic
155.3,3.27,30.77,41.76,0,0,Synthetic
945.18,89.05,43.0,83.08,0,2,Synthetic
869.7,40.75,38.75,51.61,0,1,Synthetic
350.37,8.6,29.11,69.39,0,0,Synthetic
127.33,14.16,22.12,45.45,0,0,Synthetic
167.28,15.55,24.94,55.66,0,0,Synthetic
356.2,25.65,45.16,76.86,0,0,Synthetic
127.18,21.94,24.9,18.21,0,0,Synthetic
640.58,28.68,31.83,56.92,0,0,Synthetic
225.59,53.14,33.0,45.87,0,0,Synthetic
149.1,5.65,18.33,74.74,0,0,Synthetic
180.51,12.27,23.37,55.06,0,0,Synthetic
499.38,115.46,50.03,59.65,0,2,Synthetic
75.09,10.88,21.97,52.79,0,0,Synthetic
1099.57,72.42,29.46,67.95,0,1,Synthetic
458.33,36.55,28.45,66.2,0,0,Synthetic
14.21,6.22,24.77,83.46,0,0,Synthetic
223.96,71.49,37.59,66.7,0,0,Synthetic
97.71,7.41,29.88,68.2,0,0,Synthetic
78.63,19.13,20.3,63.49,0,0,Synthetic
108.16,23.75,30.83,89.19,0,0,Synthetic
798.0,163.59,56.0,41.93,1,2,Synthetic
459.57,32.15,27.9,52.64,0,0,Synthetic
232.5,10.53,27.8,55.71,0,0,Synthetic
115.12,29.72,27.71,62.13,0,0,Synthetic
834.93,46.62,42.12,74.54,0,1,Synthetic
75.07,1.21,20.65,61.27,0,0,Synthetic
204.31,9.88,28.44,77.6,0,0,Synthetic
218.79,17.95,20.76,38.5,0,0,Synthetic
337.63,15.09,55.93,83.1,0,0,Synthetic
313.56,23.26,41.96,86.67,0,0,Synthetic
145.0,23.86,25.02,62.02,0,0,Synthetic
730.25,126.55,54.03,71.56,1,2,Synthetic
142.77,7.84,16.88,74.01,0,0,Synthetic
194.13,10.45,21.37,63.84,0,0,Synthetic
177.02,28.31,34.95,57.64,0,0,Synthetic
133.35,84.62,34.52,58.9,0,0,Synthetic
200.85,19.66,25.19,48.0,0,0,Synthetic
158.47,22.6,22.95,56.97,0,0,Synthetic
135.28,14.87,18.71,53.3,0,0,Synthetic
460.86,156.66,43.6,57.78,0,2,Synthetic
194.71,17.75,25.22,83.79,0,0,Synthetic
16.72,22.46,19.68,82.15,0,0,Synthetic
222.09,23.9,34.08,76.29,0,0,Synthetic
316.36,39.27,47.32,76.44,0,0,Synthetic
332.2,42.09,40.12,63.88,0,0,Synthetic
196.88,0.16,33.47,61.66,0,0,Synthetic
155.21,16.51,18.73,48.13,0,0,Synthetic
224.25,12.42,28.04,79.17,0,0,Synthetic
151.92,23.28,23.69,83.3,0,0,Synthetic
870.21,203.34,61.17,52.68,1,2,Synthetic
33.27,13.37,27.83,64.65,0,0,Synthetic
271.21,27.0,37.02,66.83,0,0,Synthetic
318.46,26.38,44.32,56.76,0,0,Synthetic
3.79,20.11,21.24,66.93,0,0,Synthetic
273.49,22.07,40.13,46.18,0,0,Synthetic
185.25,26.26,32.17,60.44,0,0,Synthetic
252.29,24.19,45.52,65.97,0,0,Synthetic
205.5,0.0,21.56,71.21,0,0,Synthetic
179.55,23.74,30.64,54.17,0,0,Synthetic
217.39,34.22,56.39,77.69,0,0,Synthetic
257.37,41.66,55.12,68.3,0,1,Synthetic
70.31,17.04,28.23,60.37,0,0,Synthetic
203.36,20.25,27.79,84.6,0,0,Synthetic
175.95,21.56,19.14,53.46,0,0,Synthetic
233.12,8.47,25.78,55.63,0,0,Synthetic
230.48,4.94,21.89,50.79,0,0,Synthetic
192.94,25.77,20.49,32.46,0,0,Synthetic
76.11,2.91,30.46,50.63,0,0,Synthetic
53.95,23.83,29.24,46.55,0,0,Synthetic
217.77,20.14,32.67,59.17,0,0,Synthetic
255.68,2.39,24.88,58.78,0,0,Synthetic
267.9,1.07,28.35,56.75,0,0,Synthetic
277.76,16.54,30.08,61.31,0,0,Synthetic
102.76,8.94,22.17,23.08,0,0,Synthetic
227.15,9.48,22.94,71.92,0,0,Synthetic
975.93,14.76,38.23,66.88,0,1,Synthetic
362.99,79.68,34.87,56.22,0,1,Synthetic
485.11,54.23,45.04,78.49,0,1,Synthetic
201.28,9.98,21.09,60.07,0,0,Synthetic
172.49,14.13,20.17,42.92,0,0,Synthetic
164.05,14.44,30.94,58.92,0,0,Synthetic
195.2,72.05,30.14,83.55,0,0,Synthetic
315.56,73.37,23.31,55.31,0,0,Synthetic
416.71,5.35,26.48,71.55,0,0,Synthetic
315.91,59.09,26.69,40.22,0,0,Synthetic
188.82,9.81,29.77,46.04,0,0,Synthetic
317.09,33.89,57.04,80.34,0,1,Synthetic
84.76,8.31,17.48,70.06,0,0,Synthetic
116.33,1.53,26.38,42.62,0,0,Synthetic
68.08,0.79,25.08,54.63,0,0,Synthetic
321.23,6.37,21.41,50.55,0,0,Synthetic
182.35,8.67,34.94,65.58,0,0,Synthetic
247.92,31.78,45.87,63.28,0,0,Synthetic
433.64,196.37,21.8,50.64,0,1,Synthetic
284.73,19.94,26.59,78.56,0,0,Synthetic
352.88,26.63,46.36,85.37,0,0,Synthetic
111.32,1.71,29.42,49.08,0,0,Synthetic
204.17,30.43,19.84,70.92,0,0,Synthetic
941.01,162.16,49.19,70.55,0,2,Synthetic
278.14,70.19,26.06,42.55,0,0,Synthetic
69.35,0.0,22.36,55.23,0,0,Synthetic
0.0,20.07,25.46,68.98,0,0,Synthetic
169.3,21.04,24.16,63.57,0,0,Synthetic
263.82,8.37,26.18,47.71,0,0,Synthetic
178.98,2.2,25.79,80.99,0,0,Synthetic
237.18,19.74,34.19,85.98,0,0,Synthetic
121.05,0.23,18.72,68.17,0,0,Synthetic
257.53,8.87,21.13,31.9,0,0,Synthetic
469.47,158.73,37.78,73.99,0,1,Synthetic
85.06,15.22,28.9,60.34,0,0,Synthetic
84.89,25.49,34.11,47.37,0,0,Synthetic
149.89,5.26,33.23,40.86,0,0,Synthetic
326.91,11.69,24.39,62.74,0,0,Synthetic
1118.34,13.34,42.64,75.25,0,1,Synthetic
193.05,12.78,27.72,43.07,0,0,Synthetic
33.51,15.91,22.82,55.62,0,0,Synthetic
13.17,6.53,28.48,52.07,0,0,Synthetic
929.12,174.52,40.34,67.09,0,2,Synthetic
57.59,6.37,27.0,45.32,0,0,Synthetic
236.93,23.96,20.57,65.48,0,0,Synthetic
190.82,12.7,33.32,79.63,0,0,Synthetic
398.59,149.29,38.04,59.9,0,1,Synthetic
15.12,1.91,24.09,88.91,0,0,Synthetic
384.54,36.29,36.74,67.69,0,0,Synthetic
141.84,25.31,24.95,53.13,0,0,Synthetic
113.16,20.2,24.8,43.4,0,0,Synthetic
68.91,22.38,26.64,79.52,0,0,Synthetic
81.94,5.71,21.64,63.29,0,0,Synthetic
236.8,27.24,22.51,51.66,0,0,Synthetic
103.48,6.24,31.42,66.48,0,0,Synthetic
127.44,13.49,20.99,19.65,0,0,Synthetic
445.02,66.1,44.44,68.71,0,1,Synthetic
161.3,19.86,15.78,69.44,0,0,Synthetic
114.24,17.35,25.63,38.42,0,0,Synthetic
210.91,19.43,26.98,51.55,0,0,Synthetic
580.15,165.94,51.38,29.64,1,2,Synthetic
211.49,24.69,21.59,75.05,0,0,Synthetic
130.22,13.62,33.96,67.71,0,0,Synthetic
344.68,10.6,40.31,68.2,0,0,Synthetic
145.73,1.45,26.15,34.89,0,0,Synthetic
377.11,80.27,30.61,70.29,0,0,Synthetic
1058.94,54.69,32.05,55.41,0,1,Synthetic
101.88,14.52,27.67,51.95,0,0,Synthetic
103.39,12.23,27.72,45.74,0,0,Synthetic
218.59,20.52,20.28,80.44,0,0,Synthetic
102.19,18.48,21.66,58.16,0,0,Synthetic
140.49,17.35,16.43,36.5,0,0,Synthetic
284.38,7.86,21.6,41.13,0,0,Synthetic
884.11,156.54,56.87,68.87,0,2,Synthetic
611.31,34.07,30.64,53.22,0,0,Synthetic
333.17,59.9,43.78,62.11,0,1,Synthetic
165.97,27.88,46.61,66.69,0,0,Synthetic
352.36,16.35,45.42,66.48,0,0,Synthetic
155.47,19.86,26.48,53.89,0,0,Synthetic
154.26,3.78,15.78,37.84,0,0,Synthetic
119.78,10.4,33.1,40.04,0,0,Synthetic
86.81,27.56,33.74,53.09,0,0,Synthetic
152.63,0.0,24.0,77.9,0,0,Synthetic
145.37,11.32,21.48,57.37,0,0,Synthetic
460.01,176.6,27.56,54.75,0,1,Synthetic
262.81,93.25,34.41,53.54,0,0,Synthetic
416.26,36.84,36.37,82.89,0,0,Synthetic
255.55,18.33,19.87,53.35,0,0,Synthetic
324.21,101.68,28.98,63.25,0,1,Synthetic
64.41,15.91,25.24,54.07,0,0,Synthetic
242.8,31.77,23.17,53.01,0,0,Synthetic
278.99,30.23,43.56,47.01,0,0,Synthetic
303.77,44.63,28.03,81.1,0,0,Synthetic
62.32,34.56,27.56,56.94,0,0,Synthetic
857.68,118.43,53.87,28.1,1,2,Synthetic
566.96,148.72,32.66,75.87,0,1,Synthetic
552.1,137.33,36.9,49.28,0,2,Synthetic
191.2,0.0,24.53,74.09,0,0,Synthetic
341.35,48.64,30.72,55.9,0,0,Synthetic
322.53,46.76,56.93,76.6,0,1,Synthetic
156.52,9.26,17.73,65.93,0,0,Synthetic
175.33,9.01,13.29,64.25,0,0,Synthetic
114.82,8.97,23.81,56.65,0,0,Synthetic
94.78,11.04,26.21,45.41,0,0,Synthetic
383.0,33.53,33.84,63.33,0,0,Synthetic
235.25,32.47,26.39,78.6,0,0,Synthetic
514.21,29.46,41.25,75.29,0,0,Synthetic
129.26,1.01,29.64,49.11,0,0,Synthetic
176.86,40.55,20.0,56.18,0,0,Synthetic
77.96,15.57,23.82,56.93,0,0,Synthetic
274.64,13.67,29.61,61.5,0,0,Synthetic
163.27,8.48,24.05,61.48,0,0,Synthetic
749.43,43.86,33.66,48.48,0,1,Synthetic
267.14,55.79,28.87,74.95,0,0,Synthetic
97.36,9.73,31.1,55.25,0,0,Synthetic
262.94,33.28,31.29,89.86,0,0,Synthetic
132.77,0.0,28.51,59.04,0,0,Synthetic
355.21,30.98,43.26,81.56,0,0,Synthetic
181.38,2.59,22.75,62.31,0,0,Synthetic
98.89,3.18,18.17,62.66,0,0,Synthetic
140.24,13.23,24.85,44.36,0,0,Synthetic
153.55,1.69,20.48,61.12,0,0,Synthetic
70.75,22.29,25.55,47.65,0,0,Synthetic
137.39,31.45,36.65,58.6,0,0,Synthetic
268.78,69.72,22.18,63.32,0,0,Synthetic
189.15,20.24,25.1,59.23,0,0,Synthetic
94.16,20.98,18.79,46.75,0,0,Synthetic
309.06,45.24,34.63,54.42,0,0,Synthetic
327.67,52.08,52.62,75.39,0,1,Synthetic
115.58,13.37,24.44,56.77,0,0,Synthetic
309.24,26.18,40.36,72.36,0,0,Synthetic
284.13,65.77,33.19,51.68,0,0,Synthetic
1117.38,49.94,46.81,52.46,0,2,Synthetic
177.89,15.14,23.92,80.68,0,0,Synthetic
221.16,0.32,24.82,41.41,0,0,Synthetic
0.0,23.83,11.15,68.84,0,0,Synthetic
116.22,39.54,21.4,43.07,0,0,Synthetic
449.6,176.46,30.46,76.78,0,1,Synthetic
181.88,12.82,26.48,36.11,0,0,Synthetic
271.02,68.03,35.71,69.45,0,0,Synthetic
190.85,19.75,19.91,62.56,0,0,Synthetic
161.72,54.39,31.08,47.33,0,0,Synthetic
377.06,158.45,38.4,64.26,0,1,Synthetic
231.18,12.18,27.07,61.3,0,0,Synthetic
443.18,41.62,33.27,65.1,0,0,Synthetic
548.09,49.46,35.27,68.9,0,0,Synthetic
289.95,11.72,21.83,45.25,0,0,Synthetic
178.71,9.24,27.49,46.62,0,0,Synthetic
393.5,62.6,38.31,61.99,0,0,Synthetic
132.62,21.44,33.12,67.26,0,0,Synthetic
50.67,28.02,22.0,82.8,0,0,Synthetic
62.79,26.01,29.41,58.9,0,0,Synthetic
236.69,65.8,29.87,57.99,0,0,Synthetic
320.03,42.47,48.77,72.66,0,1,Synthetic
168.67,25.07,17.26,70.57,0,0,Synthetic
234.99,75.74,26.86,44.58,0,0,Synthetic
329.25,85.69,35.79,65.22,0,1,Synthetic
761.26,120.24,43.59,56.85,0,2,Synthetic
872.35,33.21,39.66,70.7,0,1,Synthetic
264.34,13.48,24.24,48.08,0,0,Synthetic
289.12,40.51,54.22,69.02,0,1,Synthetic
366.31,171.41,38.01,47.3,0,1,Synthetic
207.32,3.3,26.9,59.76,0,0,Synthetic
154.51,14.5,25.4,60.53,0,0,Synthetic
613.57,55.6,30.11,40.57,0,1,Synthetic
95.97,22.33,25.27,57.45,0,0,Synthetic
509.24,38.22,25.09,68.39,0,0,Synthetic
275.39,7.36,37.43,39.89,0,0,Synthetic
392.18,122.25,35.06,55.99,0,1,Synthetic
69.57,0.69,25.79,47.93,0,0,Synthetic
174.57,6.75,27.92,44.48,0,0,Synthetic
153.95,16.62,29.0,61.12,0,0,Synthetic
316.71,47.15,63.37,77.36,0,1,Synthetic
180.56,0.0,21.83,60.9,0,0,Synthetic
475.35,7.41,33.26,64.16,0,0,Synthetic
577.5,151.0,53.62,43.59,1,2,Synthetic
324.27,54.64,32.96,47.4,0,0,Synthetic
471.0,49.16,40.23,99.39,0,1,Synthetic
105.2,19.45,26.69,52.83,0,0,Synthetic
170.81,21.89,24.75,37.19,0,0,Synthetic
344.33,103.58,30.87,78.65,0,1,Synthetic
268.94,28.6,27.87,60.9,0,0,Synthetic
102.1,4.33,19.13,75.21,0,0,Synthetic
508.6,136.0,55.73,15.24,1,2,Synthetic
298.66,15.48,30.51,55.25,0,0,Synthetic
885.44,103.95,49.3,72.39,0,2,Synthetic
209.6,8.67,27.33,60.77,0,0,Synthetic
137.38,23.24,17.7,72.26,0,0,Synthetic
113.41,6.51,31.09,55.52,0,0,Synthetic
147.86,20.04,25.78,54.67,0,0,Synthetic
39.16,20.91,29.13,49.45,0,0,Synthetic
245.32,32.73,18.14,55.11,0,0,Synthetic
994.03,156.36,50.81,63.4,0,2,Synthetic
230.48,27.75,24.26,65.43,0,0,Synthetic
80.33,0.75,21.85,79.6,0,0,Synthetic
155.61,5.64,23.79,63.48,0,0,Synthetic
185.29,21.26,21.32,57.55,0,0,Synthetic
68.85,0.24,20.5,49.66,0,0,Synthetic
442.12,33.21,49.33,77.02,0,1,Synthetic
978.43,87.01,32.62,47.71,0,1,Synthetic
137.56,1.9,23.67,56.03,0,0,Synthetic
117.54,20.51,12.4,55.87,0,0,Synthetic
146.33,10.66,28.44,54.52,0,0,Synthetic
1198.21,146.88,43.54,69.25,0,2,Synthetic
191.48,18.17,22.29,64.93,0,0,Synthetic
37.19,13.3,26.66,83.7,0,0,Synthetic
198.34,30.68,22.47,50.98,0,0,Synthetic
349.79,37.44,43.26,64.35,0,0,Synthetic
192.44,22.31,20.73,65.65,0,0,Synthetic
320.24,8.75,23.35,42.68,0,0,Synthetic
140.17,10.82,23.28,57.81,0,0,Synthetic
252.51,24.06,15.71,83.97,0,0,Synthetic
908.08,143.9,48.96,34.7,1,2,Synthetic
221.15,3.95,28.97,44.94,0,0,Synthetic
135.04,9.99,25.62,44.64,0,0,Synthetic
98.21,26.69,23.03,76.99,0,0,Synthetic
571.15,34.01,19.07,51.88,0,0,Synthetic
545.26,83.37,55.36,50.85,1,2,Synthetic
73.53,0.84,31.22,60.07,0,0,Synthetic
182.48,13.74,29.38,70.59,0,0,Synthetic
148.13,3.84,28.22,71.37,0,0,Synthetic
134.77,27.39,26.18,29.13,0,0,Synthetic
254.25,21.51,22.56,44.38,0,0,Synthetic
332.85,11.66,24.14,39.98,0,0,Synthetic
516.09,155.37,41.26,64.37,0,2,Synthetic
102.37,17.2,26.65,65.76,0,0,Synthetic
834.58,143.07,52.77,78.63,0,2,Synthetic
1095.37,111.72,53.2,45.73,0,2,Synthetic
72.93,23.79,25.68,51.75,0,0,Synthetic
185.42,13.19,23.03,92.09,0,0,Synthetic
198.05,9.08,43.5,79.0,0,0,Synthetic
215.66,5.14,18.87,42.69,0,0,Synthetic
791.25,56.41,33.32,72.42,0,1,Synthetic
230.33,21.39,24.4,64.86,0,0,Synthetic
7.59,16.38,32.1,37.74,0,0,Synthetic
35.9,23.01,25.25,65.72,0,0,Synthetic
186.69,14.99,29.96,97.99,0,0,Synthetic
780.77,120.35,52.25,38.7,1,2,Synthetic
78.77,15.37,30.19,49.94,0,0,Synthetic
299.43,13.16,24.33,61.08,0,0,Synthetic
255.65,19.97,27.16,59.18,0,0,Synthetic
346.63,44.79,56.91,72.01,0,1,Synthetic
374.11,148.25,34.76,45.45,0,1,Synthetic
236.82,27.25,17.13,54.9,0,0,Synthetic
213.21,27.84,19.93,43.38,0,0,Synthetic
140.44,17.41,20.86,65.27,0,0,Synthetic
183.46,78.06,20.62,59.35,0,0,Synthetic
242.08,12.48,18.28,50.53,0,0,Synthetic
112.04,5.09,16.47,42.66,0,0,Synthetic
186.34,4.25,32.37,56.45,0,0,Synthetic
773.19,160.61,59.04,71.11,1,2,Synthetic
263.57,12.1,21.88,58.28,0,0,Synthetic
182.22,23.3,26.8,30.35,0,0,Synthetic
240.92,7.55,21.2,49.47,0,0,Synthetic
448.8,55.55,37.43,68.99,0,1,Synthetic
283.17,23.5,22.67,60.68,0,0,Synthetic
165.54,28.4,26.41,56.46,0,0,Synthetic
283.15,16.98,16.59,59.56,0,0,Synthetic
777.22,59.23,29.47,70.06,0,1,Synthetic
754.47,190.94,62.33,17.36,1,2,Synthetic
226.97,0.0,26.76,68.81,0,0,Synthetic
908.13,104.98,34.08,64.43,0,2,Synthetic
599.28,31.79,26.31,56.93,0,0,Synthetic
198.1,14.76,32.56,67.49,0,0,Synthetic
220.3,31.55,32.03,48.22,0,0,Synthetic
455.85,37.42,37.96,81.14,0,0,Synthetic
233.75,19.2,18.16,63.22,0,0,Synthetic
87.22,18.83,21.73,35.37,0,0,Synthetic
250.55,5.55,19.84,64.41,0,0,Synthetic
163.08,9.05,22.48,68.44,0,0,Synthetic
1142.58,168.93,63.05,35.25,1,2,Synthetic
189.57,19.51,25.5,72.71,0,0,Synthetic
222.94,20.99,22.14,48.98,0,0,Synthetic
172.93,8.46,27.01,85.27,0,0,Synthetic
490.87,42.97,37.66,81.55,0,0,Synthetic
475.24,161.75,39.17,51.62,0,1,Synthetic
176.05,7.4,22.05,65.88,0,0,Synthetic
44.12,20.92,31.07,59.02,0,0,Synthetic
197.84,9.8,25.21,57.91,0,0,Synthetic
164.9,0.0,22.0,54.29,0,0,Synthetic
95.09,11.42,21.98,67.66,0,0,Synthetic
71.53,31.01,16.67,38.06,0,0,Synthetic
463.2,15.95,28.79,49.02,0,0,Synthetic
316.96,7.06,31.03,80.55,0,0,Synthetic
192.93,28.63,27.9,54.13,0,0,Synthetic
234.92,26.95,17.93,42.94,0,0,Synthetic
280.54,16.72,25.57,59.2,0,0,Synthetic
95.6,4.61,26.69,72.95,0,0,Synthetic
167.38,24.38,25.28,55.35,0,0,Synthetic
91.62,1.24,27.45,71.97,0,0,Synthetic
688.27,70.51,41.43,80.9,0,2,Synthetic
194.85,6.58,23.28,70.36,0,0,Synthetic
141.87,15.44,31.83,53.9,0,0,Synthetic
30.15,12.5,28.08,58.73,0,0,Synthetic
333.89,6.35,43.24,74.86,0,0,Synthetic
199.77,22.07,25.8,56.65,0,0,Synthetic
381.58,42.02,32.72,83.35,0,0,Synthetic
388.15,143.73,39.41,51.12,0,1,Synthetic
283.18,166.27,33.26,50.1,0,1,Synthetic
351.87,67.4,42.22,88.53,0,1,Synthetic
153.25,21.54,16.14,67.0,0,0,Synthetic
184.01,73.53,29.42,56.48,0,0,Synthetic
937.27,90.82,36.28,53.51,0,2,Synthetic
65.98,10.03,20.67,36.75,0,0,Synthetic
66.63,3.25,26.3,65.13,0,0,Synthetic
96.77,5.05,26.15,35.31,0,0,Synthetic
197.01,22.74,15.76,54.52,0,0,Synthetic
162.96,21.26,28.66,89.82,0,0,Synthetic
1.53,6.04,23.0,66.05,0,0,Synthetic
57.11,10.98,29.27,83.07,0,0,Synthetic
166.96,15.97,26.6,65.63,0,0,Synthetic
260.51,5.36,33.79,37.8,0,0,Synthetic
238.6,24.36,25.62,63.65,0,0,Synthetic
268.55,61.37,34.18,62.29,0,0,Synthetic
638.93,25.6,41.96,78.35,0,1,Synthetic
177.6,15.87,29.63,54.48,0,0,Synthetic
87.57,6.4,24.32,62.75,0,0,Synthetic
223.04,11.35,17.11,80.48,0,0,Synthetic
293.47,16.64,25.17,71.37,0,0,Synthetic
547.85,25.73,36.05,71.48,0,0,Synthetic
173.58,0.82,28.51,91.0,0,0,Synthetic
87.88,0.0,15.48,66.07,0,0,Synthetic
113.74,24.01,21.85,55.94,0,0,Synthetic
235.59,0.72,29.17,49.69,0,0,Synthetic
366.0,25.47,25.59,71.1,0,0,Synthetic
250.2,17.32,22.03,61.62,0,0,Synthetic
282.6,13.56,9.51,59.25,0,0,Synthetic
148.92,28.29,26.56,35.01,0,0,Synthetic
234.57,5.83,25.95,40.57,0,0,Synthetic
210.49,24.66,29.36,66.39,0,0,Synthetic
297.14,72.4,33.39,50.77,0,0,Synthetic
378.04,2.93,26.93,69.84,0,0,Synthetic
134.48,0.0,25.05,57.86,0,0,Synthetic
263.44,15.97,22.36,46.34,0,0,Synthetic
73.2,13.09,31.52,83.65,0,0,Synthetic
563.92,123.09,65.28,23.05,1,2,Synthetic
95.27,0.0,23.89,35.77,0,0,Synthetic
350.29,33.65,50.17,58.62,0,0,Synthetic
733.63,30.95,32.53,55.06,0,1,Synthetic
556.52,4.36,27.72,64.22,0,0,Synthetic
22.89,1.71,25.13,78.91,0,0,Synthetic
1013.94,58.51,35.06,47.65,0,1,Synthetic
49.41,9.21,26.59,58.95,0,0,Synthetic
83.64,17.07,26.11,91.78,0,0,Synthetic
110.71,20.74,20.57,79.49,0,0,Synthetic
7.0,11.5,23.54,52.06,0,0,Synthetic
23.53,6.2,29.22,51.8,0,0,Synthetic
117.14,3.88,21.63,68.13,0,0,Synthetic
126.95,10.58,24.51,56.53,0,0,Synthetic
78.21,12.6,20.65,53.31,0,0,Synthetic
250.36,28.77,32.82,86.91,0,0,Synthetic
20.13,18.05,24.29,64.07,0,0,Synthetic
606.31,31.53,31.08,37.66,0,0,Synthetic
861.72,162.17,72.12,16.88,1,2,Synthetic
102.97,1.71,23.14,69.26,0,0,Synthetic
701.64,161.61,72.88,40.63,1,2,Synthetic
420.39,174.15,31.82,44.92,0,1,Synthetic
124.64,13.68,29.28,94.26,0,0,Synthetic
14.28,21.56,26.15,83.29,0,0,Synthetic
129.82,0.97,26.43,54.81,0,0,Synthetic
1189.94,2.73,27.45,57.51,0,1,Synthetic
974.92,168.32,50.95,80.02,0,2,Synthetic
258.45,7.23,20.1,76.65,0,0,Synthetic
133.13,12.87,27.36,53.59,0,0,Synthetic
326.54,14.42,25.57,71.15,0,0,Synthetic
304.1,15.36,28.33,88.62,0,0,Synthetic
150.67,20.34,33.21,43.86,0,0,Synthetic
94.89,21.96,18.78,36.77,0,0,Synthetic
575.91,17.14,31.62,76.35,0,0,Synthetic
285.09,34.28,43.86,72.53,0,0,Synthetic
233.12,17.57,22.28,51.69,0,0,Synthetic
255.72,14.63,24.75,82.24,0,0,Synthetic
68.04,9.82,21.62,60.2,0,0,Synthetic
177.06,9.09,29.73,63.02,0,0,Synthetic
54.51,17.87,24.5,42.63,0,0,Synthetic
102.83,29.33,23.83,69.31,0,0,Synthetic
675.57,17.39,27.27,52.87,0,0,Synthetic
109.6,20.24,31.01,28.59,0,0,Synthetic
255.57,23.11,22.8,54.58,0,0,Synthetic
285.89,17.28,25.99,89.87,0,0,Synthetic
37.62,27.16,22.87,42.25,0,0,Synthetic
295.95,6.74,21.33,59.46,0,0,Synthetic
486.0,151.93,27.85,65.39,0,1,Synthetic
484.67,39.12,37.63,49.15,0,0,Synthetic
190.94,29.8,29.34,52.34,0,0,Synthetic
410.62,59.65,38.79,84.01,0,1,Synthetic
780.96,162.63,50.02,44.06,1,2,Synthetic
181.34,26.96,26.6,44.82,0,0,Synthetic
366.87,35.56,39.69,78.76,0,0,Synthetic
8.36,12.7,26.75,72.95,0,0,Synthetic
152.68,2.49,26.27,54.65,0,0,Synthetic
304.71,2.48,40.71,61.67,0,0,Synthetic
70.23,26.68,25.26,65.7,0,0,Synthetic
463.44,27.09,41.82,58.5,0,0,Synthetic
424.42,157.25,20.76,73.65,0,1,Synthetic
120.39,6.16,19.32,61.25,0,0,Synthetic
180.72,2.02,24.31,63.71,0,0,Synthetic
468.83,29.07,36.82,83.74,0,0,Synthetic
753.89,186.21,62.01,23.29,1,2,Synthetic
387.11,28.28,32.23,77.08,0,0,Synthetic
271.27,26.12,31.16,94.69,0,0,Synthetic
1263.07,68.45,35.25,55.02,0,2,Synthetic
373.91,58.03,52.41,73.07,0,1,Synthetic
150.55,26.52,24.79,82.82,0,0,Synthetic
318.83,6.39,30.07,42.87,0,0,Synthetic
417.27,42.13,34.76,76.16,0,0,Synthetic
178.98,14.18,10.36,52.79,0,0,Synthetic
210.22,12.91,17.49,63.52,0,0,Synthetic
912.73,164.69,53.16,12.99,1,2,Synthetic
174.19,13.79,29.44,86.72,0,0,Synthetic
196.48,17.91,23.95,81.99,0,0,Synthetic
304.68,65.1,32.68,40.88,0,0,Synthetic
18.1,16.74,23.91,71.63,0,0,Synthetic
156.66,26.92,23.04,98.0,0,0,Synthetic
728.03,128.64,65.58,44.61,1,2,Synthetic
303.19,68.12,53.13,77.63,0,1,Synthetic
224.88,27.13,20.65,51.29,0,0,Synthetic
239.59,20.85,25.3,88.02,0,0,Synthetic
350.26,19.72,52.31,55.98,0,0,Synthetic
119.92,21.35,33.18,50.69,0,0,Synthetic
173.39,36.43,33.05,90.1,0,0,Synthetic
397.97,79.29,31.33,66.03,0,0,Synthetic
113.47,13.1,20.98,36.49,0,0,Synthetic
96.28,9.22,25.08,65.8,0,0,Synthetic
906.44,130.86,48.4,63.16,0,2,Synthetic
408.16,55.93,35.22,70.21,0,0,Synthetic
72.55,21.65,15.99,50.55,0,0,Synthetic
148.01,26.99,15.23,43.99,0,0,Synthetic
222.8,1.04,26.45,65.83,0,0,Synthetic
996.71,41.98,34.13,90.73,0,1,Synthetic
141.37,5.36,29.57,44.12,0,0,Synthetic
309.39,21.22,20.37,50.06,0,0,Synthetic
502.15,31.77,35.36,49.09,0,0,Synthetic
225.61,16.12,33.9,58.02,0,0,Synthetic
527.47,36.7,32.73,54.14,0,0,Synthetic
132.54,13.23,29.71,32.95,0,0,Synthetic
131.68,25.47,29.17,49.17,0,0,Synthetic
167.12,4.69,18.46,62.33,0,0,Synthetic
471.39,177.26,38.42,49.1,0,1,Synthetic
83.19,32.57,20.47,55.91,0,0,Synthetic
435.46,34.97,36.34,72.49,0,0,Synthetic
107.17,24.11,26.31,66.18,0,0,Synthetic
568.43,27.23,31.81,47.66,0,0,Synthetic
153.74,27.51,32.2,53.33,0,0,Synthetic
242.48,7.74,32.94,41.95,0,0,Synthetic
205.08,15.36,30.23,55.05,0,0,Synthetic
202.97,43.05,49.02,54.64,0,0,Synthetic
212.07,6.87,21.12,46.44,0,0,Synthetic
190.66,5.81,21.28,75.91,0,0,Synthetic
184.56,9.43,19.83,37.1,0,0,Synthetic
43.31,0.0,29.41,43.16,0,0,Synthetic
834.73,208.57,48.8,42.14,1,2,Synthetic
1253.04,46.68,44.38,67.25,0,2,Synthetic
214.72,17.18,26.91,71.24,0,0,Synthetic
263.31,66.33,35.81,47.88,0,0,Synthetic
180.35,20.43,24.97,99.28,0,0,Synthetic
193.28,24.77,21.19,60.7,0,0,Synthetic
357.95,86.26,33.31,51.03,0,1,Synthetic
695.31,32.77,33.84,58.22,0,1,Synthetic
311.27,38.6,39.86,26.2,0,0,Synthetic
250.58,3.82,28.15,54.07,0,0,Synthetic
706.89,128.52,54.64,27.27,1,2,Synthetic
400.31,47.44,38.94,89.34,0,0,Synthetic
197.94,23.53,28.52,48.82,0,0,Synthetic
1093.41,58.5,21.62,68.58,0,1,Synthetic
86.03,8.99,21.46,71.85,0,0,Synthetic
345.12,82.64,32.89,59.86,0,1,Synthetic
250.1,15.84,26.72,63.64,0,0,Synthetic
831.71,125.19,50.81,37.89,1,2,Synthetic
226.55,0.0,23.67,86.61,0,0,Synthetic
145.95,16.29,17.57,50.4,0,0,Synthetic
206.03,25.47,22.35,78.67,0,0,Synthetic
139.9,7.69,31.07,53.06,0,0,Synthetic
329.67,12.76,20.03,60.14,0,0,Synthetic
515.96,31.47,33.95,57.98,0,0,Synthetic
94.54,0.7,25.6,66.5,0,0,Synthetic
344.59,20.02,49.94,63.36,0,0,Synthetic
177.68,16.32,29.71,32.3,0,0,Synthetic
188.47,3.34,25.76,59.41,0,0,Synthetic
414.16,49.87,33.66,65.68,0,0,Synthetic
226.07,24.29,19.96,68.78,0,0,Synthetic
352.48,47.64,26.28,41.74,0,0,Synthetic
198.35,25.13,24.16,62.68,0,0,Synthetic
213.05,38.43,54.61,70.91,0,0,Synthetic
97.06,29.53,29.0,80.76,0,0,Synthetic
291.35,5.82,25.97,37.44,0,0,Synthetic
722.42,154.14,59.84,32.92,1,2,Synthetic
440.71,34.32,58.57,66.46,0,1,Synthetic
318.02,24.9,23.57,92.61,0,0,Synthetic
223.22,10.8,29.6,49.34,0,0,Synthetic
354.6,18.95,48.65,88.51,0,0,Synthetic
197.22,26.36,62.37,79.64,0,0,Synthetic
74.7,15.95,23.2,56.71,0,0,Synthetic
279.46,33.1,50.44,81.75,0,0,Synthetic
303.9,85.81,31.06,48.53,0,0,Synthetic
158.81,9.9,15.35,52.33,0,0,Synthetic
267.99,83.99,32.49,50.75,0,1,Synthetic
278.89,18.28,41.18,64.48,0,0,Synthetic
428.38,34.71,48.32,83.17,0,1,Synthetic
200.88,12.48,29.66,41.94,0,0,Synthetic
274.81,12.79,40.58,74.71,0,0,Synthetic
120.51,27.05,22.99,46.12,0,0,Synthetic
46.79,9.14,22.79,47.51,0,0,Synthetic
264.61,17.11,31.74,65.39,0,0,Synthetic
147.0,0.0,28.61,69.26,0,0,Synthetic
224.66,17.57,30.43,76.44,0,0,Synthetic
155.86,23.85,22.87,59.12,0,0,Synthetic
501.88,39.71,37.62,38.1,0,0,Synthetic
757.54,94.22,56.56,22.56,1,2,Synthetic
737.78,103.05,38.3,44.69,0,2,Synthetic
239.27,0.0,18.17,53.26,0,0,Synthetic
135.52,22.29,19.72,80.95,0,0,Synthetic
316.75,42.49,37.81,83.54,0,0,Synthetic
280.71,0.19,25.61,62.47,0,0,Synthetic
257.66,9.48,25.17,64.15,0,0,Synthetic
426.01,41.65,28.47,47.25,0,0,Synthetic
363.86,35.21,44.84,75.49,0,0,Synthetic
491.9,168.96,38.46,58.82,0,1,Synthetic
273.18,9.45,20.7,62.48,0,0,Synthetic
204.49,19.98,28.11,54.52,0,0,Synthetic
152.23,12.23,22.33,44.61,0,0,Synthetic
267.03,18.32,24.44,64.63,0,0,Synthetic
329.44,31.52,47.01,51.93,0,0,Synthetic
0.0,14.76,28.85,62.93,0,0,Synthetic
198.29,9.95,24.48,82.1,0,0,Synthetic
176.68,9.28,30.13,61.36,0,0,Synthetic
306.58,21.02,49.21,48.42,0,0,Synthetic
201.71,0.0,22.07,56.15,0,0,Synthetic
112.33,14.31,29.06,42.93,0,0,Synthetic
659.82,46.98,35.16,68.0,0,1,Synthetic
208.29,5.7,29.15,30.08,0,0,Synthetic
229.8,15.65,22.21,57.97,0,0,Synthetic
141.49,9.92,23.63,54.83,0,0,Synthetic
298.57,31.06,29.73,54.64,0,0,Synthetic
452.92,62.63,36.79,78.95,0,0,Synthetic
298.41,13.3,15.2,32.92,0,0,Synthetic
100.5,2.75,26.1,56.97,0,0,Synthetic
162.99,26.65,23.04,53.74,0,0,Synthetic
126.29,19.42,32.87,51.21,0,0,Synthetic
283.9,26.12,25.65,74.49,0,0,Synthetic
157.12,24.62,27.3,40.73,0,0,Synthetic
57.38,24.02,25.3,62.63,0,0,Synthetic
306.42,53.56,57.16,65.77,0,1,Synthetic
373.31,108.76,32.8,60.21,0,1,Synthetic
129.77,28.29,29.75,59.51,0,0,Synthetic
204.8,13.49,23.79,72.22,0,0,Synthetic
119.18,30.3,33.34,65.68,0,0,Synthetic
170.68,4.43,36.91,77.96,0,0,Synthetic
100.39,0.0,21.61,29.44,0,0,Synthetic
163.4,18.15,27.66,64.86,0,0,Synthetic
52.85,6.83,23.13,43.77,0,0,Synthetic
259.91,13.33,19.69,24.53,0,0,Synthetic
126.63,30.18,28.03,48.6,0,0,Synthetic
156.88,16.44,25.01,50.99,0,0,Synthetic
85.17,19.89,26.27,77.84,0,0,Synthetic
43.87,18.62,15.17,38.24,0,0,Synthetic
195.28,1.84,24.06,76.63,0,0,Synthetic
790.06,106.0,57.9,57.55,1,2,Synthetic
502.11,68.65,23.81,60.19,0,0,Synthetic
407.07,25.16,41.48,55.42,0,0,Synthetic
335.2,115.27,36.81,51.73,0,1,Synthetic
942.83,136.45,45.89,61.63,0,2,Synthetic
747.95,22.01,35.96,52.2,0,1,Synthetic
126.39,16.76,17.5,48.28,0,0,Synthetic
11.01,14.81,29.51,81.57,0,0,Synthetic
791.97,114.1,44.22,51.77,0,2,Synthetic
483.66,38.61,41.58,79.16,0,1,Synthetic
12.69,22.05,25.57,73.12,0,0,Synthetic
74.02,17.46,22.84,54.93,0,0,Synthetic
141.46,16.3,22.3,30.65,0,0,Synthetic
476.18,119.8,59.1,44.44,1,2,Synthetic
123.51,14.12,23.75,82.21,0,0,Synthetic
228.02,3.15,25.95,83.02,0,0,Synthetic
131.21,19.06,32.44,34.72,0,0,Synthetic
389.17,23.5,47.8,81.41,0,0,Synthetic
69.27,32.64,20.52,71.46,0,0,Synthetic
345.17,18.04,16.28,52.32,0,0,Synthetic
159.62,21.21,24.63,53.47,0,0,Synthetic
212.1,15.91,24.38,84.28,0,0,Synthetic
99.18,0.0,27.51,36.71,0,0,Synthetic
227.69,86.97,36.2,47.94,0,0,Synthetic
473.26,11.69,36.34,56.03,0,0,Synthetic
204.72,30.47,18.66,52.93,0,0,Synthetic
260.32,14.71,16.81,59.04,0,0,Synthetic
182.44,9.19,34.89,59.91,0,0,Synthetic
137.89,2.54,25.5,61.71,0,0,Synthetic
83.67,29.9,30.62,63.65,0,0,Synthetic
275.97,41.15,46.36,44.39,0,0,Synthetic
254.55,0.0,24.76,68.67,0,0,Synthetic
134.82,9.77,19.39,64.27,0,0,Synthetic
959.12,116.34,73.77,14.53,1,2,Synthetic
66.63,12.05,22.23,81.46,0,0,Synthetic
394.32,48.91,35.82,71.4,0,0,Synthetic
182.07,14.01,27.51,49.66,0,0,Synthetic
123.46,27.12,21.3,53.55,0,0,Synthetic
230.07,12.68,28.57,50.86,0,0,Synthetic
156.25,5.58,23.33,62.74,0,0,Synthetic
124.09,2.02,23.22,54.43,0,0,Synthetic
117.63,20.79,25.09,55.64,0,0,Synthetic
120.96,3.89,33.75,75.96,0,0,Synthetic
512.25,34.34,28.09,75.02,0,0,Synthetic
205.78,14.56,23.01,74.37,0,0,Synthetic
343.42,94.4,21.04,73.95,0,0,Synthetic
823.75,195.34,46.83,33.36,1,2,Synthetic
377.61,56.92,33.93,79.47,0,0,Synthetic
508.09,176.63,34.65,63.47,0,1,Synthetic
868.64,144.12,53.06,91.81,0,2,Synthetic
355.96,78.05,34.74,68.86,0,0,Synthetic
405.28,72.31,33.89,60.0,0,0,Synthetic
192.22,24.18,24.14,48.13,0,0,Synthetic
424.86,46.96,37.85,65.66,0,0,Synthetic
87.47,19.01,28.56,46.8,0,0,Synthetic
517.77,22.53,31.96,53.69,0,0,Synthetic
138.72,19.99,28.66,62.27,0,0,Synthetic
358.51,37.02,39.12,65.07,0,0,Synthetic
557.37,67.39,38.08,51.96,0,1,Synthetic
101.18,0.0,26.16,49.63,0,0,Synthetic
652.57,124.96,31.86,56.19,0,1,Synthetic
702.19,133.41,34.27,49.05,0,2,Synthetic
465.52,20.39,38.76,67.33,0,0,Synthetic
26.88,16.1,29.64,37.93,0,0,Synthetic
210.98,0.94,27.73,53.68,0,0,Synthetic
250.49,2.97,25.11,65.87,0,0,Synthetic
445.05,40.63,40.77,78.3,0,0,Synthetic
72.4,4.23,19.41,77.59,0,0,Synthetic
207.92,25.3,16.23,80.27,0,0,Synthetic
284.15,16.19,54.42,80.01,0,0,Synthetic
157.67,12.9,17.22,61.44,0,0,Synthetic
169.01,16.24,27.54,60.37,0,0,Synthetic
164.55,17.56,20.24,56.78,0,0,Synthetic
160.99,0.0,32.17,40.46,0,0,Synthetic
492.09,40.2,31.1,62.38,0,0,Synthetic
484.41,42.07,39.71,81.63,0,0,Synthetic
140.63,13.64,35.13,74.5,0,0,Synthetic
123.76,10.24,27.75,60.12,0,0,Synthetic
99.16,4.19,21.58,59.95,0,0,Synthetic
54.81,16.35,18.63,52.0,0,0,Synthetic
97.58,24.26,22.07,56.82,0,0,Synthetic
400.22,63.7,28.34,54.49,0,0,Synthetic
747.47,118.88,50.35,57.64,0,2,Synthetic
275.02,10.2,22.81,57.93,0,0,Synthetic
179.04,42.7,29.17,58.46,0,0,Synthetic
113.88,16.82,21.72,57.44,0,0,Synthetic
1183.58,160.97,43.27,51.31,0,2,Synthetic
249.64,11.53,27.89,64.49,0,0,Synthetic
446.25,49.06,43.58,80.76,0,1,Synthetic
103.96,24.52,22.5,56.65,0,0,Synthetic
154.61,1.29,24.54,61.61,0,0,Synthetic
333.24,79.77,34.95,49.36,0,0,Synthetic
7.13,21.63,25.69,56.3,0,0,Synthetic
465.99,48.73,35.39,53.37,0,0,Synthetic
268.09,19.49,26.56,33.97,0,0,Synthetic
121.54,11.57,21.38,46.72,0,0,Synthetic
174.47,20.13,25.81,69.25,0,0,Synthetic
372.78,31.94,44.67,69.98,0,0,Synthetic
420.75,250.03,37.03,54.84,0,1,Synthetic
389.95,52.44,42.86,86.41,0,0,Synthetic
178.37,3.23,20.79,57.76,0,0,Synthetic
183.8,37.11,21.11,50.77,0,0,Synthetic
117.63,29.28,22.35,45.54,0,0,Synthetic
359.93,30.81,51.11,64.84,0,0,Synthetic
233.24,9.1,24.78,77.6,0,0,Synthetic
338.82,197.42,31.13,46.83,0,1,Synthetic
821.93,93.91,46.28,55.11,1,2,Synthetic
174.75,16.76,14.22,60.17,0,0,Synthetic
1394.74,34.61,39.64,52.12,0,1,Synthetic
998.69,131.44,44.33,50.43,0,2,Synthetic
242.88,22.95,19.83,74.85,0,0,Synthetic
63.1,22.34,24.13,48.87,0,0,Synthetic
205.02,10.16,27.29,58.53,0,0,Synthetic
1088.14,79.02,36.36,54.83,0,2,Synthetic
231.67,65.38,30.73,73.3,0,0,Synthetic
165.65,29.26,22.01,48.72,0,0,Synthetic
323.44,55.42,46.96,67.77,0,1,Synthetic
131.32,2.75,20.63,53.45,0,0,Synthetic
901.09,151.26,47.63,58.45,0,2,Synthetic
182.72,20.76,25.62,43.35,0,0,Synthetic
195.04,19.54,31.66,54.28,0,0,Synthetic
380.32,29.19,40.32,81.22,0,0,Synthetic
336.08,18.37,30.56,41.96,0,0,Synthetic
155.27,73.37,28.35,50.17,0,0,Synthetic
391.86,19.69,42.5,77.75,0,0,Synthetic
132.67,26.55,22.38,61.16,0,0,Synthetic
402.91,55.88,42.62,64.47,0,1,Synthetic
297.5,3.91,27.03,85.43,0,0,Synthetic
132.71,21.48,28.64,85.64,0,0,Synthetic
493.59,184.95,38.01,51.26,0,1,Synthetic
961.06,171.06,41.94,60.87,0,2,Synthetic
284.7,73.94,29.69,49.22,0,0,Synthetic
151.91,4.2,24.2,46.51,0,0,Synthetic
149.24,8.26,30.59,78.5,0,0,Synthetic
209.47,15.45,33.66,60.48,0,0,Synthetic
99.68,9.59,22.8,80.06,0,0,Synthetic
238.02,13.39,22.52,70.97,0,0,Synthetic
81.31,7.74,19.4,67.23,0,0,Synthetic
191.72,27.75,26.97,53.07,0,0,Synthetic
18.05,13.36,27.53,62.73,0,0,Synthetic
158.99,84.46,30.7,64.02,0,0,Synthetic
772.98,95.28,53.99,42.06,1,2,Synthetic
87.43,19.25,25.91,25.93,0,0,Synthetic
564.76,41.05,33.42,58.53,0,0,Synthetic
268.52,21.72,23.98,59.54,0,0,Synthetic
968.04,64.81,46.41,49.49,0,2,Synthetic
413.18,66.65,53.83,88.18,0,1,Synthetic
99.04,2.91,26.01,33.07,0,0,Synthetic
236.94,19.3,22.01,43.39,0,0,Synthetic
88.78,10.33,29.56,43.65,0,0,Synthetic
996.0,128.03,44.32,68.32,0,2,Synthetic
213.18,1.22,29.5,37.56,0,0,Synthetic
871.8,116.66,50.0,42.42,0,2,Synthetic
185.35,15.91,28.06,41.03,0,0,Synthetic
237.06,23.24,24.63,63.93,0,0,Synthetic
504.33,46.26,32.21,50.53,0,0,Synthetic
332.99,25.6,29.44,80.14,0,0,Synthetic
175.84,20.36,25.58,59.99,0,0,Synthetic
513.94,63.26,35.04,47.78,0,1,Synthetic
250.46,65.76,28.87,55.24,0,0,Synthetic
407.22,48.93,49.82,77.75,0,1,Synthetic
13.82,10.39,25.8,42.87,0,0,Synthetic
413.72,219.25,33.92,61.54,0,1,Synthetic
326.52,40.04,49.34,58.65,0,0,Synthetic
244.79,13.44,47.4,56.88,0,0,Synthetic
44.39,7.6,16.59,56.11,0,0,Synthetic
832.61,179.91,40.78,24.71,1,2,Synthetic
249.86,40.48,44.36,60.99,0,0,Synthetic
123.73,23.3,16.35,49.6,0,0,Synthetic
243.21,7.77,18.74,55.0,0,0,Synthetic
200.68,25.4,22.63,35.51,0,0,Synthetic
217.13,2.6,30.52,41.92,0,0,Synthetic
273.65,49.61,56.78,74.36,0,1,Synthetic
91.57,20.14,21.35,70.73,0,0,Synthetic
329.79,18.48,20.69,41.35,0,0,Synthetic
3.66,10.16,17.42,43.92,0,0,Synthetic
118.36,16.5,30.18,90.05,0,0,Synthetic
166.02,2.59,29.24,58.89,0,0,Synthetic
60.78,14.75,21.45,61.06,0,0,Synthetic
812.09,141.08,42.39,50.95,0,2,Synthetic
942.87,75.69,30.72,42.76,0,1,Synthetic
92.06,5.62,30.95,68.94,0,0,Synthetic
9.86,19.43,18.87,50.1,0,0,Synthetic
255.46,15.45,34.86,67.16,0,0,Synthetic
82.95,32.12,19.9,45.99,0,0,Synthetic
280.5,47.7,48.91,39.09,0,1,Synthetic
207.96,8.23,20.65,57.32,0,0,Synthetic
161.01,17.16,17.75,44.66,0,0,Synthetic
158.49,4.2,18.25,39.16,0,0,Synthetic
635.0,40.28,35.06,65.68,0,1,Synthetic
680.45,179.77,47.1,72.66,0,2,Synthetic
243.71,14.75,18.5,65.03,0,0,Synthetic
9.8,21.33,27.25,55.25,0,0,Synthetic
712.86,47.63,31.53,47.68,0,1,Synthetic
118.92,11.73,30.43,47.12,0,0,Synthetic
246.86,22.7,46.8,74.44,0,0,Synthetic
328.7,28.22,32.68,84.53,0,0,Synthetic
710.73,150.45,43.78,72.29,0,2,Synthetic
274.83,17.07,23.29,54.37,0,0,Synthetic
916.68,169.95,50.52,20.29,1,2,Synthetic
307.03,12.8,30.13,47.12,0,0,Synthetic
346.3,16.92,47.0,68.06,0,0,Synthetic
219.12,0.21,23.84,57.85,0,0,Synthetic
42.78,26.81,25.33,65.19,0,0,Synthetic
106.23,18.09,28.76,52.45,0,0,Synthetic
198.12,10.49,28.47,51.66,0,0,Synthetic
253.03,23.7,22.28,56.6,0,0,Synthetic
234.2,0.0,24.07,81.95,0,0,Synthetic
140.18,15.91,27.41,49.7,0,0,Synthetic
1119.29,105.69,45.73,61.03,0,2,Synthetic
105.04,19.84,26.82,68.3,0,0,Synthetic
493.1,18.31,46.54,71.63,0,1,Synthetic
386.33,46.08,36.76,68.09,0,0,Synthetic
300.31,0.94,28.47,44.78,0,0,Synthetic
185.94,21.42,23.77,62.7,0,0,Synthetic
138.88,13.34,26.24,48.42,0,0,Synthetic
542.62,33.34,22.71,52.76,0,0,Synthetic
293.67,164.24,42.15,40.79,0,1,Synthetic
152.7,13.39,24.7,41.21,0,0,Synthetic
190.94,12.02,25.3,52.89,0,0,Synthetic
95.26,7.22,24.06,82.56,0,0,Synthetic
431.26,44.73,37.76,74.78,0,0,Synthetic
127.33,35.97,30.45,66.36,0,0,Synthetic
184.72,10.43,19.34,67.41,0,0,Synthetic
98.21,9.28,30.36,58.28,0,0,Synthetic
170.76,13.86,32.21,79.4,0,0,Synthetic
103.76,6.24,25.16,59.42,0,0,Synthetic
251.83,11.31,20.9,65.39,0,0,Synthetic
143.87,18.09,22.51,39.98,0,0,Synthetic
228.61,17.06,22.71,75.6,0,0,Synthetic
240.71,8.79,25.37,42.78,0,0,Synthetic
0.08,32.28,28.9,38.38,0,0,Synthetic
190.2,16.75,34.39,80.38,0,0,Synthetic
119.06,0.06,19.8,56.44,0,0,Synthetic
150.77,18.26,23.73,82.65,0,0,Synthetic
101.44,7.24,24.41,56.62,0,0,Synthetic
202.9,27.3,32.79,89.8,0,0,Synthetic
273.75,21.56,23.17,37.34,0,0,Synthetic
349.27,13.17,28.31,75.17,0,0,Synthetic
16.92,5.39,20.69,58.68,0,0,Synthetic
1064.16,75.7,41.12,56.38,0,2,Synthetic
157.02,5.73,27.42,49.29,0,0,Synthetic
218.95,24.53,22.27,94.32,0,0,Synthetic
93.94,22.26,31.55,38.99,0,0,Synthetic
154.13,25.91,17.44,64.53,0,0,Synthetic
252.84,16.91,24.23,75.39,0,0,Synthetic
198.24,17.9,31.76,48.49,0,0,Synthetic
426.58,55.05,36.37,75.83,0,0,Synthetic
183.74,2.65,19.27,46.46,0,0,Synthetic
101.99,29.03,24.78,51.84,0,0,Synthetic
370.51,33.22,32.38,72.59,0,0,Synthetic
71.9,17.16,23.6,82.72,0,0,Synthetic
124.92,2.58,22.33,58.75,0,0,Synthetic
262.12,14.96,14.02,64.88,0,0,Synthetic
857.84,217.01,54.7,59.47,0,2,Synthetic
279.79,72.14,29.74,68.24,0,0,Synthetic
135.79,26.97,44.48,42.39,0,0,Synthetic
244.19,18.81,50.15,50.45,0,0,Synthetic
202.9,14.27,22.02,62.65,0,0,Synthetic
49.53,26.7,26.26,59.79,0,0,Synthetic
282.39,5.46,21.58,30.07,0,0,Synthetic
279.45,2.61,21.32,53.78,0,0,Synthetic
109.04,0.0,20.62,38.73,0,0,Synthetic
310.5,45.1,50.65,75.59,0,1,Synthetic
266.19,10.77,18.81,64.25,0,0,Synthetic
88.2,23.57,29.11,78.62,0,0,Synthetic
190.34,34.27,25.1,83.75,0,0,Synthetic
0.0,10.17,21.71,62.71,0,0,Synthetic
6.53,20.93,21.8,73.27,0,0,Synthetic
157.19,3.98,31.26,52.13,0,0,Synthetic
349.72,48.11,32.24,72.35,0,0,Synthetic
248.5,22.5,24.79,46.99,0,0,Synthetic
581.83,35.77,31.85,52.4,0,0,Synthetic
288.85,9.49,17.98,40.2,0,0,Synthetic
213.18,11.78,18.31,54.86,0,0,Synthetic
217.96,6.2,19.27,47.64,0,0,Synthetic
93.52,31.89,22.2,68.72,0,0,Synthetic
647.38,49.27,40.36,63.33,0,1,Synthetic
407.96,34.78,47.8,68.84,0,0,Synthetic
575.16,51.33,33.52,57.3,0,0,Synthetic
0.0,20.61,25.09,40.01,0,0,Synthetic
4.6,16.18,24.38,32.51,0,0,Synthetic
141.79,11.11,30.23,90.96,0,0,Synthetic
189.31,10.57,24.77,41.33,0,0,Synthetic
1072.85,52.98,33.16,35.04,0,1,Synthetic
262.51,24.26,25.99,40.6,0,0,Synthetic
236.75,28.67,31.34,56.08,0,0,Synthetic
104.18,0.06,28.45,41.99,0,0,Synthetic
42.36,11.85,30.41,64.58,0,0,Synthetic
540.38,55.57,22.63,52.42,0,0,Synthetic
881.4,72.04,34.11,71.89,0,1,Synthetic
135.87,2.73,15.96,37.75,0,0,Synthetic
332.45,29.08,40.87,54.83,0,0,Synthetic
613.15,22.66,37.08,71.14,0,0,Synthetic
156.9,11.41,29.0,64.9,0,0,Synthetic
176.76,15.6,28.56,38.02,0,0,Synthetic
211.18,4.33,23.68,55.53,0,0,Synthetic
63.19,17.42,17.55,44.71,0,0,Synthetic
220.07,0.0,19.17,51.75,0,0,Synthetic
1211.83,91.34,37.3,68.31,0,2,Synthetic
127.42,9.64,22.43,65.8,0,0,Synthetic
60.46,18.19,16.36,54.73,0,0,Synthetic
456.15,55.08,34.54,74.99,0,0,Synthetic
175.41,5.46,31.71,76.01,0,0,Synthetic
251.48,22.64,24.53,78.98,0,0,Synthetic
369.53,113.65,29.8,59.89,0,1,Synthetic
523.61,36.56,33.23,59.65,0,0,Synthetic
615.94,25.81,32.79,37.46,0,0,Synthetic
105.9,19.38,30.11,34.33,0,0,Synthetic
74.2,19.12,27.29,65.52,0,0,Synthetic
238.14,108.41,32.88,65.46,0,1,Synthetic
505.15,34.04,35.11,55.61,0,0,Synthetic
171.91,15.77,29.72,49.54,0,0,Synthetic
994.13,146.33,48.86,62.81,0,2,Synthetic
410.55,25.56,37.95,55.14,0,0,Synthetic
252.46,41.67,42.0,70.72,0,0,Synthetic
151.62,14.09,22.07,83.37,0,0,Synthetic
272.91,98.79,29.68,63.27,0,0,Synthetic
141.37,12.04,30.62,37.33,0,0,Synthetic
906.48,109.41,55.37,49.32,1,2,Synthetic
97.9,21.02,18.45,63.07,0,0,Synthetic
879.54,145.26,44.05,54.14,0,2,Synthetic
147.32,21.7,25.07,89.18,0,0,Synthetic
372.73,50.06,34.95,77.13,0,0,Synthetic
182.05,22.11,17.67,56.56,0,0,Synthetic
123.04,8.21,22.03,42.73,0,0,Synthetic
183.94,23.92,26.59,49.32,0,0,Synthetic
417.97,17.04,53.85,74.66,0,1,Synthetic
173.69,19.58,24.49,53.94,0,0,Synthetic
609.33,42.97,34.95,62.02,0,1,Synthetic
588.36,24.27,35.52,48.93,0,0,Synthetic
282.88,23.72,19.82,85.66,0,0,Synthetic
141.37,21.02,23.33,70.52,0,0,Synthetic
192.79,26.1,31.61,53.08,0,0,Synthetic
82.37,14.11,31.38,67.24,0,0,Synthetic
144.14,19.52,31.9,62.03,0,0,Synthetic
87.75,7.02,29.19,67.56,0,0,Synthetic
389.96,118.68,38.94,88.3,0,1,Synthetic
336.53,32.09,29.85,47.17,0,0,Synthetic
152.27,4.43,19.87,60.16,0,0,Synthetic
969.01,136.79,48.83,81.65,0,2,Synthetic
141.2,15.63,26.05,61.99,0,0,Synthetic
364.03,21.67,32.41,79.61,0,0,Synthetic
187.44,68.24,30.33,55.95,0,0,Synthetic
755.42,197.88,55.82,31.46,1,2,Synthetic
78.13,13.56,25.97,46.11,0,0,Synthetic
265.71,16.99,21.39,58.14,0,0,Synthetic
316.66,29.16,50.93,97.52,0,0,Synthetic
451.45,48.95,34.12,82.29,0,0,Synthetic
174.49,35.6,31.29,95.29,0,0,Synthetic
587.11,38.7,38.4,70.56,0,1,Synthetic
99.44,0.95,18.69,53.06,0,0,Synthetic
160.75,15.2,22.64,50.61,0,0,Synthetic
337.91,45.51,19.84,73.28,0,0,Synthetic
273.6,6.28,24.34,65.27,0,0,Synthetic
174.46,6.32,31.24,69.61,0,0,Synthetic
756.97,201.61,74.33,49.41,1,2,Synthetic
177.41,30.14,31.83,36.75,0,0,Synthetic
158.37,27.79,26.92,40.95,0,0,Synthetic
196.7,64.17,26.63,51.29,0,0,Synthetic
236.87,18.23,21.08,39.53,0,0,Synthetic
133.56,4.31,23.91,44.51,0,0,Synthetic
181.65,26.96,18.4,46.2,0,0,Synthetic
191.61,38.26,22.16,64.13,0,0,Synthetic
320.12,188.09,36.3,56.48,0,1,Synthetic
8.29,17.8,28.09,48.21,0,0,Synthetic
154.93,17.25,21.24,76.36,0,0,Synthetic
179.44,2.61,27.07,71.91,0,0,Synthetic
147.83,2.2,19.92,73.36,0,0,Synthetic
739.03,181.28,34.21,52.46,0,2,Synthetic
594.39,47.14,32.61,56.35,0,1,Synthetic
307.76,164.6,28.77,35.72,0,1,Synthetic
165.99,26.34,20.4,69.16,0,0,Synthetic
62.24,28.6,24.27,62.59,0,0,Synthetic
472.43,27.74,40.27,100.0,0,0,Synthetic
124.05,71.73,25.51,60.28,0,0,Synthetic
536.69,94.29,64.03,22.65,1,2,Synthetic
188.25,15.41,23.84,81.92,0,0,Synthetic
151.97,38.87,23.4,69.07,0,0,Synthetic
320.63,3.45,26.45,44.51,0,0,Synthetic
136.37,13.72,28.59,59.76,0,0,Synthetic
603.57,57.85,33.3,53.91,0,1,Synthetic
445.33,39.28,38.61,75.4,0,0,Synthetic
658.26,34.73,25.93,68.3,0,0,Synthetic
256.61,25.45,24.91,85.57,0,0,Synthetic
61.36,4.29,29.32,70.84,0,0,Synthetic
212.21,30.69,26.3,62.57,0,0,Synthetic
124.55,22.11,22.29,41.47,0,0,Synthetic
311.87,29.89,40.62,60.8,0,0,Synthetic
133.23,6.31,30.06,46.17,0,0,Synthetic
419.72,39.22,37.62,76.77,0,0,Synthetic
362.97,34.78,39.54,83.18,0,0,Synthetic
283.98,7.61,22.04,44.18,0,0,Synthetic
201.81,16.48,22.54,49.81,0,0,Synthetic
144.42,40.43,25.49,85.26,0,0,Synthetic
446.36,50.52,28.79,78.3,0,0,Synthetic
187.7,23.95,31.55,47.23,0,0,Synthetic
319.21,200.39,31.44,50.74,0,1,Synthetic
281.53,4.68,27.52,33.89,0,0,Synthetic
173.01,53.43,28.2,60.01,0,0,Synthetic
54.06,34.74,26.05,65.88,0,0,Synthetic
173.36,24.43,28.98,51.53,0,0,Synthetic
167.37,17.61,17.89,47.49,0,0,Synthetic
485.12,146.21,48.63,58.87,1,2,Synthetic
201.93,30.75,19.49,62.54,0,0,Synthetic
345.83,21.6,55.75,85.53,0,1,Synthetic
102.29,7.91,24.53,56.3,0,0,Synthetic
288.84,158.7,38.3,57.71,0,1,Synthetic
397.7,29.38,45.29,74.18,0,0,Synthetic
944.64,190.87,40.85,74.91,0,2,Synthetic
129.74,11.63,22.08,41.73,0,0,Synthetic
150.55,22.34,31.68,52.89,0,0,Synthetic
199.91,2.84,18.22,66.18,0,0,Synthetic
89.76,20.89,27.37,69.45,0,0,Synthetic
280.51,10.43,31.57,51.5,0,0,Synthetic
261.65,8.05,22.55,63.97,0,0,Synthetic
195.01,0.0,26.54,64.06,0,0,Synthetic
187.14,11.82,20.04,47.07,0,0,Synthetic
64.4,23.46,17.66,58.34,0,0,Synthetic
205.62,24.62,17.08,54.7,0,0,Synthetic
196.33,7.66,26.63,72.06,0,0,Synthetic
131.39,14.85,28.86,44.65,0,0,Synthetic
674.12,140.39,40.6,60.31,0,2,Synthetic
138.14,19.05,29.89,46.69,0,0,Synthetic
430.77,22.58,30.61,48.91,0,0,Synthetic
295.88,22.85,38.33,78.45,0,0,Synthetic
293.71,103.44,41.6,53.39,0,1,Synthetic
143.34,15.48,26.01,62.91,0,0,Synthetic
21.28,28.39,24.8,60.81,0,0,Synthetic
238.82,20.49,21.82,48.41,0,0,Synthetic
142.43,9.63,10.8,55.57,0,0,Synthetic
379.01,54.29,40.08,71.53,0,0,Synthetic
24.35,8.85,21.88,53.04,0,0,Synthetic
270.15,36.84,45.56,83.93,0,0,Synthetic
240.08,4.63,28.08,40.87,0,0,Synthetic
198.03,2.77,21.42,43.19,0,0,Synthetic
206.81,25.07,20.56,62.82,0,0,Synthetic
1044.28,63.02,33.41,68.43,0,1,Synthetic
350.66,28.08,25.0,92.76,0,0,Synthetic
300.74,17.16,49.25,53.32,0,0,Synthetic
215.31,18.72,26.48,80.56,0,0,Synthetic
124.6,24.71,26.02,61.44,0,0,Synthetic
444.47,53.93,41.5,80.48,0,1,Synthetic
284.16,7.34,33.39,60.01,0,0,Synthetic
220.24,15.26,33.7,60.15,0,0,Synthetic
124.0,18.15,25.43,59.86,0,0,Synthetic
156.73,19.21,27.23,57.98,0,0,Synthetic
230.6,11.63,32.51,60.16,0,0,Synthetic
71.24,11.24,24.72,41.72,0,0,Synthetic
820.97,194.04,46.02,20.73,1,2,Synthetic
725.02,116.8,50.92,33.79,1,2,Synthetic
89.09,22.2,26.6,60.16,0,0,Synthetic
298.11,30.19,49.18,70.24,0,0,Synthetic
316.8,53.97,43.9,56.47,0,0,Synthetic
182.78,1.9,26.47,60.79,0,0,Synthetic
246.77,51.19,30.35,53.71,0,0,Synthetic
128.37,0.86,35.15,59.21,0,0,Synthetic
580.5,23.48,32.54,58.85,0,0,Synthetic
753.43,138.34,32.66,52.29,0,2,Synthetic
327.55,22.09,47.16,61.24,0,0,Synthetic
247.89,2.2,16.02,68.18,0,0,Synthetic
176.92,0.0,24.71,65.11,0,0,Synthetic
253.72,4.8,28.26,49.34,0,0,Synthetic
310.48,24.34,26.51,53.33,0,0,Synthetic
367.65,24.91,49.27,68.08,0,0,Synthetic
949.17,29.24,46.3,52.25,0,2,Synthetic
841.38,129.22,54.6,73.55,1,2,Synthetic
195.03,4.13,19.49,57.56,0,0,Synthetic
509.55,44.57,38.42,74.12,0,1,Synthetic
434.64,21.91,42.79,73.42,0,0,Synthetic
249.19,28.37,35.66,44.7,0,0,Synthetic
257.02,21.77,26.3,57.48,0,0,Synthetic
620.11,38.66,23.68,49.39,0,0,Synthetic
80.56,22.67,24.89,63.3,0,0,Synthetic
126.08,17.91,19.53,60.86,0,0,Synthetic
197.77,11.63,23.6,58.85,0,0,Synthetic
288.08,9.67,30.01,41.28,0,0,Synthetic
128.97,8.53,22.0,82.23,0,0,Synthetic
365.12,6.22,28.54,63.1,0,0,Synthetic
232.77,18.31,29.68,65.67,0,0,Synthetic
267.23,89.34,34.77,63.12,0,1,Synthetic
5.53,18.54,31.56,56.89,0,0,Synthetic
137.08,6.3,23.58,64.11,0,0,Synthetic
108.72,12.05,24.61,67.83,0,0,Synthetic
126.6,9.84,28.49,54.75,0,0,Synthetic
49.49,8.54,16.61,57.34,0,0,Synthetic
189.09,18.99,23.63,51.02,0,0,Synthetic
473.96,46.19,36.69,58.5,0,0,Synthetic
118.7,12.07,27.61,52.02,0,0,Synthetic
95.18,15.03,17.53,48.93,0,0,Synthetic
276.39,78.23,32.57,50.02,0,0,Synthetic
535.5,34.69,37.58,60.18,0,0,Synthetic
223.36,10.56,30.93,60.25,0,0,Synthetic
202.42,21.32,23.74,76.27,0,0,Synthetic
181.62,1.49,22.09,40.27,0,0,Synthetic
139.91,18.6,25.82,68.43,0,0,Synthetic
62.27,23.16,24.27,48.83,0,0,Synthetic
55.97,4.55,27.07,62.02,0,0,Synthetic
271.5,58.18,36.62,52.98,0,0,Synthetic
834.83,97.72,53.96,72.91,0,2,Synthetic
229.58,26.93,46.08,65.0,0,0,Synthetic
225.45,35.2,20.71,51.96,0,0,Synthetic
405.62,55.56,39.51,77.03,0,0,Synthetic
104.57,6.32,25.72,57.45,0,0,Synthetic
644.56,119.07,74.99,34.49,1,2,Synthetic
290.16,21.91,11.75,51.94,0,0,Synthetic
118.74,0.0,36.34,52.6,0,0,Synthetic
86.32,12.49,28.32,50.0,0,0,Synthetic
6.75,16.86,25.97,34.65,0,0,Synthetic
303.03,17.12,29.94,32.93,0,0,Synthetic
196.39,24.54,24.55,52.05,0,0,Synthetic
98.54,21.29,24.34,44.5,0,0,Synthetic
437.73,55.97,38.45,74.02,0,1,Synthetic
185.7,17.7,23.46,70.78,0,0,Synthetic
208.4,6.98,24.36,59.16,0,0,Synthetic
221.32,20.77,23.7,41.46,0,0,Synthetic
196.92,5.11,26.57,63.61,0,0,Synthetic
55.01,11.99,21.31,50.93,0,0,Synthetic
353.39,17.79,23.71,93.59,0,0,Synthetic
277.95,23.88,23.35,41.36,0,0,Synthetic
303.5,11.6,22.27,58.93,0,0,Synthetic
486.94,226.4,32.53,41.62,0,1,Synthetic
50.86,18.91,16.91,51.41,0,0,Synthetic
342.82,39.44,42.84,45.7,0,0,Synthetic
309.36,89.33,31.36,62.39,0,1,Synthetic
999.61,98.15,35.46,61.39,0,2,Synthetic
141.05,8.09,28.62,42.26,0,0,Synthetic
814.6,175.82,46.15,67.18,0,2,Synthetic
12.31,15.7,27.45,52.59,0,0,Synthetic
159.04,9.66,26.6,65.25,0,0,Synthetic
354.83,34.51,55.99,83.89,0,1,Synthetic
277.61,5.68,48.32,59.54,0,0,Synthetic
455.55,45.19,34.36,49.43,0,0,Synthetic
232.61,8.42,29.5,70.18,0,0,Synthetic
237.71,21.06,28.75,39.78,0,0,Synthetic
330.89,38.69,41.12,71.34,0,0,Synthetic
116.01,11.01,30.51,82.04,0,0,Synthetic
368.57,37.9,34.65,73.2,0,0,Synthetic
478.13,45.44,34.63,73.68,0,0,Synthetic
475.11,50.11,39.13,78.85,0,1,Synthetic
293.17,27.48,23.38,62.63,0,0,Synthetic
57.5,11.11,22.62,56.93,0,0,Synthetic
258.12,27.71,23.39,84.57,0,0,Synthetic
489.19,44.28,54.6,80.24,0,1,Synthetic
308.82,85.99,32.09,79.78,0,1,Synthetic
226.06,25.73,21.25,53.32,0,0,Synthetic
3.0,6.74,22.64,50.91,0,0,Synthetic
141.79,16.24,21.04,75.54,0,0,Synthetic
3.85,9.83,24.33,67.5,0,0,Synthetic
352.67,31.63,37.85,49.86,0,0,Synthetic
196.61,14.64,25.05,63.5,0,0,Synthetic
78.19,10.57,22.73,61.29,0,0,Synthetic
113.15,27.68,21.16,48.57,0,0,Synthetic
145.97,20.66,22.45,61.31,0,0,Synthetic
264.4,57.92,29.56,49.52,0,0,Synthetic
275.1,28.94,24.67,82.19,0,0,Synthetic
167.02,12.4,29.85,46.15,0,0,Synthetic
280.3,25.49,47.7,65.26,0,0,Synthetic
70.1,11.23,26.14,55.13,0,0,Synthetic
150.11,29.15,32.6,40.54,0,0,Synthetic
991.7,116.7,56.94,74.06,0,2,Synthetic
246.66,21.7,26.63,64.13,0,0,Synthetic
199.36,0.74,24.09,81.11,0,0,Synthetic
313.96,9.48,23.03,94.74,0,0,Synthetic
236.73,90.14,43.0,75.4,0,1,Synthetic
1114.81,58.61,31.71,57.87,0,1,Synthetic
372.87,16.94,28.05,45.54,0,0,Synthetic
155.13,29.11,19.3,52.43,0,0,Synthetic
101.25,9.54,23.04,77.35,0,0,Synthetic
850.03,159.13,62.09,55.45,1,2,Synthetic
122.93,23.57,23.16,49.79,0,0,Synthetic
396.79,179.54,24.51,68.7,0,1,Synthetic
81.97,31.16,20.27,32.22,0,0,Synthetic
962.41,147.48,47.27,76.65,0,2,Synthetic
475.43,149.74,35.58,64.55,0,1,Synthetic
431.03,54.44,37.34,73.01,0,0,Synthetic
773.7,45.22,44.82,62.28,0,2,Synthetic
53.78,0.53,18.27,45.14,0,0,Synthetic
118.74,17.54,21.72,70.04,0,0,Synthetic
1292.79,62.32,31.02,60.78,0,1,Synthetic
139.46,19.72,27.26,34.55,0,0,Synthetic
128.76,21.71,22.47,51.24,0,0,Synthetic
215.92,12.13,21.6,59.36,0,0,Synthetic
120.61,8.64,22.55,38.1,0,0,Synthetic
123.43,3.58,21.71,63.43,0,0,Synthetic
37.38,4.52,22.94,42.69,0,0,Synthetic
258.63,240.22,39.5,56.22,0,1,Synthetic
840.27,129.49,46.66,27.65,1,2,Synthetic
233.41,20.07,25.91,53.21,0,0,Synthetic
400.27,23.75,44.86,91.52,0,0,Synthetic
915.34,114.31,47.98,65.68,0,2,Synthetic
53.44,9.45,23.28,41.45,0,0,Synthetic
102.82,22.7,21.98,58.82,0,0,Synthetic
129.48,10.24,15.23,51.72,0,0,Synthetic
843.23,75.03,54.13,88.48,0,2,Synthetic
428.71,49.37,32.56,96.57,0,0,Synthetic
228.01,14.1,22.77,87.85,0,0,Synthetic
214.62,110.38,29.86,56.03,0,0,Synthetic
343.38,46.95,38.76,84.31,0,0,Synthetic
271.27,17.65,20.24,66.36,0,0,Synthetic
163.17,59.04,53.7,90.59,0,1,Synthetic
237.7,9.41,23.26,42.21,0,0,Synthetic
125.33,9.42,31.64,44.26,0,0,Synthetic
791.39,0.15,47.45,56.1,1,2,Synthetic
210.91,6.0,26.39,52.6,0,0,Synthetic
146.79,3.62,24.61,38.74,0,0,Synthetic
94.97,26.79,31.5,74.39,0,0,Synthetic
205.05,12.0,25.02,48.7,0,0,Synthetic
283.04,4.86,23.48,44.99,0,0,Synthetic
173.2,7.9,32.43,69.8,0,0,Synthetic
236.9,25.43,25.66,83.34,0,0,Synthetic
271.65,28.88,47.44,81.88,0,0,Synthetic
234.93,8.99,21.31,87.94,0,0,Synthetic
164.65,0.0,26.66,73.39,0,0,Synthetic
272.59,21.33,21.03,59.18,0,0,Synthetic
233.54,10.18,20.48,58.56,0,0,Synthetic
1053.14,119.6,45.52,68.74,0,2,Synthetic
302.25,24.22,45.39,55.93,0,0,Synthetic
750.15,188.03,48.51,24.22,1,2,Synthetic
184.33,3.36,24.46,52.32,0,0,Synthetic
156.03,43.68,30.81,59.76,0,0,Synthetic
189.61,20.92,22.56,61.48,0,0,Synthetic
200.32,0.0,25.34,60.09,0,0,Synthetic
188.27,25.47,26.58,66.66,0,0,Synthetic
375.26,52.36,40.04,60.73,0,0,Synthetic
1064.81,131.23,50.43,72.09,0,2,Synthetic
401.37,33.3,39.74,69.79,0,0,Synthetic
1008.62,64.39,44.88,72.98,0,2,Synthetic
97.54,11.05,30.82,48.99,0,0,Synthetic
238.35,21.96,21.6,87.0,0,0,Synthetic
257.75,2.26,22.26,47.62,0,0,Synthetic
563.48,31.66,32.24,67.63,0,0,Synthetic
65.57,11.39,27.97,46.36,0,0,Synthetic
218.37,12.92,21.04,46.02,0,0,Synthetic
222.13,64.7,32.56,65.1,0,0,Synthetic
161.57,24.02,23.2,65.01,0,0,Synthetic
127.85,12.36,30.23,40.66,0,0,Synthetic
1027.84,60.82,23.23,62.3,0,1,Synthetic
16.52,21.7,29.11,62.04,0,0,Synthetic
56.97,8.85,34.7,74.3,0,0,Synthetic
155.47,15.9,20.44,38.75,0,0,Synthetic
99.66,30.6,19.04,41.91,0,0,Synthetic
413.42,24.19,31.79,32.92,0,0,Synthetic
116.98,5.23,26.92,83.75,0,0,Synthetic
214.08,7.97,34.82,75.12,0,0,Synthetic
148.06,19.88,35.06,59.85,0,0,Synthetic
116.75,4.89,24.17,43.96,0,0,Synthetic
727.74,66.73,37.56,61.13,0,1,Synthetic
208.61,25.13,15.97,49.92,0,0,Synthetic
294.1,35.91,29.74,77.66,0,0,Synthetic
252.17,9.26,21.84,73.65,0,0,Synthetic
112.39,4.81,24.08,82.73,0,0,Synthetic
208.61,15.18,25.39,65.13,0,0,Synthetic
301.44,25.93,38.5,72.43,0,0,Synthetic
443.69,45.09,52.37,69.68,0,1,Synthetic
296.88,40.13,41.33,52.75,0,0,Synthetic
268.4,47.69,50.24,82.39,0,0,Synthetic
164.49,0.0,29.07,61.2,0,0,Synthetic
94.31,6.3,29.89,45.26,0,0,Synthetic
148.68,11.11,46.98,50.61,0,0,Synthetic
431.5,43.32,40.74,76.22,0,1,Synthetic
974.83,115.54,46.62,22.4,1,2,Synthetic
132.22,20.1,34.64,49.38,0,0,Synthetic
104.0,15.47,31.89,65.49,0,0,Synthetic
180.92,16.97,21.64,82.06,0,0,Synthetic
417.83,35.46,40.04,77.29,0,0,Synthetic
223.29,7.84,20.22,61.23,0,0,Synthetic
96.2,6.64,24.9,44.26,0,0,Synthetic
264.0,1.24,23.93,66.75,0,0,Synthetic
269.75,12.3,42.94,54.83,0,0,Synthetic
190.27,8.97,21.64,37.99,0,0,Synthetic
162.41,21.39,18.39,78.63,0,0,Synthetic
85.34,0.48,27.11,44.63,0,0,Synthetic
86.08,23.5,28.08,55.49,0,0,Synthetic
267.72,12.75,43.93,63.85,0,0,Synthetic
453.08,53.35,36.39,75.07,0,0,Synthetic
220.22,28.31,22.47,56.57,0,0,Synthetic
71.61,20.18,19.26,53.7,0,0,Synthetic
125.29,13.86,28.77,74.13,0,0,Synthetic
304.17,3.67,30.45,66.97,0,0,Synthetic
339.19,2.65,31.42,55.18,0,0,Synthetic
266.32,35.02,31.8,61.92,0,0,Synthetic
271.32,66.04,31.95,56.75,0,0,Synthetic
64.58,19.87,25.03,65.76,0,0,Synthetic
334.83,70.09,28.12,67.68,0,0,Synthetic
70.81,10.79,22.58,43.85,0,0,Synthetic
423.18,55.66,39.01,83.96,0,0,Synthetic
430.06,36.79,46.09,73.47,0,1,Synthetic
80.9,1.09,25.94,68.94,0,0,Synthetic
289.63,188.97,32.25,37.3,0,1,Synthetic
25.67,0.34,29.86,74.9,0,0,Synthetic
198.69,27.51,23.33,50.54,0,0,Synthetic
769.02,74.08,53.96,33.63,1,2,Synthetic
161.22,17.97,30.53,71.42,0,0,Synthetic
137.62,13.99,28.68,89.82,0,0,Synthetic
330.13,28.55,41.56,40.41,0,0,Synthetic
339.12,46.18,37.07,82.57,0,0,Synthetic
323.61,8.71,28.08,38.38,0,0,Synthetic
47.78,16.29,23.72,38.46,0,0,Synthetic
697.87,113.25,46.91,27.39,1,2,Synthetic
206.09,4.03,29.87,59.8,0,0,Synthetic
152.12,28.04,29.77,80.89,0,0,Synthetic
272.3,8.71,38.95,44.92,0,0,Synthetic
171.01,0.0,24.56,56.08,0,0,Synthetic
231.06,14.03,26.56,51.47,0,0,Synthetic
638.43,46.54,59.68,35.45,1,2,Synthetic
305.36,19.48,15.87,49.38,0,0,Synthetic
5.0,0.74,23.74,62.72,0,0,Synthetic
119.39,20.11,18.4,42.99,0,0,Synthetic
165.94,17.44,27.85,53.47,0,0,Synthetic
196.69,0.0,20.59,67.83,0,0,Synthetic
372.3,51.61,31.79,51.75,0,0,Synthetic
269.98,88.83,24.38,44.77,0,0,Synthetic
110.19,5.05,23.1,55.98,0,0,Synthetic
70.73,7.9,34.61,69.86,0,0,Synthetic
209.15,11.47,31.34,80.12,0,0,Synthetic
253.61,12.25,20.74,50.07,0,0,Synthetic
305.98,0.42,23.6,58.74,0,0,Synthetic
746.16,118.18,49.52,28.79,1,2,Synthetic
268.86,72.27,37.32,35.36,0,0,Synthetic
978.03,74.53,46.88,73.97,0,2,Synthetic
163.88,30.27,31.23,87.19,0,0,Synthetic
401.78,53.56,40.85,73.73,0,0,Synthetic
150.82,1.26,17.74,86.21,0,0,Synthetic
197.17,15.52,33.65,72.44,0,0,Synthetic
275.38,27.33,29.61,49.61,0,0,Synthetic
83.56,15.54,21.85,51.91,0,0,Synthetic
901.7,61.14,34.33,70.66,0,1,Synthetic
218.81,4.31,23.9,50.24,0,0,Synthetic
987.16,68.22,23.54,54.27,0,1,Synthetic
173.4,14.76,29.37,66.49,0,0,Synthetic
207.44,16.38,28.87,70.32,0,0,Synthetic
113.43,22.58,23.43,57.97,0,0,Synthetic
174.87,10.8,21.42,62.23,0,0,Synthetic
369.01,18.25,44.81,61.56,0,0,Synthetic
203.89,5.45,28.11,47.49,0,0,Synthetic
227.89,1.49,31.97,64.49,0,0,Synthetic
156.05,14.67,28.32,47.89,0,0,Synthetic
235.83,13.5,28.54,47.6,0,0,Synthetic
475.35,47.18,31.88,58.78,0,0,Synthetic
425.53,26.51,56.14,82.94,0,1,Synthetic
236.34,17.43,30.91,50.56,0,0,Synthetic
473.93,187.61,25.28,60.48,0,1,Synthetic
224.56,10.63,34.23,42.83,0,0,Synthetic
300.24,33.45,29.56,71.19,0,0,Synthetic
198.45,14.4,32.39,88.7,0,0,Synthetic
380.59,30.56,56.92,78.11,0,1,Synthetic
756.95,133.21,49.58,59.01,1,2,Synthetic
389.52,23.32,45.01,53.62,0,0,Synthetic
342.95,14.29,45.81,53.19,0,0,Synthetic
299.07,7.9,30.54,88.16,0,0,Synthetic
70.09,14.93,20.2,60.99,0,0,Synthetic
1056.57,55.1,35.54,63.26,0,1,Synthetic
13.17,2.91,31.18,61.74,0,0,Synthetic
211.94,20.02,30.71,44.59,0,0,Synthetic
100.6,34.1,28.14,51.91,0,0,Synthetic
166.27,9.54,31.38,63.76,0,0,Synthetic
154.84,14.45,26.34,65.63,0,0,Synthetic
250.42,24.95,27.83,34.24,0,0,Synthetic
216.22,57.32,31.32,66.75,0,0,Synthetic
553.96,105.02,39.34,67.55,0,1,Synthetic
554.48,107.39,50.86,44.92,1,2,Synthetic
227.79,8.99,29.28,89.32,0,0,Synthetic
374.39,112.37,31.3,67.29,0,1,Synthetic
261.65,40.51,28.96,77.73,0,0,Synthetic
279.42,22.48,28.3,61.89,0,0,Synthetic
977.39,51.95,35.58,67.92,0,1,Synthetic
532.79,202.01,38.11,54.18,0,2,Synthetic
182.89,8.79,21.74,80.16,0,0,Synthetic
428.3,37.71,35.68,58.44,0,0,Synthetic
217.8,14.66,26.17,74.76,0,0,Synthetic
226.71,14.39,26.08,79.67,0,0,Synthetic
442.2,52.09,38.76,71.71,0,1,Synthetic
468.19,42.99,32.03,54.36,0,0,Synthetic
599.04,100.98,48.64,31.61,1,2,Synthetic
4.65,14.87,22.13,80.84,0,0,Synthetic
9.32,9.59,23.65,55.54,0,0,Synthetic
368.86,40.62,40.62,74.82,0,0,Synthetic
137.5,27.48,20.15,79.3,0,0,Synthetic
267.1,17.25,19.49,65.43,0,0,Synthetic
243.69,18.62,16.08,51.01,0,0,Synthetic
365.62,121.39,55.22,52.04,1,2,Synthetic
204.56,14.8,29.55,53.59,0,0,Synthetic
54.07,18.04,10.69,45.07,0,0,Synthetic
371.86,69.36,56.64,86.1,0,1,Synthetic
228.15,23.49,22.68,70.67,0,0,Synthetic
361.66,37.48,38.67,67.47,0,0,Synthetic
198.63,17.75,24.7,57.33,0,0,Synthetic
343.54,15.7,43.68,55.99,0,0,Synthetic
548.25,40.84,26.55,78.09,0,0,Synthetic
243.7,6.48,23.75,58.84,0,0,Synthetic
152.6,0.0,26.89,76.64,0,0,Synthetic
189.91,9.66,33.29,75.37,0,0,Synthetic
565.93,200.42,34.66,50.83,0,2,Synthetic
97.82,22.22,28.99,48.86,0,0,Synthetic
101.14,7.69,23.59,59.01,0,0,Synthetic
34.65,18.15,27.49,49.27,0,0,Synthetic
429.83,29.92,35.16,87.04,0,0,Synthetic
460.35,145.42,32.11,61.12,0,1,Synthetic
277.99,0.18,21.05,71.05,0,0,Synthetic
219.64,12.47,36.5,51.04,0,0,Synthetic
212.84,18.2,29.85,65.72,0,0,Synthetic
215.27,82.78,33.56,67.22,0,0,Synthetic
252.24,0.0,20.62,55.87,0,0,Synthetic
235.02,12.87,18.54,73.31,0,0,Synthetic
414.89,61.66,49.81,73.86,0,1,Synthetic
285.87,16.69,29.09,56.5,0,0,Synthetic
468.46,45.93,38.24,82.51,0,0,Synthetic
129.04,7.19,16.74,65.47,0,0,Synthetic
389.77,44.8,38.63,73.31,0,0,Synthetic
1032.7,71.27,31.19,63.3,0,1,Synthetic
58.05,18.1,37.26,46.07,0,0,Synthetic
220.39,22.69,31.32,86.9,0,0,Synthetic
148.43,16.98,25.63,48.1,0,0,Synthetic
388.52,25.61,38.42,70.14,0,0,Synthetic
187.59,13.25,25.48,48.83,0,0,Synthetic
512.52,18.83,36.53,71.16,0,0,Synthetic
75.42,10.04,28.07,60.44,0,0,Synthetic
305.47,17.06,28.56,45.85,0,0,Synthetic
180.83,13.13,26.76,63.73,0,0,Synthetic
44.05,22.36,26.05,58.04,0,0,Synthetic
496.82,42.72,41.1,66.07,0,1,Synthetic
131.73,22.85,15.8,80.22,0,0,Synthetic
20.37,10.05,21.9,61.74,0,0,Synthetic
205.8,20.87,29.59,43.22,0,0,Synthetic
668.54,19.23,31.47,82.19,0,0,Synthetic
1012.47,170.92,50.26,86.81,0,2,Synthetic
271.61,18.29,30.24,92.21,0,0,Synthetic
455.31,33.92,30.8,69.52,0,0,Synthetic
1124.67,105.11,40.54,80.75,0,2,Synthetic
479.92,15.72,27.69,66.69,0,0,Synthetic
100.06,3.92,27.13,46.4,0,0,Synthetic
35.81,9.48,24.8,42.39,0,0,Synthetic
0.79,9.33,25.97,52.19,0,0,Synthetic
63.24,5.48,30.65,39.84,0,0,Synthetic
418.03,30.54,44.35,70.42,0,0,Synthetic
179.53,11.41,28.71,84.42,0,0,Synthetic
123.69,24.83,29.39,54.64,0,0,Synthetic
570.38,36.67,33.05,78.33,0,0,Synthetic
50.67,25.48,17.72,48.21,0,0,Synthetic
90.88,24.55,22.96,53.43,0,0,Synthetic
6.06,13.69,23.61,48.7,0,0,Synthetic
154.59,12.41,24.64,64.1,0,0,Synthetic
377.14,37.68,17.69,76.67,0,0,Synthetic
194.08,1.9,24.08,57.87,0,0,Synthetic
75.11,0.0,20.98,59.17,0,0,Synthetic
304.15,11.94,27.68,83.3,0,0,Synthetic
145.03,42.88,56.82,91.57,0,1,Synthetic
258.26,6.06,18.03,30.32,0,0,Synthetic
389.75,47.71,31.19,76.49,0,0,Synthetic
101.76,0.58,27.39,54.19,0,0,Synthetic
965.47,92.44,32.4,46.79,0,2,Synthetic
156.66,8.82,27.49,59.16,0,0,Synthetic
71.83,8.83,20.0,59.26,0,0,Synthetic
40.55,20.45,30.28,49.32,0,0,Synthetic
64.67,3.73,29.91,44.5,0,0,Synthetic
1141.87,121.67,47.89,50.96,0,2,Synthetic
96.46,11.98,22.1,72.24,0,0,Synthetic
79.8,29.22,27.23,76.91,0,0,Synthetic
247.65,4.71,24.4,84.5,0,0,Synthetic
171.19,14.72,32.08,70.47,0,0,Synthetic
382.54,53.31,36.2,85.23,0,0,Synthetic
256.35,32.32,52.66,69.81,0,0,Synthetic
25.0,12.7,25.85,52.88,0,0,Synthetic
980.69,108.9,41.04,80.73,0,2,Synthetic
254.24,17.57,28.8,49.27,0,0,Synthetic
52.48,20.53,22.29,89.06,0,0,Synthetic
282.55,42.25,42.62,58.93,0,0,Synthetic
893.26,54.52,37.63,45.45,0,1,Synthetic
507.78,163.75,37.21,54.76,0,1,Synthetic
78.58,0.0,26.87,37.77,0,0,Synthetic
216.98,16.34,23.85,44.15,0,0,Synthetic
187.51,28.48,21.18,42.82,0,0,Synthetic
285.77,15.83,25.25,55.28,0,0,Synthetic
329.47,34.34,33.22,75.17,0,0,Synthetic
247.28,36.56,47.09,51.51,0,0,Synthetic
370.19,184.7,38.22,55.97,0,1,Synthetic
156.15,22.27,24.74,44.24,0,0,Synthetic
274.98,70.59,30.71,47.18,0,0,Synthetic
642.85,136.95,40.49,60.97,0,2,Synthetic
108.27,10.48,21.29,82.02,0,0,Synthetic
71.91,0.19,31.2,60.1,0,0,Synthetic
1033.22,6.18,30.18,67.39,0,1,Synthetic
222.12,64.57,40.25,55.56,0,0,Synthetic
170.88,12.98,24.24,51.8,0,0,Synthetic
183.15,0.0,26.93,54.64,0,0,Synthetic
151.89,14.88,27.86,41.79,0,0,Synthetic
193.98,27.81,25.95,42.01,0,0,Synthetic
199.66,9.62,28.24,34.48,0,0,Synthetic
114.42,30.42,26.98,70.97,0,0,Synthetic
154.3,8.55,24.18,70.1,0,0,Synthetic
250.35,11.94,23.38,41.46,0,0,Synthetic
256.43,24.72,31.78,83.0,0,0,Synthetic
426.97,13.86,39.82,61.58,0,0,Synthetic
168.63,7.78,29.3,59.73,0,0,Synthetic
319.76,34.39,42.91,82.33,0,0,Synthetic
147.98,26.14,32.89,38.73,0,0,Synthetic
187.42,14.95,22.04,48.43,0,0,Synthetic
87.06,15.75,34.16,73.1,0,0,Synthetic
208.28,8.7,30.76,33.36,0,0,Synthetic
156.89,11.08,28.96,51.83,0,0,Synthetic
177.22,0.3,33.21,84.04,0,0,Synthetic
226.39,10.92,21.6,77.64,0,0,Synthetic
177.38,19.85,27.55,73.23,0,0,Synthetic
382.22,151.8,37.31,50.86,0,1,Synthetic
476.48,166.73,26.29,44.43,0,1,Synthetic
278.33,43.55,45.89,58.53,0,0,Synthetic
91.09,18.77,22.42,51.81,0,0,Synthetic
205.03,25.72,28.95,34.39,0,0,Synthetic
108.12,6.57,22.98,37.27,0,0,Synthetic
334.75,42.38,38.68,80.59,0,0,Synthetic
365.26,19.54,20.44,56.01,0,0,Synthetic
156.88,8.79,30.2,49.23,0,0,Synthetic
232.89,14.81,26.98,56.34,0,0,Synthetic
147.76,22.01,15.41,36.12,0,0,Synthetic
167.89,17.5,17.93,65.67,0,0,Synthetic
194.69,53.95,33.37,67.79,0,0,Synthetic
312.47,28.03,45.04,49.2,0,0,Synthetic
27.04,8.58,25.28,83.63,0,0,Synthetic
714.97,57.68,43.71,63.79,0,2,Synthetic
119.8,25.0,23.42,51.52,0,0,Synthetic
545.72,48.54,35.39,61.78,0,1,Synthetic
20.88,26.32,25.63,37.28,0,0,Synthetic
276.69,98.24,28.76,55.22,0,1,Synthetic
440.05,169.47,32.41,67.88,0,1,Synthetic
92.74,18.77,23.56,69.33,0,0,Synthetic
140.87,15.76,24.22,56.74,0,0,Synthetic
351.9,12.96,31.69,63.0,0,0,Synthetic
63.46,17.04,16.17,55.89,0,0,Synthetic
1019.18,23.52,39.31,63.02,0,1,Synthetic
107.88,13.52,35.53,91.51,0,0,Synthetic
264.13,16.19,33.33,34.22,0,0,Synthetic
484.69,48.17,46.75,77.48,0,1,Synthetic
461.28,52.6,38.58,84.67,0,0,Synthetic
230.6,22.52,23.78,94.08,0,0,Synthetic
215.13,6.91,22.55,63.35,0,0,Synthetic
83.76,16.35,23.33,44.91,0,0,Synthetic
235.04,0.86,20.96,37.53,0,0,Synthetic
167.13,1.16,22.59,58.89,0,0,Synthetic
126.07,4.17,17.64,66.47,0,0,Synthetic
429.46,23.06,38.49,52.06,0,0,Synthetic
159.16,25.23,27.73,98.34,0,0,Synthetic
194.63,20.43,24.47,90.17,0,0,Synthetic
198.3,9.36,27.52,58.05,0,0,Synthetic
121.08,15.24,22.68,63.18,0,0,Synthetic
76.35,2.76,25.38,75.96,0,0,Synthetic
173.13,22.49,24.62,75.89,0,0,Synthetic
148.14,5.48,22.67,48.26,0,0,Synthetic
157.0,15.76,31.14,68.45,0,0,Synthetic
634.12,34.25,23.83,68.63,0,0,Synthetic
545.03,43.07,35.8,63.81,0,0,Synthetic
851.26,127.83,69.79,55.43,1,2,Synthetic
288.93,24.07,20.43,73.21,0,0,Synthetic
1044.07,96.87,45.27,59.52,0,2,Synthetic
257.05,30.14,30.55,86.46,0,0,Synthetic
57.54,19.01,28.87,74.74,0,0,Synthetic
936.99,85.73,34.05,67.53,0,2,Synthetic
245.08,16.37,33.27,40.95,0,0,Synthetic
671.24,28.89,34.28,70.94,0,1,Synthetic
954.33,179.19,58.26,15.99,1,2,Synthetic
146.03,2.66,26.66,55.9,0,0,Synthetic
151.32,13.43,24.32,69.01,0,0,Synthetic
844.89,96.82,45.25,68.14,0,2,Synthetic
203.53,18.33,18.06,65.11,0,0,Synthetic
150.0,11.31,22.59,76.5,0,0,Synthetic
24.36,24.67,30.19,62.3,0,0,Synthetic
159.75,11.42,30.61,45.25,0,0,Synthetic
1056.83,156.74,40.16,60.68,0,2,Synthetic
318.95,16.31,40.79,78.92,0,0,Synthetic
188.28,31.08,21.39,80.52,0,0,Synthetic
129.39,8.12,27.44,48.49,0,0,Synthetic
653.74,19.55,36.27,69.43,0,0,Synthetic
289.62,70.11,15.24,57.12,0,0,Synthetic
206.35,17.35,21.96,49.61,0,0,Synthetic
288.52,0.28,25.37,54.75,0,0,Synthetic
84.3,8.8,28.66,58.91,0,0,Synthetic
14.93,6.59,27.87,41.84,0,0,Synthetic
180.67,15.03,29.09,59.9,0,0,Synthetic
505.61,32.99,36.24,47.14,0,0,Synthetic
527.73,48.0,32.5,70.61,0,0,Synthetic
319.18,42.76,36.52,68.06,0,0,Synthetic
312.56,36.07,40.39,74.04,0,0,Synthetic
196.98,16.72,27.2,84.75,0,0,Synthetic
666.58,21.46,33.17,46.75,0,0,Synthetic
132.35,5.69,19.57,71.65,0,0,Synthetic
373.46,53.91,40.17,62.94,0,0,Synthetic
538.68,24.51,47.12,32.64,1,2,Synthetic
102.67,26.35,31.7,50.07,0,0,Synthetic
115.58,28.76,27.0,89.59,0,0,Synthetic
233.69,30.16,20.89,73.61,0,0,Synthetic
128.93,13.81,21.03,61.02,0,0,Synthetic
129.27,6.1,26.99,45.3,0,0,Synthetic
500.03,46.42,33.65,58.45,0,0,Synthetic
215.45,8.29,20.47,60.71,0,0,Synthetic
159.57,26.22,39.39,85.58,0,0,Synthetic
182.66,14.57,15.48,55.52,0,0,Synthetic
53.63,18.47,21.8,59.44,0,0,Synthetic
124.18,11.7,21.59,66.72,0,0,Synthetic
731.45,118.58,44.9,47.93,1,2,Synthetic
91.68,4.85,26.91,55.54,0,0,Synthetic
273.71,63.21,31.97,59.97,0,0,Synthetic
284.2,34.37,43.31,57.99,0,0,Synthetic
392.25,27.69,35.93,62.73,0,0,Synthetic
7.62,0.0,25.78,51.2,0,0,Synthetic
121.69,28.15,24.06,79.1,0,0,Synthetic
286.7,12.95,17.34,56.04,0,0,Synthetic
9.18,8.55,26.35,63.81,0,0,Synthetic
157.63,6.98,21.05,62.62,0,0,Synthetic
263.08,85.9,32.99,63.57,0,0,Synthetic
204.89,25.19,20.77,53.19,0,0,Synthetic
190.16,11.75,28.43,62.22,0,0,Synthetic
456.65,41.24,33.72,70.67,0,0,Synthetic
147.96,10.68,25.61,59.16,0,0,Synthetic
386.65,51.28,37.96,70.17,0,0,Synthetic
901.36,133.72,50.22,70.1,0,2,Synthetic
216.66,15.91,41.43,40.38,0,0,Synthetic
927.16,176.75,46.79,58.05,0,2,Synthetic
273.65,21.15,47.71,61.62,0,0,Synthetic
64.6,19.68,21.68,74.57,0,0,Synthetic
162.68,12.72,21.64,62.9,0,0,Synthetic
179.53,7.15,18.95,28.14,0,0,Synthetic
255.25,27.19,43.08,60.35,0,0,Synthetic
947.05,73.93,32.07,61.56,0,1,Synthetic
305.25,34.36,36.53,91.03,0,0,Synthetic
720.3,29.97,41.13,59.8,0,1,Synthetic
145.86,23.9,24.86,69.12,0,0,Synthetic
181.29,37.99,19.15,41.92,0,0,Synthetic
165.21,17.76,28.6,49.84,0,0,Synthetic
1068.87,122.79,40.95,55.28,0,2,Synthetic
186.25,17.99,26.49,41.55,0,0,Synthetic
276.64,15.91,26.13,56.41,0,0,Synthetic
834.67,107.96,57.49,58.08,1,2,Synthetic
135.97,2.46,26.35,62.35,0,0,Synthetic
177.4,22.73,30.5,48.82,0,0,Synthetic
132.32,18.1,22.94,78.97,0,0,Synthetic
388.39,46.46,32.94,67.09,0,0,Synthetic
256.28,18.54,26.66,56.1,0,0,Synthetic
254.18,14.39,27.67,55.07,0,0,Synthetic
319.83,16.23,29.27,80.95,0,0,Synthetic
462.18,50.91,35.71,65.05,0,0,Synthetic
213.8,8.56,25.84,89.55,0,0,Synthetic
417.14,31.59,32.36,42.07,0,0,Synthetic
743.58,170.7,39.68,72.34,0,2,Synthetic
421.11,37.79,56.14,66.45,0,1,Synthetic
142.35,14.82,35.47,72.42,0,0,Synthetic
124.98,16.53,25.44,54.56,0,0,Synthetic
286.56,67.32,33.76,65.9,0,0,Synthetic
138.69,21.62,16.24,66.97,0,0,Synthetic
378.26,183.45,40.21,75.92,0,1,Synthetic
247.55,25.65,50.25,93.56,0,0,Synthetic
181.81,5.92,14.53,86.41,0,0,Synthetic
615.25,24.35,32.24,53.96,0,0,Synthetic
393.65,27.06,39.66,48.65,0,0,Synthetic
91.39,4.69,27.11,37.24,0,0,Synthetic
70.12,26.46,27.78,39.59,0,0,Synthetic
256.22,92.65,32.76,44.19,0,0,Synthetic
275.98,7.56,46.69,54.38,0,0,Synthetic
156.33,14.56,32.03,85.44,0,0,Synthetic
306.53,10.76,19.11,53.38,0,0,Synthetic
1207.52,34.02,31.07,59.88,0,1,Synthetic
70.23,2.15,26.42,49.88,0,0,Synthetic
330.68,27.33,41.35,68.19,0,0,Synthetic
271.75,36.48,28.33,41.37,0,0,Synthetic
158.7,10.21,23.06,51.32,0,0,Synthetic
592.86,35.5,33.53,69.96,0,0,Synthetic
235.08,3.13,22.17,60.97,0,0,Synthetic
220.9,19.41,24.52,84.05,0,0,Synthetic
128.74,15.48,24.65,16.29,0,0,Synthetic
343.24,33.72,43.09,56.91,0,0,Synthetic
96.39,13.37,27.96,50.37,0,0,Synthetic
184.35,13.87,24.73,49.27,0,0,Synthetic
265.87,72.0,27.88,72.87,0,0,Synthetic
522.18,194.9,33.64,65.6,0,1,Synthetic
172.38,20.56,15.2,53.47,0,0,Synthetic
883.12,18.76,56.74,47.79,1,2,Synthetic
629.57,57.14,26.88,64.83,0,1,Synthetic
244.88,18.63,21.83,69.27,0,0,Synthetic
242.13,10.09,26.59,25.73,0,0,Synthetic
40.72,10.37,28.67,30.36,0,0,Synthetic
86.69,3.58,24.55,69.85,0,0,Synthetic
156.4,25.86,26.93,60.57,0,0,Synthetic
941.47,164.12,46.67,72.58,0,2,Synthetic
9.45,0.57,19.85,66.06,0,0,Synthetic
347.09,47.13,34.48,78.01,0,0,Synthetic
103.84,15.81,25.17,64.06,0,0,Synthetic
216.3,11.79,25.32,48.4,0,0,Synthetic
249.9,33.05,23.42,56.95,0,0,Synthetic
292.71,49.32,51.09,100.0,0,1,Synthetic
153.16,23.17,23.91,73.49,0,0,Synthetic
513.79,40.87,48.88,74.04,0,1,Synthetic
543.2,38.52,23.98,62.43,0,0,Synthetic
833.44,153.93,45.04,64.03,0,2,Synthetic
272.19,15.84,27.46,31.22,0,0,Synthetic
335.5,15.44,41.21,63.42,0,0,Synthetic
263.09,19.04,20.32,75.84,0,0,Synthetic
132.64,30.94,33.46,59.18,0,0,Synthetic
210.74,4.74,23.82,55.71,0,0,Synthetic
358.07,41.15,52.5,77.68,0,1,Synthetic
1046.79,196.63,74.68,19.13,1,2,Synthetic
236.36,0.74,22.74,61.88,0,0,Synthetic
198.95,13.57,23.34,41.5,0,0,Synthetic
248.59,31.0,26.6,90.34,0,0,Synthetic
272.9,3.46,24.45,42.37,0,0,Synthetic
273.84,10.85,23.08,63.25,0,0,Synthetic
234.74,14.49,16.35,61.23,0,0,Synthetic
156.4,19.41,24.49,72.17,0,0,Synthetic
258.7,12.07,26.27,70.21,0,0,Synthetic
808.04,45.73,30.48,48.79,0,1,Synthetic
465.63,34.61,37.64,68.34,0,0,Synthetic
5.08,8.05,24.95,58.18,0,0,Synthetic
55.89,4.43,27.08,76.31,0,0,Synthetic
169.5,8.39,18.78,36.16,0,0,Synthetic
140.47,24.01,29.73,61.73,0,0,Synthetic
69.96,3.61,31.89,54.26,0,0,Synthetic
177.72,10.49,27.01,61.32,0,0,Synthetic
48.2,0.0,20.1,59.63,0,0,Synthetic
454.96,58.64,37.23,75.52,0,1,Synthetic
372.67,22.58,48.48,48.61,0,0,Synthetic
151.77,24.49,25.52,69.09,0,0,Synthetic
178.64,10.46,26.36,58.64,0,0,Synthetic
248.83,27.18,29.84,85.88,0,0,Synthetic
244.97,23.34,23.6,63.83,0,0,Synthetic
141.11,16.31,26.11,84.05,0,0,Synthetic
149.02,6.77,24.71,62.88,0,0,Synthetic
402.22,45.63,54.21,59.0,0,1,Synthetic
169.65,4.83,22.87,64.14,0,0,Synthetic
352.15,8.07,23.23,45.87,0,0,Synthetic
260.25,13.84,29.49,59.48,0,0,Synthetic
98.11,12.6,27.61,57.69,0,0,Synthetic
854.77,57.2,46.17,75.18,0,2,Synthetic
142.23,12.23,18.94,51.41,0,0,Synthetic
202.21,12.18,28.84,37.39,0,0,Synthetic
168.19,20.89,23.36,60.22,0,0,Synthetic
1139.3,162.92,42.09,72.72,0,2,Synthetic
48.43,28.75,23.68,50.83,0,0,Synthetic
286.85,53.25,29.2,53.55,0,0,Synthetic
88.64,10.03,20.47,74.79,0,0,Synthetic
332.41,61.09,28.0,71.03,0,0,Synthetic
286.17,22.28,41.07,78.18,0,0,Synthetic
259.25,9.52,19.73,48.37,0,0,Synthetic
114.01,10.01,26.37,56.0,0,0,Synthetic
385.55,43.83,58.23,79.83,0,1,Synthetic
45.14,13.8,25.58,64.48,0,0,Synthetic
314.65,54.37,48.52,88.76,0,1,Synthetic
273.58,86.28,23.73,48.31,0,0,Synthetic
119.63,0.51,29.52,50.66,0,0,Synthetic
230.18,10.71,20.42,48.42,0,0,Synthetic
208.11,93.7,22.12,48.49,0,0,Synthetic
235.69,26.52,32.09,73.31,0,0,Synthetic
33.43,9.77,29.0,78.74,0,0,Synthetic
856.18,182.05,42.6,72.99,0,2,Synthetic
165.61,24.95,32.33,74.04,0,0,Synthetic
205.09,9.09,29.49,62.5,0,0,Synthetic
167.45,17.7,27.25,67.81,0,0,Synthetic
101.4,12.24,28.53,78.49,0,0,Synthetic
639.46,64.92,33.43,52.81,0,1,Synthetic
497.06,177.97,31.6,43.14,0,1,Synthetic
186.38,9.65,19.52,41.68,0,0,Synthetic
590.6,46.38,22.22,63.31,0,0,Synthetic
183.28,5.91,29.36,61.62,0,0,Synthetic
1188.66,53.13,34.44,60.3,0,1,Synthetic
239.87,6.55,20.01,48.83,0,0,Synthetic
119.05,13.48,28.67,67.36,0,0,Synthetic
72.19,18.54,25.82,65.54,0,0,Synthetic
202.99,6.59,26.54,59.04,0,0,Synthetic
333.93,0.0,15.38,56.05,0,0,Synthetic
203.26,5.85,29.13,31.12,0,0,Synthetic
97.13,14.21,22.86,51.61,0,0,Synthetic
483.93,38.01,31.55,72.15,0,0,Synthetic
576.01,135.78,42.79,47.62,0,2,Synthetic
160.21,10.34,23.12,48.39,0,0,Synthetic
820.11,150.11,51.98,67.5,0,2,Synthetic
358.79,33.5,43.37,67.32,0,0,Synthetic
112.3,8.15,26.4,52.06,0,0,Synthetic
104.02,0.0,28.34,78.25,0,0,Synthetic
223.5,3.68,24.23,68.44,0,0,Synthetic
9.31,17.41,26.4,51.56,0,0,Synthetic
268.36,82.93,17.74,52.69,0,0,Synthetic
538.73,34.23,37.62,53.84,0,1,Synthetic
91.14,17.11,30.29,47.81,0,0,Synthetic
272.43,64.39,28.06,55.09,0,0,Synthetic
60.19,6.84,25.25,54.99,0,0,Synthetic
203.55,8.93,32.53,54.88,0,0,Synthetic
335.75,62.71,38.87,64.63,0,1,Synthetic
278.99,12.36,16.92,90.42,0,0,Synthetic
153.79,3.4,20.96,45.14,0,0,Synthetic
276.67,26.45,26.78,58.88,0,0,Synthetic
100.08,5.65,25.55,64.38,0,0,Synthetic
313.87,27.69,26.35,77.8,0,0,Synthetic
135.91,17.7,24.49,66.51,0,0,Synthetic
636.26,230.49,56.72,37.93,1,2,Synthetic
122.13,18.82,25.82,86.4,0,0,Synthetic
192.72,23.22,22.19,95.25,0,0,Synthetic
343.99,26.61,43.67,41.54,0,0,Synthetic
125.38,11.49,24.93,78.79,0,0,Synthetic
58.62,30.88,16.97,49.04,0,0,Synthetic
651.66,23.85,31.13,77.67,0,0,Synthetic
539.08,142.75,59.99,25.88,1,2,Synthetic
140.6,17.26,25.37,76.4,0,0,Synthetic
170.82,17.7,16.87,42.57,0,0,Synthetic
348.22,47.71,43.12,64.43,0,0,Synthetic
252.94,16.01,32.57,61.68,0,0,Synthetic
316.28,23.0,49.24,53.46,0,0,Synthetic
488.87,51.33,39.71,72.89,0,1,Synthetic
178.33,4.43,25.82,52.1,0,0,Synthetic
169.52,25.0,33.25,89.42,0,0,Synthetic
255.1,15.47,23.52,87.49,0,0,Synthetic
127.79,5.5,25.4,46.51,0,0,Synthetic
322.83,7.74,22.7,54.21,0,0,Synthetic
84.08,21.5,21.09,38.4,0,0,Synthetic
178.93,15.77,18.7,62.49,0,0,Synthetic
1049.79,147.29,51.83,50.94,0,2,Synthetic
449.39,41.7,36.57,70.1,0,0,Synthetic
206.92,0.0,27.83,70.68,0,0,Synthetic
138.69,11.12,21.17,51.38,0,0,Synthetic
139.82,11.9,26.81,42.14,0,0,Synthetic
647.6,42.89,34.61,47.02,0,1,Synthetic
90.93,10.87,30.66,55.92,0,0,Synthetic
320.89,59.31,30.51,68.97,0,0,Synthetic
264.09,11.58,25.7,40.9,0,0,Synthetic
517.98,50.75,37.07,88.56,0,1,Synthetic
386.03,177.5,43.12,53.04,0,2,Synthetic
290.28,2.48,37.14,83.79,0,0,Synthetic
145.78,8.61,29.05,45.51,0,0,Synthetic
241.29,19.45,20.77,59.46,0,0,Synthetic
108.6,33.12,25.06,82.79,0,0,Synthetic
181.72,29.84,56.87,73.6,0,0,Synthetic
117.57,15.18,29.86,65.67,0,0,Synthetic
218.3,21.3,18.07,43.12,0,0,Synthetic
28.81,15.37,25.37,65.09,0,0,Synthetic
91.17,10.52,29.55,57.12,0,0,Synthetic
180.65,17.05,30.04,54.47,0,0,Synthetic
339.51,161.89,35.89,57.39,0,1,Synthetic
212.07,16.5,20.22,45.57,0,0,Synthetic
96.32,13.52,21.48,31.35,0,0,Synthetic
896.23,75.32,36.03,60.62,0,1,Synthetic
115.58,8.13,27.02,62.77,0,0,Synthetic
359.65,0.0,21.96,64.46,0,0,Synthetic
215.94,2.37,24.7,46.15,0,0,Synthetic
155.44,23.14,23.24,83.34,0,0,Synthetic
923.93,164.61,44.82,46.77,0,2,Synthetic
735.48,153.78,29.99,59.1,0,2,Synthetic
283.04,74.2,18.68,60.57,0,0,Synthetic
258.76,30.61,50.47,86.53,0,0,Synthetic
301.66,33.27,50.19,80.46,0,0,Synthetic
112.64,23.32,24.43,36.59,0,0,Synthetic
202.54,22.52,22.0,52.62,0,0,Synthetic
178.51,10.77,30.41,89.44,0,0,Synthetic
210.28,93.31,29.72,52.05,0,0,Synthetic
136.34,0.0,24.11,57.39,0,0,Synthetic
180.93,11.79,29.92,69.78,0,0,Synthetic
388.15,84.39,42.76,44.37,0,1,Synthetic
686.13,141.9,34.47,55.72,1,2,Synthetic
72.6,21.38,29.27,53.8,0,0,Synthetic
104.5,13.65,14.17,63.12,0,0,Synthetic
428.27,42.77,37.86,80.92,0,0,Synthetic
176.71,8.04,31.49,45.58,0,0,Synthetic
55.39,29.67,24.87,86.48,0,0,Synthetic
448.57,165.07,25.78,49.88,0,1,Synthetic
113.92,1.12,24.37,60.78,0,0,Synthetic
985.06,158.81,48.11,71.58,0,2,Synthetic
289.87,17.72,35.46,60.04,0,0,Synthetic
209.17,33.12,25.69,53.99,0,0,Synthetic
43.53,19.28,28.66,47.31,0,0,Synthetic
248.35,0.55,26.73,14.74,0,0,Synthetic
234.79,9.01,35.57,67.45,0,0,Synthetic
53.34,4.47,33.25,47.96,0,0,Synthetic
412.87,44.85,39.04,61.13,0,0,Synthetic
253.64,79.02,24.91,56.22,0,0,Synthetic
245.12,32.52,28.95,64.29,0,0,Synthetic
127.67,22.95,21.62,50.64,0,0,Synthetic
151.21,17.39,25.78,26.81,0,0,Synthetic
253.72,26.62,23.37,62.35,0,0,Synthetic
1361.74,59.49,30.8,58.04,0,1,Synthetic
138.09,3.11,34.01,54.9,0,0,Synthetic
577.66,23.06,33.78,66.24,0,0,Synthetic
197.96,24.08,31.66,88.47,0,0,Synthetic
173.24,11.81,21.89,47.52,0,0,Synthetic
273.49,11.6,26.64,46.24,0,0,Synthetic
513.18,46.29,27.81,71.04,0,0,Synthetic
310.11,70.74,36.82,78.55,0,0,Synthetic
101.14,9.59,36.31,65.01,0,0,Synthetic
605.28,148.59,59.12,42.71,1,2,Synthetic
125.75,16.05,27.68,64.01,0,0,Synthetic
388.28,38.62,43.99,75.08,0,0,Synthetic
136.52,2.93,31.25,48.65,0,0,Synthetic
312.53,3.04,31.11,86.85,0,0,Synthetic
100.54,11.16,22.48,80.46,0,0,Synthetic
90.67,13.54,25.28,24.83,0,0,Synthetic
244.37,19.2,21.31,37.19,0,0,Synthetic
171.39,6.12,33.3,48.77,0,0,Synthetic
392.94,135.37,27.97,58.16,0,1,Synthetic
369.7,43.66,34.04,67.81,0,0,Synthetic
364.28,19.68,46.35,82.83,0,0,Synthetic
459.74,59.83,36.28,69.19,0,0,Synthetic
466.17,135.39,35.5,64.03,0,1,Synthetic
287.38,3.49,16.36,68.78,0,0,Synthetic
177.44,16.06,17.24,84.65,0,0,Synthetic
122.17,5.21,30.29,45.39,0,0,Synthetic
485.05,176.53,29.21,49.23,0,1,Synthetic
208.11,25.01,23.6,80.38,0,0,Synthetic
216.63,35.28,45.11,51.06,0,0,Synthetic
329.06,11.57,40.95,80.17,0,0,Synthetic
122.21,12.56,29.65,76.18,0,0,Synthetic
87.0,14.35,23.29,68.33,0,0,Synthetic
230.37,38.31,55.99,70.91,0,0,Synthetic
72.81,28.11,27.21,48.63,0,0,Synthetic
158.34,25.67,23.52,39.34,0,0,Synthetic
122.69,19.9,23.99,44.58,0,0,Synthetic
67.05,4.5,25.06,83.52,0,0,Synthetic
95.35,4.67,26.18,55.21,0,0,Synthetic
401.25,32.54,29.9,55.66,0,0,Synthetic
178.95,20.6,27.47,49.96,0,0,Synthetic
131.09,1.47,28.24,68.32,0,0,Synthetic
202.07,1.06,14.82,54.44,0,0,Synthetic
84.28,15.9,19.23,67.61,0,0,Synthetic
197.68,15.44,22.03,45.77,0,0,Synthetic
286.97,41.54,43.23,53.96,0,0,Synthetic
365.69,35.03,47.73,84.18,0,0,Synthetic
307.31,19.06,33.56,59.38,0,0,Synthetic
229.19,17.29,20.27,87.56,0,0,Synthetic
102.48,30.79,22.8,60.69,0,0,Synthetic
373.83,30.49,45.03,60.38,0,1,Synthetic
213.2,10.94,30.34,57.3,0,0,Synthetic
454.82,48.09,37.79,78.85,0,0,Synthetic
242.84,27.17,30.75,50.14,0,0,Synthetic
938.76,68.58,31.83,62.02,0,1,Synthetic
289.28,29.57,28.8,43.38,0,0,Synthetic
445.68,40.27,37.02,69.2,0,0,Synthetic
12.35,3.81,24.54,52.34,0,0,Synthetic
13.05,16.61,25.63,74.42,0,0,Synthetic
357.55,80.66,31.46,62.11,0,0,Synthetic
98.42,14.97,21.41,66.96,0,0,Synthetic
281.82,8.69,17.61,39.19,0,0,Synthetic
416.34,26.42,44.62,64.86,0,0,Synthetic
338.45,33.44,46.14,73.78,0,0,Synthetic
181.6,1.85,13.99,67.19,0,0,Synthetic
150.43,9.07,26.53,52.51,0,0,Synthetic
95.01,24.29,23.08,62.2,0,0,Synthetic
148.18,5.42,22.62,34.14,0,0,Synthetic
237.69,38.85,54.73,72.72,0,0,Synthetic
155.8,16.55,25.54,50.68,0,0,Synthetic
313.93,41.86,29.7,89.12,0,0,Synthetic
333.09,43.34,47.29,62.06,0,1,Synthetic
272.47,18.56,12.48,81.04,0,0,Synthetic
243.36,6.14,24.17,73.18,0,0,Synthetic
306.91,29.34,54.42,80.56,0,1,Synthetic
948.05,108.99,48.96,70.73,0,2,Synthetic
109.94,8.87,14.23,53.36,0,0,Synthetic
69.82,23.04,30.12,60.54,0,0,Synthetic
380.19,20.18,33.02,61.74,0,0,Synthetic
936.36,181.05,48.95,56.08,0,2,Synthetic
243.62,25.56,22.88,51.51,0,0,Synthetic
260.77,22.13,27.08,68.57,0,0,Synthetic
212.31,19.23,21.63,84.06,0,0,Synthetic
117.99,22.95,18.4,67.9,0,0,Synthetic
1323.45,79.79,30.94,70.77,0,2,Synthetic
183.67,35.09,24.71,41.88,0,0,Synthetic
520.52,190.34,41.31,60.61,0,2,Synthetic
236.7,26.59,51.86,70.96,0,0,Synthetic
209.82,12.59,32.63,79.24,0,0,Synthetic
236.54,15.67,27.22,82.91,0,0,Synthetic
114.63,5.56,36.35,69.18,0,0,Synthetic
203.61,11.5,21.29,60.43,0,0,Synthetic
538.76,41.19,24.6,56.27,0,0,Synthetic
326.63,23.46,47.02,57.14,0,0,Synthetic
126.07,0.0,25.4,33.99,0,0,Synthetic
413.51,158.29,33.39,46.22,0,1,Synthetic
383.95,18.24,16.76,65.85,0,0,Synthetic
146.99,9.15,24.79,61.82,0,0,Synthetic
229.34,3.98,32.74,72.45,0,0,Synthetic
395.14,44.35,41.08,97.85,0,0,Synthetic
189.68,5.18,17.51,50.98,0,0,Synthetic
65.47,23.56,23.1,45.73,0,0,Synthetic
377.79,68.99,37.56,84.46,0,0,Synthetic
229.22,26.56,18.72,76.21,0,0,Synthetic
309.02,12.7,27.67,73.54,0,0,Synthetic
316.3,60.57,54.42,79.18,0,1,Synthetic
268.96,15.78,33.36,44.95,0,0,Synthetic
124.74,7.52,24.26,78.22,0,0,Synthetic
686.87,33.55,24.77,49.24,0,1,Synthetic
159.88,12.69,31.45,35.94,0,0,Synthetic
694.5,47.86,34.35,65.56,0,1,Synthetic
103.56,33.57,28.12,28.87,0,0,Synthetic
184.28,7.98,27.43,42.92,0,0,Synthetic
234.5,57.75,41.24,65.21,0,0,Synthetic
331.29,27.84,22.84,57.69,0,0,Synthetic
82.08,3.05,18.82,74.27,0,0,Synthetic
275.76,29.65,48.46,59.62,0,0,Synthetic
172.79,27.66,32.16,93.61,0,0,Synthetic
1116.16,67.32,29.25,69.98,0,1,Synthetic
120.47,23.02,29.64,57.26,0,0,Synthetic
314.28,48.31,42.57,52.93,0,0,Synthetic
597.64,33.68,36.03,41.05,0,0,Synthetic
487.94,189.62,30.83,66.95,0,1,Synthetic
181.54,17.62,30.37,44.53,0,0,Synthetic
221.62,7.93,22.8,23.44,0,0,Synthetic
467.3,44.75,39.27,72.94,0,0,Synthetic
129.15,25.43,25.69,66.59,0,0,Synthetic
11.32,3.85,23.79,39.31,0,0,Synthetic
308.32,45.72,37.3,60.46,0,0,Synthetic
55.87,33.15,21.1,52.71,0,0,Synthetic
485.4,142.76,30.73,38.46,0,1,Synthetic
384.9,50.14,41.42,93.28,0,1,Synthetic
215.61,15.3,23.14,63.95,0,0,Synthetic
541.29,25.71,30.69,70.2,0,0,Synthetic
403.98,37.65,40.58,84.75,0,0,Synthetic
125.92,9.32,27.74,55.74,0,0,Synthetic
315.22,28.42,47.47,85.88,0,0,Synthetic
405.17,58.26,36.28,76.05,0,0,Synthetic
121.61,32.59,24.81,62.59,0,0,Synthetic
188.14,13.04,30.67,41.19,0,0,Synthetic
170.07,11.33,28.77,63.98,0,0,Synthetic
414.56,52.96,34.72,61.77,0,0,Synthetic
184.54,6.55,24.18,66.37,0,0,Synthetic
359.35,23.61,24.97,70.63,0,0,Synthetic
150.26,0.69,24.75,54.42,0,0,Synthetic
802.36,139.28,49.56,65.84,0,2,Synthetic
137.65,8.02,31.02,51.97,0,0,Synthetic
500.93,30.26,31.34,73.24,0,0,Synthetic
23.72,24.77,27.74,50.64,0,0,Synthetic
130.36,5.29,19.22,68.26,0,0,Synthetic
234.98,105.11,40.04,61.12,0,1,Synthetic
212.31,13.38,23.15,47.35,0,0,Synthetic
253.84,49.85,32.07,54.98,0,0,Synthetic
312.4,25.8,42.83,41.66,0,0,Synthetic
187.54,16.79,21.61,40.94,0,0,Synthetic
166.4,13.08,26.97,57.67,0,0,Synthetic
472.62,26.44,34.06,83.79,0,0,Synthetic
210.99,23.6,22.32,69.94,0,0,Synthetic
263.5,50.86,25.08,53.4,0,0,Synthetic
237.11,15.39,18.78,48.33,0,0,Synthetic
139.55,21.63,28.72,64.67,0,0,Synthetic
88.9,3.42,30.14,49.56,0,0,Synthetic
54.84,6.62,21.18,55.24,0,0,Synthetic
134.62,17.59,19.53,59.5,0,0,Synthetic
114.91,12.45,26.34,79.25,0,0,Synthetic
137.77,19.06,23.92,59.35,0,0,Synthetic
266.18,14.45,29.34,68.57,0,0,Synthetic
247.03,43.26,49.01,79.68,0,0,Synthetic
201.31,20.64,27.06,82.44,0,0,Synthetic
167.02,8.37,27.26,49.66,0,0,Synthetic
526.12,38.02,28.9,56.6,0,0,Synthetic
20.43,16.6,24.11,30.79,0,0,Synthetic
361.74,34.22,47.08,71.85,0,0,Synthetic
249.09,17.04,27.59,49.69,0,0,Synthetic
250.63,5.18,23.12,74.42,0,0,Synthetic
166.14,18.0,30.53,59.08,0,0,Synthetic
175.87,26.96,26.97,30.39,0,0,Synthetic
603.64,137.43,33.7,48.34,0,1,Synthetic
278.66,137.17,27.87,44.19,0,1,Synthetic
155.03,16.22,14.73,50.71,0,0,Synthetic
69.1,19.11,27.35,66.37,0,0,Synthetic
80.56,9.91,20.92,52.25,0,0,Synthetic
225.59,19.48,22.88,44.84,0,0,Synthetic
329.46,23.32,26.38,57.22,0,0,Synthetic
125.19,18.48,28.09,58.39,0,0,Synthetic
108.51,2.17,23.98,54.64,0,0,Synthetic
227.08,0.0,20.95,38.1,0,0,Synthetic
162.43,27.5,20.77,49.09,0,0,Synthetic
296.85,25.47,26.0,59.96,0,0,Synthetic
241.02,12.38,29.84,50.29,0,0,Synthetic
511.16,175.13,39.25,38.78,0,2,Synthetic
138.03,17.61,24.99,77.65,0,0,Synthetic
385.4,44.43,33.15,72.33,0,0,Synthetic
177.55,63.24,32.17,49.88,0,0,Synthetic
196.04,18.85,23.42,50.19,0,0,Synthetic
192.13,8.81,22.54,45.9,0,0,Synthetic
876.1,54.61,40.61,71.46,0,2,Synthetic
381.5,17.52,19.98,74.59,0,0,Synthetic
270.03,13.96,28.4,46.45,0,0,Synthetic
436.47,33.71,42.35,63.37,0,0,Synthetic
265.72,0.0,22.37,78.15,0,0,Synthetic
243.63,17.54,26.71,91.28,0,0,Synthetic
329.04,33.77,43.1,78.94,0,0,Synthetic
188.01,3.68,33.84,47.34,0,0,Synthetic
260.3,4.09,27.18,63.11,0,0,Synthetic
416.66,33.41,41.36,53.06,0,0,Synthetic
255.9,11.62,44.1,67.44,0,0,Synthetic
277.97,52.01,34.48,71.79,0,0,Synthetic
156.97,9.73,29.04,85.21,0,0,Synthetic
433.29,32.49,25.79,58.35,0,0,Synthetic
246.88,7.24,24.24,42.68,0,0,Synthetic
387.51,23.02,54.44,71.58,0,1,Synthetic
612.07,28.1,35.9,63.25,0,1,Synthetic
314.69,8.56,19.99,59.07,0,0,Synthetic
334.78,85.44,24.39,58.59,0,0,Synthetic
16.36,21.21,29.08,23.22,0,0,Synthetic
138.06,27.85,21.75,63.7,0,0,Synthetic
107.14,9.97,26.64,61.81,0,0,Synthetic
196.05,24.61,22.55,30.71,0,0,Synthetic
169.52,27.93,30.48,66.9,0,0,Synthetic
141.08,13.34,25.48,42.09,0,0,Synthetic
992.74,148.12,39.71,73.56,0,2,Synthetic
185.52,17.89,24.84,57.33,0,0,Synthetic
0.0,11.45,17.58,55.05,0,0,Synthetic
851.99,141.13,57.36,70.9,0,2,Synthetic
299.86,17.43,24.9,78.86,0,0,Synthetic
298.06,23.19,49.46,72.18,0,0,Synthetic
268.49,17.05,22.61,80.0,0,0,Synthetic
594.18,24.3,31.19,48.52,0,0,Synthetic
486.72,153.73,36.93,73.37,0,1,Synthetic
1214.25,38.81,30.04,51.71,0,1,Synthetic
364.76,41.89,41.9,79.41,0,0,Synthetic
668.19,36.11,32.57,56.26,0,1,Synthetic
235.02,13.06,27.24,81.27,0,0,Synthetic
202.92,18.09,35.17,53.95,0,0,Synthetic
119.33,5.61,28.85,56.36,0,0,Synthetic
217.12,22.46,29.88,60.79,0,0,Synthetic
331.73,97.54,30.72,62.7,0,0,Synthetic
192.49,19.22,28.38,58.41,0,0,Synthetic
153.46,1.98,26.74,54.5,0,0,Synthetic
10.0,2.73,23.76,53.01,0,0,Synthetic
107.9,12.48,24.8,63.13,0,0,Synthetic
313.34,18.72,38.76,38.81,0,0,Synthetic
148.09,11.55,14.13,50.67,0,0,Synthetic
168.85,12.93,29.96,44.1,0,0,Synthetic
151.61,17.38,22.82,47.01,0,0,Synthetic
108.0,16.85,23.53,38.54,0,0,Synthetic
153.18,23.84,17.87,38.2,0,0,Synthetic
144.47,9.73,21.25,38.81,0,0,Synthetic
142.06,16.57,24.01,60.7,0,0,Synthetic
654.15,37.85,35.66,64.98,0,1,Synthetic
276.96,2.61,21.9,38.57,0,0,Synthetic
360.54,32.27,49.99,87.66,0,0,Synthetic
10.2,24.98,19.5,50.75,0,0,Synthetic
249.86,22.15,24.73,43.71,0,0,Synthetic
125.04,27.16,20.2,67.6,0,0,Synthetic
437.19,44.22,52.5,83.17,0,1,Synthetic
1001.23,69.45,39.44,68.68,0,2,Synthetic
278.61,23.35,41.4,77.57,0,0,Synthetic
302.24,34.86,41.74,56.01,0,0,Synthetic
156.41,5.47,24.76,49.33,0,0,Synthetic
237.48,32.4,26.65,67.49,0,0,Synthetic
245.53,19.41,27.48,58.09,0,0,Synthetic
402.58,55.68,38.56,89.5,0,0,Synthetic
176.14,0.0,34.26,58.44,0,0,Synthetic
129.06,16.57,14.46,65.32,0,0,Synthetic
198.91,27.7,19.49,65.18,0,0,Synthetic
111.48,18.36,30.44,63.98,0,0,Synthetic
95.53,18.56,29.42,84.06,0,0,Synthetic
240.24,23.31,33.56,56.34,0,0,Synthetic
169.08,21.5,18.34,32.3,0,0,Synthetic
249.04,53.97,32.41,56.96,0,0,Synthetic
88.48,11.89,28.06,87.19,0,0,Synthetic
172.24,15.96,24.39,49.3,0,0,Synthetic
530.08,140.81,30.41,62.48,0,1,Synthetic
398.68,36.27,36.84,60.27,0,0,Synthetic
122.56,4.88,27.96,43.66,0,0,Synthetic
368.88,133.96,31.19,61.26,0,1,Synthetic
72.34,24.56,21.98,62.57,0,0,Synthetic
357.42,12.4,42.2,41.29,0,0,Synthetic
403.22,27.2,30.49,62.35,0,0,Synthetic
478.4,40.14,30.53,64.09,0,0,Synthetic
125.14,4.9,29.75,48.55,0,0,Synthetic
138.62,6.55,21.99,53.04,0,0,Synthetic
129.81,8.2,21.1,75.22,0,0,Synthetic
279.56,15.45,45.63,71.54,0,0,Synthetic
555.64,25.79,26.24,58.87,0,0,Synthetic
146.9,0.0,24.12,66.11,0,0,Synthetic
287.51,20.93,46.65,68.98,0,0,Synthetic
128.35,8.3,19.49,38.78,0,0,Synthetic
300.11,37.37,36.04,84.17,0,0,Synthetic
858.84,194.78,53.39,75.37,0,2,Synthetic
235.83,19.61,23.92,61.19,0,0,Synthetic
156.62,5.65,20.1,37.16,0,0,Synthetic
1048.88,60.99,33.36,73.6,0,1,Synthetic
419.81,39.66,25.99,51.11,0,0,Synthetic
204.71,23.51,23.78,55.4,0,0,Synthetic
265.66,10.66,21.01,63.68,0,0,Synthetic
708.93,190.73,46.13,66.54,0,2,Synthetic
278.81,25.0,47.42,63.19,0,0,Synthetic
212.96,24.39,29.58,79.22,0,0,Synthetic
365.15,51.04,55.71,93.54,0,1,Synthetic
92.2,39.17,26.76,63.44,0,0,Synthetic
468.67,30.88,30.62,61.66,0,0,Synthetic
116.87,22.93,26.15,43.97,0,0,Synthetic
94.37,5.55,20.3,58.95,0,0,Synthetic
921.83,148.34,61.5,46.07,1,2,Synthetic
843.58,211.02,57.81,24.55,1,2,Synthetic
507.24,33.62,35.24,53.99,0,0,Synthetic
318.2,109.54,29.55,67.01,0,0,Synthetic
109.0,20.98,28.63,66.63,0,0,Synthetic
78.2,15.35,20.4,52.35,0,0,Synthetic
147.15,7.88,17.79,50.08,0,0,Synthetic
114.01,11.27,23.89,52.1,0,0,Synthetic
290.11,4.62,24.83,71.13,0,0,Synthetic
243.79,27.96,28.52,53.39,0,0,Synthetic
154.62,18.37,19.64,70.51,0,0,Synthetic
281.46,13.67,18.61,75.87,0,0,Synthetic
279.76,21.1,33.3,50.27,0,0,Synthetic
203.8,7.64,36.4,49.63,0,0,Synthetic
447.29,39.76,35.93,40.93,0,0,Synthetic
1014.81,150.16,45.73,50.79,0,2,Synthetic
114.66,13.18,15.16,42.37,0,0,Synthetic
74.64,5.27,30.59,48.99,0,0,Synthetic
269.49,15.83,30.68,77.11,0,0,Synthetic
48.94,2.95,29.06,61.41,0,0,Synthetic
990.96,101.64,53.65,71.67,0,2,Synthetic
163.66,3.71,29.08,67.33,0,0,Synthetic
535.31,174.98,36.48,49.14,0,1,Synthetic
172.2,19.52,27.95,58.34,0,0,Synthetic
113.39,9.35,16.62,51.76,0,0,Synthetic
136.69,40.61,20.0,61.97,0,0,Synthetic
238.1,12.01,28.56,45.35,0,0,Synthetic
240.94,6.08,25.0,69.38,0,0,Synthetic
173.51,19.68,27.85,79.34,0,0,Synthetic
228.82,4.45,30.97,41.9,0,0,Synthetic
60.17,14.26,28.45,57.64,0,0,Synthetic
217.51,37.3,25.27,90.79,0,0,Synthetic
117.18,7.55,23.12,68.3,0,0,Synthetic
192.62,7.58,22.38,55.44,0,0,Synthetic
123.11,5.53,20.06,51.71,0,0,Synthetic
217.34,30.21,27.59,53.01,0,0,Synthetic
80.18,13.16,27.1,64.62,0,0,Synthetic
193.82,10.22,26.89,62.3,0,0,Synthetic
264.01,12.95,21.36,64.87,0,0,Synthetic
13.93,12.09,26.22,53.72,0,0,Synthetic
415.57,29.6,23.63,67.47,0,0,Synthetic
270.78,32.31,23.73,55.24,0,0,Synthetic
462.92,163.15,33.91,48.98,0,1,Synthetic
1073.42,173.15,49.93,72.19,0,2,Synthetic
325.76,44.11,44.19,51.14,0,0,Synthetic
274.0,33.03,32.32,60.18,0,0,Synthetic
490.58,31.42,35.19,60.92,0,0,Synthetic
606.52,71.4,69.4,67.72,1,2,Synthetic
675.02,173.51,49.42,60.59,0,2,Synthetic
243.93,11.33,30.22,41.6,0,0,Synthetic
259.16,0.0,24.75,69.86,0,0,Synthetic
362.77,26.61,28.37,84.67,0,0,Synthetic
147.45,20.26,26.91,85.28,0,0,Synthetic
173.07,17.1,26.93,46.48,0,0,Synthetic
389.97,24.95,38.03,59.76,0,0,Synthetic
158.75,7.58,14.47,35.73,0,0,Synthetic
593.34,23.65,46.51,62.15,0,1,Synthetic
151.13,25.6,26.41,54.18,0,0,Synthetic
176.39,88.52,21.54,49.45,0,0,Synthetic
174.1,14.46,27.42,57.15,0,0,Synthetic
243.23,14.32,23.43,68.69,0,0,Synthetic
98.45,3.48,28.36,48.02,0,0,Synthetic
6.39,11.6,25.15,84.41,0,0,Synthetic
433.96,45.94,38.74,85.43,0,1,Synthetic
344.28,34.27,36.34,73.28,0,0,Synthetic
178.76,21.8,34.29,47.14,0,0,Synthetic
169.15,23.36,23.47,57.41,0,0,Synthetic
123.55,0.0,20.25,43.45,0,0,Synthetic
196.57,26.01,35.41,89.11,0,0,Synthetic
209.54,1.29,26.05,51.34,0,0,Synthetic
213.81,22.28,18.01,57.91,0,0,Synthetic
388.67,55.15,32.88,71.66,0,0,Synthetic
1019.35,45.29,38.37,65.96,0,1,Synthetic
461.16,29.9,36.87,77.95,0,0,Synthetic
145.48,0.16,22.93,64.15,0,0,Synthetic
302.5,8.03,24.01,84.38,0,0,Synthetic
425.2,35.14,39.83,96.57,0,0,Synthetic
398.49,61.35,41.01,73.94,0,1,Synthetic
37.64,4.61,22.78,38.97,0,0,Synthetic
664.79,70.92,49.6,51.6,1,2,Synthetic
105.86,0.0,30.31,76.22,0,0,Synthetic
294.49,13.72,23.37,84.87,0,0,Synthetic
138.83,12.45,27.59,65.19,0,0,Synthetic
218.4,20.97,25.36,58.44,0,0,Synthetic
141.43,4.56,25.45,55.17,0,0,Synthetic
252.65,8.94,24.35,72.96,0,0,Synthetic
111.64,23.2,25.82,45.26,0,0,Synthetic
89.67,19.43,23.71,83.74,0,0,Synthetic
421.3,36.04,40.71,56.82,0,0,Synthetic
355.82,22.99,30.86,65.1,0,0,Synthetic
209.02,24.13,25.24,48.21,0,0,Synthetic
473.83,34.93,28.57,91.24,0,0,Synthetic
172.24,29.39,18.81,42.15,0,0,Synthetic
163.38,27.64,24.88,61.56,0,0,Synthetic
311.91,9.54,29.0,77.07,0,0,Synthetic
50.18,21.01,34.08,65.38,0,0,Synthetic
211.32,16.41,24.58,43.35,0,0,Synthetic
353.73,56.8,53.19,74.51,0,1,Synthetic
79.39,1.22,23.26,70.02,0,0,Synthetic
313.19,10.06,27.79,93.61,0,0,Synthetic
198.03,12.9,21.09,43.7,0,0,Synthetic
346.36,36.98,50.65,59.44,0,1,Synthetic
270.62,41.24,29.8,63.61,0,0,Synthetic
649.75,44.91,45.45,51.26,0,1,Synthetic
185.41,6.74,25.37,45.04,0,0,Synthetic
192.32,10.46,22.84,44.73,0,0,Synthetic
270.69,26.34,19.66,21.32,0,0,Synthetic
1167.19,61.36,43.09,59.39,0,2,Synthetic
22.13,17.67,21.62,59.74,0,0,Synthetic
450.2,58.37,38.23,77.15,0,1,Synthetic
454.68,39.81,38.94,60.46,0,1,Synthetic
98.63,31.81,37.01,76.5,0,0,Synthetic
661.4,45.26,38.09,56.61,0,1,Synthetic
226.64,19.37,34.29,46.23,0,0,Synthetic
49.17,30.13,23.42,46.26,0,0,Synthetic
274.9,12.46,23.42,52.21,0,0,Synthetic
1316.0,37.35,45.3,53.0,0,2,Synthetic
195.66,13.15,21.37,48.32,0,0,Synthetic
265.07,4.0,29.89,49.38,0,0,Synthetic
437.24,45.93,39.08,69.62,0,0,Synthetic
579.21,34.12,22.02,64.08,0,0,Synthetic
122.83,7.83,29.21,64.3,0,0,Synthetic
188.17,75.22,32.24,55.51,0,0,Synthetic
264.56,21.95,26.99,58.89,0,0,Synthetic
306.11,46.54,27.04,52.95,0,0,Synthetic
224.01,52.2,27.06,75.82,0,0,Synthetic
475.19,48.12,34.89,83.25,0,0,Synthetic
254.12,6.29,21.52,37.48,0,0,Synthetic
865.67,137.11,53.12,34.39,1,2,Synthetic
121.99,10.92,16.58,40.5,0,0,Synthetic
188.56,10.73,25.21,51.75,0,0,Synthetic
969.41,194.46,46.76,74.27,0,2,Synthetic
139.33,17.27,23.6,49.72,0,0,Synthetic
130.14,1.11,22.22,58.43,0,0,Synthetic
1105.38,144.77,47.55,77.67,0,2,Synthetic
192.03,30.42,29.75,69.65,0,0,Synthetic
96.6,0.0,21.85,44.22,0,0,Synthetic
152.19,21.51,24.73,44.39,0,0,Synthetic
209.11,4.33,23.48,60.58,0,0,Synthetic
91.33,9.51,26.85,67.13,0,0,Synthetic
211.36,9.47,26.27,54.7,0,0,Synthetic
274.93,7.41,25.41,34.44,0,0,Synthetic
153.74,32.76,24.98,53.99,0,0,Synthetic
313.21,135.34,37.23,45.36,0,1,Synthetic
419.45,43.64,40.71,97.41,0,1,Synthetic
227.73,3.0,22.95,71.85,0,0,Synthetic
69.7,24.51,29.64,32.81,0,0,Synthetic
159.54,7.34,28.66,61.22,0,0,Synthetic
173.14,1.97,24.82,33.39,0,0,Synthetic
98.48,30.35,30.87,55.1,0,0,Synthetic
1310.9,89.88,21.11,51.33,0,1,Synthetic
227.36,24.85,23.82,41.8,0,0,Synthetic
91.92,45.24,28.28,88.12,0,0,Synthetic
1023.03,73.96,48.45,56.81,0,2,Synthetic
356.26,40.96,38.88,65.7,0,0,Synthetic
155.74,18.96,27.94,50.98,0,0,Synthetic
277.06,0.0,28.01,52.74,0,0,Synthetic
288.93,14.58,28.88,64.64,0,0,Synthetic
180.11,2.2,29.09,51.33,0,0,Synthetic
199.3,10.16,24.0,51.87,0,0,Synthetic
193.96,23.69,22.48,52.74,0,0,Synthetic
85.35,13.53,27.37,52.61,0,0,Synthetic
186.0,7.91,34.12,54.82,0,0,Synthetic
388.47,34.22,44.35,64.87,0,0,Synthetic
134.02,0.0,19.62,71.44,0,0,Synthetic
165.82,17.72,22.94,69.24,0,0,Synthetic
209.92,19.88,21.15,80.38,0,0,Synthetic
178.82,15.78,26.52,73.09,0,0,Synthetic
638.38,115.73,52.51,36.73,1,2,Synthetic
435.54,59.42,37.36,64.98,0,0,Synthetic
364.88,170.67,70.11,34.5,1,2,Synthetic
407.51,14.7,44.35,69.32,0,0,Synthetic
107.07,4.75,19.67,53.11,0,0,Synthetic
217.32,27.42,20.92,61.56,0,0,Synthetic
336.26,66.2,47.98,97.79,0,1,Synthetic
183.27,7.04,25.39,46.35,0,0,Synthetic
213.59,17.69,12.09,41.54,0,0,Synthetic
174.29,11.05,21.51,40.52,0,0,Synthetic
128.76,23.43,21.77,74.54,0,0,Synthetic
275.31,14.14,16.21,64.13,0,0,Synthetic
161.28,27.48,22.62,90.07,0,0,Synthetic
216.6,18.0,26.6,42.89,0,0,Synthetic
162.89,9.69,26.79,42.43,0,0,Synthetic
233.71,18.27,26.66,68.37,0,0,Synthetic
243.63,29.02,21.76,75.4,0,0,Synthetic
928.03,99.79,67.58,32.22,1,2,Synthetic
167.77,18.81,22.81,36.4,0,0,Synthetic
423.68,47.12,40.14,75.79,0,0,Synthetic
218.78,81.71,29.86,39.64,0,0,Synthetic
157.16,10.83,14.47,38.32,0,0,Synthetic
492.99,44.45,29.17,67.73,0,0,Synthetic
849.25,121.9,45.68,73.07,0,2,Synthetic
336.68,8.73,18.07,81.37,0,0,Synthetic
630.38,151.24,63.01,26.47,1,2,Synthetic
885.62,93.56,52.9,62.1,0,2,Synthetic
102.06,13.98,24.0,43.95,0,0,Synthetic
170.45,22.34,32.71,58.62,0,0,Synthetic
222.13,15.29,36.28,36.26,0,0,Synthetic
29.83,3.1,23.96,47.9,0,0,Synthetic
71.54,26.99,18.54,59.12,0,0,Synthetic
32.29,22.83,27.63,36.99,0,0,Synthetic
256.04,38.82,25.06,89.97,0,0,Synthetic
118.37,0.0,26.16,47.58,0,0,Synthetic
766.5,145.44,54.01,50.97,1,2,Synthetic
104.21,10.88,30.0,69.98,0,0,Synthetic
126.45,28.59,24.08,26.84,0,0,Synthetic
124.21,5.32,26.26,58.55,0,0,Synthetic
217.9,15.23,27.61,79.33,0,0,Synthetic
206.62,20.42,28.3,83.6,0,0,Synthetic
200.99,8.28,22.24,57.97,0,0,Synthetic
413.81,48.8,35.68,67.01,0,0,Synthetic
0.0,24.72,23.11,63.57,0,0,Synthetic
295.54,73.0,26.31,57.05,0,0,Synthetic
6.41,20.42,24.8,86.21,0,0,Synthetic
1042.78,6.64,45.45,61.42,0,2,Synthetic
771.71,171.07,46.67,59.53,0,2,Synthetic
131.49,0.0,20.71,59.14,0,0,Synthetic
467.31,262.15,30.36,61.29,0,1,Synthetic
235.01,16.07,21.68,58.09,0,0,Synthetic
486.86,37.51,34.1,89.08,0,0,Synthetic
286.67,47.22,36.81,76.24,0,0,Synthetic
769.57,102.93,33.34,60.34,1,2,Synthetic
262.04,11.6,29.56,83.9,0,0,Synthetic
181.33,3.81,31.02,47.01,0,0,Synthetic
226.14,13.18,25.8,52.9,0,0,Synthetic
330.48,38.91,49.05,67.49,0,0,Synthetic
772.33,39.75,35.93,67.95,0,1,Synthetic
95.45,2.21,32.27,58.89,0,0,Synthetic
573.08,17.82,32.25,55.85,0,0,Synthetic
9.43,24.75,35.1,54.88,0,0,Synthetic
218.71,34.36,30.34,78.69,0,0,Synthetic
573.7,32.64,24.02,55.42,0,0,Synthetic
200.11,14.64,13.83,40.86,0,0,Synthetic
84.08,19.16,18.52,74.73,0,0,Synthetic
203.28,29.6,24.27,88.02,0,0,Synthetic
236.24,27.5,46.58,64.52,0,0,Synthetic
245.48,2.1,19.66,52.69,0,0,Synthetic
141.25,1.05,24.36,67.57,0,0,Synthetic
716.58,97.55,44.61,64.03,0,2,Synthetic
191.54,18.23,27.55,65.01,0,0,Synthetic
5.41,15.09,27.98,65.0,0,0,Synthetic
266.08,17.12,25.38,64.53,0,0,Synthetic
5.71,14.0,30.25,72.16,0,0,Synthetic
387.02,19.29,46.24,92.29,0,0,Synthetic
428.55,44.27,28.57,64.99,0,0,Synthetic
133.3,11.75,19.59,35.67,0,0,Synthetic
466.26,40.17,27.38,26.94,0,0,Synthetic
499.42,6.22,26.13,65.75,0,0,Synthetic
102.25,24.19,25.5,57.69,0,0,Synthetic
188.81,18.79,30.25,49.95,0,0,Synthetic
135.87,1.45,29.65,35.03,0,0,Synthetic
315.16,28.99,38.23,75.79,0,0,Synthetic
44.0,19.99,26.37,54.56,0,0,Synthetic
157.8,5.16,23.66,34.65,0,0,Synthetic
377.44,29.44,54.38,90.9,0,1,Synthetic
174.14,16.78,27.63,55.69,0,0,Synthetic
262.83,17.57,26.42,56.54,0,0,Synthetic
9.16,14.63,26.4,41.15,0,0,Synthetic
32.27,25.59,24.55,47.48,0,0,Synthetic
343.99,30.39,32.46,75.02,0,0,Synthetic
101.94,18.25,21.57,63.01,0,0,Synthetic
115.26,17.02,24.83,70.12,0,0,Synthetic
129.08,5.8,20.98,57.2,0,0,Synthetic
182.43,7.32,26.89,59.23,0,0,Synthetic
203.91,83.6,23.39,55.03,0,0,Synthetic
84.33,6.13,24.35,32.61,0,0,Synthetic
433.24,35.89,29.45,78.55,0,0,Synthetic
233.45,13.25,18.59,50.09,0,0,Synthetic
393.92,190.72,35.02,46.46,0,1,Synthetic
135.1,17.57,24.35,39.75,0,0,Synthetic
98.96,25.29,27.13,56.45,0,0,Synthetic
146.55,16.21,15.81,37.57,0,0,Synthetic
170.55,14.43,26.72,49.76,0,0,Synthetic
206.45,41.39,29.65,52.46,0,0,Synthetic
143.09,4.58,22.2,62.73,0,0,Synthetic
302.77,64.62,20.68,79.88,0,0,Synthetic
194.46,2.75,32.14,46.4,0,0,Synthetic
311.66,143.88,37.44,54.17,0,1,Synthetic
607.78,34.54,38.43,69.85,0,1,Synthetic
737.66,23.1,25.31,71.61,0,1,Synthetic
158.37,22.52,19.93,43.11,0,0,Synthetic
210.51,13.17,24.34,62.84,0,0,Synthetic
112.4,20.82,28.45,49.14,0,0,Synthetic
386.98,56.04,42.09,80.77,0,0,Synthetic
168.85,26.79,32.65,51.12,0,0,Synthetic
165.5,14.4,36.73,66.14,0,0,Synthetic
347.45,38.36,57.18,59.57,0,1,Synthetic
310.72,2.22,25.76,52.38,0,0,Synthetic
1.76,12.41,31.53,65.62,0,0,Synthetic
364.43,0.34,27.13,68.9,0,0,Synthetic
154.75,14.86,24.71,55.81,0,0,Synthetic
879.65,126.11,46.64,59.15,0,2,Synthetic
162.54,12.25,29.29,65.2,0,0,Synthetic
133.09,5.7,15.92,70.59,0,0,Synthetic
425.26,59.82,37.3,62.88,0,1,Synthetic
308.73,30.84,37.62,60.16,0,0,Synthetic
247.94,0.11,23.97,56.46,0,0,Synthetic
444.26,131.59,36.32,57.21,0,1,Synthetic
745.96,107.69,40.25,67.87,1,2,Synthetic
51.52,37.13,20.35,54.33,0,0,Synthetic
108.57,30.04,21.09,57.78,0,0,Synthetic
111.93,4.54,31.52,84.85,0,0,Synthetic
297.01,44.49,43.93,54.34,0,0,Synthetic
294.49,12.62,30.32,52.33,0,0,Synthetic
930.04,75.56,30.46,58.97,0,1,Synthetic
248.21,20.92,24.22,39.89,0,0,Synthetic
179.42,6.33,20.95,60.71,0,0,Synthetic
124.66,9.22,26.6,60.4,0,0,Synthetic
423.44,65.03,30.44,85.28,0,0,Synthetic
147.23,29.5,21.51,47.83,0,0,Synthetic
350.01,35.52,36.92,77.33,0,0,Synthetic
147.23,20.17,25.0,63.83,0,0,Synthetic
296.02,36.43,36.52,85.1,0,0,Synthetic
212.3,13.16,27.26,47.21,0,0,Synthetic
882.04,59.82,52.09,37.26,1,2,Synthetic
90.26,11.99,33.22,48.68,0,0,Synthetic
130.59,15.91,29.05,49.12,0,0,Synthetic
381.93,23.43,36.93,49.27,0,0,Synthetic
897.42,49.42,40.27,54.01,0,1,Synthetic
0.0,16.62,24.41,51.96,0,0,Synthetic
176.86,20.15,27.22,64.3,0,0,Synthetic
440.86,183.59,31.51,71.07,0,1,Synthetic
89.18,20.11,29.1,57.32,0,0,Synthetic
192.25,20.37,20.04,61.51,0,0,Synthetic
237.15,17.16,34.07,78.52,0,0,Synthetic
261.59,22.41,19.21,37.24,0,0,Synthetic
222.28,13.77,25.12,78.66,0,0,Synthetic
241.03,15.91,29.3,54.44,0,0,Synthetic
242.02,14.59,24.44,69.71,0,0,Synthetic
211.72,21.06,21.8,62.01,0,0,Synthetic
138.23,6.96,25.65,60.03,0,0,Synthetic
47.71,11.13,16.43,46.22,0,0,Synthetic
210.5,6.73,30.32,72.0,0,0,Synthetic
320.53,87.02,31.07,65.62,0,0,Synthetic
215.66,3.15,16.62,53.04,0,0,Synthetic
444.99,50.0,35.91,64.61,0,0,Synthetic
270.09,112.17,38.58,40.65,0,1,Synthetic
218.99,6.75,29.96,49.38,0,0,Synthetic
204.99,14.1,23.92,65.2,0,0,Synthetic
640.7,45.8,28.67,65.11,0,0,Synthetic
1048.38,53.02,37.29,42.47,0,1,Synthetic
558.23,173.23,31.96,56.03,0,1,Synthetic
167.63,80.24,29.61,64.96,0,0,Synthetic
27.09,18.83,18.42,66.42,0,0,Synthetic
0.0,6.2,22.1,76.41,0,0,Synthetic
156.14,0.96,25.51,64.04,0,0,Synthetic
289.45,30.71,26.97,38.32,0,0,Synthetic
405.86,28.54,41.63,52.81,0,0,Synthetic
186.3,16.67,20.85,49.85,0,0,Synthetic
148.08,25.17,31.62,61.33,0,0,Synthetic
313.86,47.05,40.72,78.87,0,0,Synthetic
211.72,14.36,17.55,62.86,0,0,Synthetic
191.16,16.07,18.8,52.27,0,0,Synthetic
228.96,20.78,28.8,73.23,0,0,Synthetic
125.92,25.65,31.36,47.21,0,0,Synthetic
6.1,21.4,33.35,58.0,0,0,Synthetic
193.78,14.5,23.76,35.83,0,0,Synthetic
392.23,48.04,34.39,68.18,0,0,Synthetic
195.61,1.66,25.09,57.11,0,0,Synthetic
308.13,15.85,44.1,77.16,0,0,Synthetic
407.59,33.0,42.67,76.88,0,0,Synthetic
199.07,8.67,27.82,65.95,0,0,Synthetic
161.52,25.88,22.32,56.05,0,0,Synthetic
136.74,8.28,27.91,76.27,0,0,Synthetic
768.85,85.71,43.68,36.23,1,2,Synthetic
303.01,18.81,20.46,51.07,0,0,Synthetic
394.98,141.87,34.3,58.25,0,1,Synthetic
104.99,17.52,30.63,57.52,0,0,Synthetic
336.05,0.09,21.11,63.95,0,0,Synthetic
150.63,5.3,20.48,50.08,0,0,Synthetic
69.73,24.45,22.21,56.89,0,0,Synthetic
262.33,6.36,29.29,38.25,0,0,Synthetic
102.4,5.69,25.47,53.74,0,0,Synthetic
224.43,0.0,17.28,65.25,0,0,Synthetic
452.39,34.34,35.81,59.54,0,0,Synthetic
1013.85,105.84,31.11,35.55,0,2,Synthetic
819.66,102.91,71.67,56.01,1,2,Synthetic
453.31,195.1,41.15,68.79,0,2,Synthetic
46.77,0.0,16.5,57.77,0,0,Synthetic
316.09,8.15,22.96,65.49,0,0,Synthetic
186.86,8.67,27.15,48.44,0,0,Synthetic
455.65,34.91,49.36,54.38,0,1,Synthetic
122.37,1.87,22.83,61.46,0,0,Synthetic
104.66,18.06,21.72,47.67,0,0,Synthetic
127.83,11.39,19.34,82.97,0,0,Synthetic
592.14,63.57,29.95,60.76,0,1,Synthetic
202.24,7.21,27.83,40.37,0,0,Synthetic
227.63,26.45,33.99,53.13,0,0,Synthetic
287.93,66.5,34.76,56.29,0,0,Synthetic
256.86,9.15,15.0,76.33,0,0,Synthetic
566.36,37.54,29.72,83.81,0,0,Synthetic
26.48,12.86,31.21,73.89,0,0,Synthetic
163.9,19.49,22.61,39.68,0,0,Synthetic
176.83,12.64,21.88,66.26,0,0,Synthetic
632.49,49.74,29.16,72.99,0,0,Synthetic
164.35,5.76,33.22,47.37,0,0,Synthetic
10.83,1.81,21.67,49.54,0,0,Synthetic
1112.29,165.38,50.02,54.82,0,2,Synthetic
1233.51,171.82,68.28,22.38,1,2,Synthetic
219.07,34.14,29.89,56.55,0,0,Synthetic
879.72,183.75,51.3,54.33,0,2,Synthetic
6.51,22.11,24.98,71.01,0,0,Synthetic
317.76,6.91,31.3,85.0,0,0,Synthetic
384.34,47.47,39.58,73.71,0,0,Synthetic
135.84,11.47,22.64,51.78,0,0,Synthetic
99.82,20.22,29.06,54.89,0,0,Synthetic
942.0,54.83,34.21,52.72,0,1,Synthetic
447.87,44.29,35.7,90.24,0,0,Synthetic
276.49,19.6,42.76,61.39,0,0,Synthetic
150.05,10.92,21.95,51.34,0,0,Synthetic
167.55,26.03,30.82,58.83,0,0,Synthetic
11.05,6.22,30.0,76.12,0,0,Synthetic
205.13,1.88,19.91,82.83,0,0,Synthetic
1007.91,104.44,55.76,28.0,1,2,Synthetic
268.92,58.22,47.88,85.27,0,1,Synthetic
374.27,23.05,40.45,42.69,0,0,Synthetic
281.08,24.23,24.62,36.86,0,0,Synthetic
175.42,16.95,26.28,46.07,0,0,Synthetic
174.63,21.69,30.83,53.8,0,0,Synthetic
979.76,129.88,47.58,91.79,0,2,Synthetic
148.26,3.55,24.62,43.21,0,0,Synthetic
279.65,54.19,58.55,88.79,0,1,Synthetic
93.65,34.69,25.38,80.52,0,0,Synthetic
167.13,5.11,20.53,46.37,0,0,Synthetic
468.55,43.53,30.6,59.57,0,0,Synthetic
63.02,19.47,12.49,84.1,0,0,Synthetic
241.9,0.53,29.83,50.6,0,0,Synthetic
149.42,8.92,20.64,61.64,0,0,Synthetic
153.12,0.66,22.85,47.62,0,0,Synthetic
387.89,206.48,30.26,45.92,0,1,Synthetic
187.81,27.34,49.37,51.74,0,0,Synthetic
35.61,21.89,25.41,86.6,0,0,Synthetic
272.72,2.41,20.22,37.74,0,0,Synthetic
396.02,45.59,42.51,72.15,0,0,Synthetic
201.59,15.41,33.3,60.39,0,0,Synthetic
322.38,7.11,25.36,87.42,0,0,Synthetic
186.79,13.47,18.72,38.39,0,0,Synthetic
216.21,3.94,26.41,58.79,0,0,Synthetic
109.93,16.68,19.29,33.88,0,0,Synthetic
121.71,25.11,24.22,63.44,0,0,Synthetic
393.68,53.05,42.06,77.24,0,1,Synthetic
242.07,34.31,24.73,94.98,0,0,Synthetic
177.53,9.92,27.29,38.8,0,0,Synthetic
323.63,18.51,24.86,81.31,0,0,Synthetic
160.28,29.77,25.6,45.71,0,0,Synthetic
392.44,33.11,41.74,70.23,0,0,Synthetic
444.68,42.67,31.28,70.7,0,0,Synthetic
728.16,55.03,29.42,69.32,0,1,Synthetic
603.37,134.47,59.86,44.64,1,2,Synthetic
737.45,58.46,43.6,44.02,0,2,Synthetic
90.73,23.29,24.1,57.84,0,0,Synthetic
181.09,26.43,28.38,34.82,0,0,Synthetic
406.74,58.3,34.54,84.91,0,0,Synthetic
306.42,21.29,26.46,82.68,0,0,Synthetic
156.0,5.78,30.98,48.87,0,0,Synthetic
192.06,19.03,25.21,51.73,0,0,Synthetic
61.76,19.91,17.52,62.54,0,0,Synthetic
116.16,21.04,32.39,67.2,0,0,Synthetic
260.23,20.78,20.81,54.93,0,0,Synthetic
419.64,44.87,38.33,78.11,0,0,Synthetic
314.59,44.13,33.73,83.29,0,0,Synthetic
151.27,8.05,29.37,74.2,0,0,Synthetic
810.97,90.49,48.22,60.45,0,2,Synthetic
173.06,0.0,28.46,46.24,0,0,Synthetic
145.5,25.8,18.78,58.71,0,0,Synthetic
159.54,0.0,25.33,64.07,0,0,Synthetic
251.68,20.1,23.56,77.55,0,0,Synthetic
497.13,110.34,33.84,53.27,0,1,Synthetic
79.01,22.39,23.69,58.7,0,0,Synthetic
345.9,57.33,35.08,73.28,0,0,Synthetic
113.8,11.83,22.04,54.71,0,0,Synthetic
261.5,2.1,27.87,27.92,0,0,Synthetic
223.58,17.14,19.89,33.43,0,0,Synthetic
407.33,21.88,54.48,76.1,0,0,Synthetic
209.63,1.44,24.13,55.34,0,0,Synthetic
237.88,16.94,27.92,40.67,0,0,Synthetic
595.06,42.43,37.84,71.66,0,1,Synthetic
314.82,9.54,29.1,51.77,0,0,Synthetic
39.76,15.62,18.56,84.69,0,0,Synthetic
266.61,22.53,19.51,39.52,0,0,Synthetic
355.43,7.49,20.29,44.91,0,0,Synthetic
144.91,5.44,26.18,54.57,0,0,Synthetic
338.77,35.19,50.04,78.22,0,1,Synthetic
845.07,54.68,26.0,60.43,0,1,Synthetic
119.39,14.78,20.79,59.23,0,0,Synthetic
285.29,13.89,21.09,52.51,0,0,Synthetic
430.03,52.77,37.59,72.85,0,0,Synthetic
148.76,6.03,24.96,34.83,0,0,Synthetic
43.04,7.67,21.28,68.31,0,0,Synthetic
70.0,0.0,28.7,60.19,0,0,Synthetic
117.52,3.81,27.7,54.86,0,0,Synthetic
402.49,57.3,35.11,80.67,0,0,Synthetic
1034.18,105.71,52.64,48.35,1,2,Synthetic
445.42,25.16,38.75,84.66,0,0,Synthetic
72.07,10.67,28.27,62.02,0,0,Synthetic
169.5,7.73,34.84,56.85,0,0,Synthetic
402.84,10.96,34.23,89.13,0,0,Synthetic
200.73,18.1,24.54,37.59,0,0,Synthetic
1325.71,90.72,30.75,72.28,0,2,Synthetic
218.69,43.5,29.44,88.04,0,0,Synthetic
240.74,18.9,29.34,65.18,0,0,Synthetic
457.24,42.6,36.75,57.36,0,0,Synthetic
126.4,13.41,32.27,77.08,0,0,Synthetic
494.53,218.74,35.27,71.18,0,1,Synthetic
254.1,5.85,21.94,56.86,0,0,Synthetic
188.48,31.31,34.74,95.1,0,0,Synthetic
188.68,5.18,23.77,68.76,0,0,Synthetic
617.38,183.45,30.0,42.66,0,1,Synthetic
444.57,41.87,36.11,55.45,0,0,Synthetic
221.82,74.79,17.52,72.91,0,0,Synthetic
160.21,19.84,25.17,74.27,0,0,Synthetic
129.92,4.84,25.44,65.74,0,0,Synthetic
630.43,37.74,31.93,61.65,0,0,Synthetic
231.26,55.54,51.59,80.3,0,1,Synthetic
386.64,85.0,40.82,74.71,0,1,Synthetic
199.46,30.1,21.83,62.21,0,0,Synthetic
274.1,14.78,24.86,47.94,0,0,Synthetic
895.75,117.68,48.37,77.99,0,2,Synthetic
391.91,21.28,43.69,60.88,0,0,Synthetic
149.93,21.39,25.43,73.95,0,0,Synthetic
447.98,41.68,43.06,71.67,0,0,Synthetic
161.56,24.2,31.44,76.84,0,0,Synthetic
257.89,32.55,46.84,81.64,0,0,Synthetic
172.63,10.99,26.36,60.8,0,0,Synthetic
1048.97,73.84,36.3,49.88,0,2,Synthetic
93.55,25.41,27.81,45.77,0,0,Synthetic
86.66,17.42,23.48,32.4,0,0,Synthetic
288.38,38.82,21.68,81.76,0,0,Synthetic
92.52,24.38,25.42,57.22,0,0,Synthetic
248.32,56.88,34.35,67.06,0,0,Synthetic
228.55,10.4,28.06,48.76,0,0,Synthetic
177.5,40.72,28.73,87.44,0,0,Synthetic
121.07,0.0,26.45,50.71,0,0,Synthetic
185.0,9.1,14.86,72.95,0,0,Synthetic
78.88,21.0,25.41,58.8,0,0,Synthetic
66.52,17.38,19.45,65.71,0,0,Synthetic
263.78,4.53,23.8,46.81,0,0,Synthetic
330.19,95.75,25.12,55.06,0,1,Synthetic
270.7,185.47,37.93,62.09,0,1,Synthetic
191.35,5.72,21.58,51.88,0,0,Synthetic
79.82,7.29,22.39,65.77,0,0,Synthetic
184.86,16.28,23.92,22.58,0,0,Synthetic
1024.05,163.04,44.89,57.31,0,2,Synthetic
197.14,11.52,28.34,66.15,0,0,Synthetic
148.29,4.49,23.25,39.46,0,0,Synthetic
487.92,24.3,42.15,62.08,0,0,Synthetic
85.76,2.64,26.72,43.91,0,0,Synthetic
395.3,45.1,38.47,72.18,0,0,Synthetic
184.13,9.56,25.13,45.08,0,0,Synthetic
159.42,16.48,23.79,55.26,0,0,Synthetic
802.39,128.49,47.62,69.76,0,2,Synthetic
190.45,18.47,22.93,55.68,0,0,Synthetic
102.96,8.37,34.21,35.63,0,0,Synthetic
892.3,92.28,64.01,37.68,1,2,Synthetic
79.35,1.12,32.75,64.32,0,0,Synthetic
214.37,21.56,24.46,59.45,0,0,Synthetic
203.12,11.62,26.23,74.6,0,0,Synthetic
448.38,51.61,38.91,69.54,0,0,Synthetic
147.54,27.03,20.3,69.26,0,0,Synthetic
752.61,18.81,25.03,75.93,0,1,Synthetic
259.75,28.96,46.22,47.76,0,0,Synthetic
995.94,121.94,57.14,35.79,1,2,Synthetic
85.57,0.93,23.25,56.27,0,0,Synthetic
516.99,52.9,32.71,53.23,0,1,Synthetic
315.18,22.79,45.61,83.08,0,0,Synthetic
234.89,32.44,24.14,84.12,0,0,Synthetic
469.03,43.44,36.63,78.19,0,0,Synthetic
400.49,52.11,40.82,84.58,0,0,Synthetic
174.33,27.46,30.19,57.05,0,0,Synthetic
32.25,39.71,30.71,80.55,0,0,Synthetic
177.34,31.71,23.04,49.56,0,0,Synthetic
1004.37,28.6,29.51,55.69,0,1,Synthetic
41.49,31.68,17.48,43.33,0,0,Synthetic
564.41,179.17,39.25,53.75,0,2,Synthetic
208.04,22.15,25.53,84.69,0,0,Synthetic
135.0,1.05,26.23,66.44,0,0,Synthetic
208.76,22.76,27.84,59.68,0,0,Synthetic
229.56,43.01,49.78,67.2,0,0,Synthetic
272.48,1.14,21.69,80.82,0,0,Synthetic
289.92,14.72,31.46,88.44,0,0,Synthetic
390.72,37.91,35.48,74.91,0,0,Synthetic
274.67,57.41,39.85,80.13,0,0,Synthetic
171.72,11.38,17.62,56.98,0,0,Synthetic
145.61,10.85,25.94,41.91,0,0,Synthetic
380.01,103.68,21.75,68.63,0,0,Synthetic
155.99,63.7,31.17,60.54,0,0,Synthetic
197.48,87.52,41.78,75.55,0,1,Synthetic
316.65,19.66,31.44,74.32,0,0,Synthetic
290.3,119.9,37.44,51.45,0,1,Synthetic
204.66,61.26,35.94,55.49,0,0,Synthetic
95.53,4.54,20.77,59.29,0,0,Synthetic
249.33,12.31,16.58,50.42,0,0,Synthetic
939.39,86.77,41.42,81.1,0,2,Synthetic
758.26,139.75,54.46,62.96,0,2,Synthetic
82.85,17.93,22.22,32.05,0,0,Synthetic
256.15,79.28,30.19,83.43,0,0,Synthetic
885.29,64.93,37.13,59.33,0,2,Synthetic
126.43,27.35,29.5,61.36,0,0,Synthetic
202.94,1.47,30.86,49.76,0,0,Synthetic
951.29,236.01,48.93,74.4,1,2,Synthetic
196.79,0.96,25.17,55.37,0,0,Synthetic
1093.78,58.88,36.31,57.75,0,1,Synthetic
152.43,27.81,16.48,72.81,0,0,Synthetic
234.57,25.91,34.66,59.34,0,0,Synthetic
606.63,69.34,50.44,41.85,1,2,Synthetic
149.94,12.19,29.76,43.06,0,0,Synthetic
193.29,20.96,25.06,58.8,0,0,Synthetic
410.79,44.82,35.08,76.98,0,0,Synthetic
532.29,165.03,29.46,46.42,0,1,Synthetic
200.04,14.14,23.05,63.52,0,0,Synthetic
147.98,17.62,29.17,84.57,0,0,Synthetic
116.31,6.32,20.48,34.91,0,0,Synthetic
524.62,37.24,38.57,88.68,0,1,Synthetic
660.4,140.05,51.25,68.6,0,2,Synthetic
255.51,35.76,28.45,73.15,0,0,Synthetic
147.66,11.98,23.79,59.98,0,0,Synthetic
60.81,18.3,19.36,61.27,0,0,Synthetic
232.24,1.97,23.69,37.96,0,0,Synthetic
191.45,19.06,19.77,46.72,0,0,Synthetic
156.61,37.32,22.58,39.65,0,0,Synthetic
547.19,184.91,31.09,63.14,0,1,Synthetic
199.94,19.51,32.41,54.62,0,0,Synthetic
137.73,15.6,34.55,65.57,0,0,Synthetic
198.68,14.77,53.15,53.14,0,0,Synthetic
128.22,1.42,19.54,42.09,0,0,Synthetic
148.97,12.65,18.71,66.92,0,0,Synthetic
186.61,11.65,17.25,50.87,0,0,Synthetic
227.62,18.58,29.79,57.08,0,0,Synthetic
136.21,3.74,12.57,73.92,0,0,Synthetic
261.33,23.3,22.82,52.73,0,0,Synthetic
587.31,52.32,31.96,54.6,0,0,Synthetic
1175.4,141.52,65.52,58.96,1,2,Synthetic
252.6,7.6,25.31,54.49,0,0,Synthetic
913.72,120.25,46.98,65.11,0,2,Synthetic
211.75,13.64,30.84,67.53,0,0,Synthetic
102.73,14.04,17.16,59.63,0,0,Synthetic
119.9,12.61,19.19,34.89,0,0,Synthetic
238.27,5.89,26.91,71.43,0,0,Synthetic
236.39,5.09,30.42,95.62,0,0,Synthetic
172.29,15.24,25.13,35.15,0,0,Synthetic
1132.21,45.68,27.21,76.57,0,1,Synthetic
751.55,30.65,29.2,70.76,0,1,Synthetic
113.74,2.28,21.0,51.37,0,0,Synthetic
234.51,27.12,26.48,79.93,0,0,Synthetic
108.66,29.59,22.86,62.14,0,0,Synthetic
181.69,15.86,27.87,60.31,0,0,Synthetic
280.93,21.71,26.09,56.62,0,0,Synthetic
25.56,27.16,19.6,50.71,0,0,Synthetic
124.77,9.85,24.37,38.51,0,0,Synthetic
119.34,36.43,24.62,67.24,0,0,Synthetic
6.15,17.06,27.6,51.03,0,0,Synthetic
126.56,7.86,21.86,39.23,0,0,Synthetic
580.65,52.45,53.73,40.99,1,2,Synthetic
537.79,43.58,37.48,65.42,0,0,Synthetic
302.1,23.26,27.8,91.07,0,0,Synthetic
229.79,17.12,33.28,88.23,0,0,Synthetic
423.83,36.9,42.68,76.08,0,0,Synthetic
956.73,149.4,45.14,51.53,0,2,Synthetic
170.36,31.09,29.61,49.85,0,0,Synthetic
1232.36,44.02,46.03,57.64,0,2,Synthetic
1005.13,54.57,48.86,75.71,0,2,Synthetic
892.84,144.55,43.42,55.78,0,2,Synthetic
293.04,28.41,34.28,68.18,0,0,Synthetic
302.96,30.44,45.92,94.09,0,0,Synthetic
803.01,74.7,38.17,73.91,0,2,Synthetic
137.23,20.47,29.23,41.6,0,0,Synthetic
1099.96,81.19,29.79,53.6,0,1,Synthetic
186.2,14.43,26.04,77.15,0,0,Synthetic
112.84,15.19,27.07,79.58,0,0,Synthetic
180.69,12.45,20.62,61.09,0,0,Synthetic
134.07,25.13,22.79,65.95,0,0,Synthetic
118.85,15.98,30.59,44.97,0,0,Synthetic
199.71,15.0,34.02,36.52,0,0,Synthetic
1013.3,117.84,43.88,47.16,0,2,Synthetic
272.51,14.44,20.73,48.26,0,0,Synthetic
127.23,19.24,31.49,80.41,0,0,Synthetic
189.47,12.57,24.34,53.63,0,0,Synthetic
282.74,16.51,50.28,40.58,0,0,Synthetic
249.06,72.35,30.16,57.97,0,0,Synthetic
359.89,86.76,35.8,39.59,0,1,Synthetic
1002.98,110.09,43.01,54.28,0,2,Synthetic
164.88,12.12,23.82,76.28,0,0,Synthetic
340.81,17.9,29.44,80.31,0,0,Synthetic
4.6,12.16,27.38,30.84,0,0,Synthetic
271.85,14.86,23.68,30.02,0,0,Synthetic
83.25,6.08,20.81,67.1,0,0,Synthetic
178.11,0.0,18.08,46.53,0,0,Synthetic
251.29,85.67,28.72,46.16,0,0,Synthetic
159.24,15.22,28.45,45.94,0,0,Synthetic
430.43,58.47,38.51,60.57,0,0,Synthetic
231.35,7.9,28.36,60.79,0,0,Synthetic
146.46,9.97,25.37,39.32,0,0,Synthetic
175.71,11.27,23.16,72.82,0,0,Synthetic
267.72,8.6,30.04,51.73,0,0,Synthetic
97.81,9.67,22.04,72.15,0,0,Synthetic
50.74,21.0,23.49,63.52,0,0,Synthetic
78.96,1.03,17.01,43.63,0,0,Synthetic
114.0,16.5,19.55,63.01,0,0,Synthetic
212.65,22.04,29.2,83.9,0,0,Synthetic
160.93,25.89,19.66,59.41,0,0,Synthetic
185.09,74.16,20.36,58.86,0,0,Synthetic
424.69,56.83,35.97,73.46,0,0,Synthetic
241.59,21.93,27.67,67.03,0,0,Synthetic
92.05,8.5,29.37,53.91,0,0,Synthetic
153.84,7.28,17.15,55.53,0,0,Synthetic
208.21,8.24,22.2,77.51,0,0,Synthetic
151.62,14.7,29.8,50.99,0,0,Synthetic
179.02,21.63,20.77,78.39,0,0,Synthetic
171.96,23.85,28.55,29.59,0,0,Synthetic
162.76,0.0,24.4,43.76,0,0,Synthetic
189.42,3.17,19.89,29.03,0,0,Synthetic
129.27,10.31,20.52,60.19,0,0,Synthetic
98.01,11.88,26.31,55.12,0,0,Synthetic
130.31,20.93,30.54,55.06,0,0,Synthetic
395.01,36.45,38.86,56.58,0,0,Synthetic
149.54,17.38,20.64,71.05,0,0,Synthetic
115.67,7.52,27.46,86.1,0,0,Synthetic
274.66,18.9,43.2,63.42,0,0,Synthetic
259.57,33.92,48.63,87.87,0,0,Synthetic
241.49,7.77,23.59,61.76,0,0,Synthetic
170.86,64.47,30.48,45.14,0,0,Synthetic
164.06,14.23,26.11,83.41,0,0,Synthetic
211.65,8.06,21.78,53.88,0,0,Synthetic
0.0,22.97,31.56,54.97,0,0,Synthetic
196.37,27.47,23.64,51.92,0,0,Synthetic
271.63,0.41,29.68,62.24,0,0,Synthetic
480.43,51.95,42.36,67.6,0,1,Synthetic
152.29,15.13,19.72,70.53,0,0,Synthetic
103.08,12.48,28.15,51.16,0,0,Synthetic
325.06,24.11,23.41,59.02,0,0,Synthetic
673.05,111.28,39.76,82.61,0,2,Synthetic
459.21,53.61,41.02,81.1,0,1,Synthetic
260.23,8.44,27.67,84.27,0,0,Synthetic
291.34,61.59,32.23,53.99,0,0,Synthetic
311.26,58.6,27.54,59.52,0,0,Synthetic
251.55,95.55,35.64,66.52,0,1,Synthetic
130.22,13.68,26.37,65.06,0,0,Synthetic
194.92,3.32,32.54,61.63,0,0,Synthetic
790.5,108.01,61.26,34.15,1,2,Synthetic
450.72,233.69,25.56,69.4,0,1,Synthetic
15.79,20.09,23.38,40.56,0,0,Synthetic
265.76,11.82,29.14,75.31,0,0,Synthetic
195.0,0.0,21.34,57.98,0,0,Synthetic
264.88,20.22,40.22,69.97,0,0,Synthetic
770.58,168.97,54.89,50.97,1,2,Synthetic
127.47,5.23,30.03,57.63,0,0,Synthetic
320.41,5.05,26.78,66.49,0,0,Synthetic
145.85,13.73,20.49,48.72,0,0,Synthetic
32.84,15.17,28.24,57.57,0,0,Synthetic
399.18,28.64,62.71,74.48,0,1,Synthetic
391.59,33.84,40.14,72.27,0,0,Synthetic
227.88,1.29,26.31,56.51,0,0,Synthetic
848.27,171.45,44.99,16.77,1,2,Synthetic
76.76,15.01,32.49,68.3,0,0,Synthetic
111.75,18.78,24.57,37.94,0,0,Synthetic
285.54,7.6,30.69,57.58,0,0,Synthetic
709.21,205.88,41.31,27.28,1,2,Synthetic
471.73,60.95,35.35,75.94,0,0,Synthetic
310.82,8.49,20.65,69.8,0,0,Synthetic
189.97,16.09,22.11,78.52,0,0,Synthetic
998.45,177.65,52.69,62.82,0,2,Synthetic
145.88,3.22,23.18,39.12,0,0,Synthetic
301.3,0.0,24.17,66.66,0,0,Synthetic
320.34,49.74,36.08,65.56,0,0,Synthetic
555.57,14.33,35.87,71.78,0,0,Synthetic
226.91,20.92,17.77,80.36,0,0,Synthetic
435.88,58.97,42.05,80.89,0,1,Synthetic
251.77,10.62,19.39,43.6,0,0,Synthetic
128.45,12.24,27.7,44.11,0,0,Synthetic
124.31,29.81,27.28,79.51,0,0,Synthetic
452.97,64.86,38.01,86.07,0,1,Synthetic
86.79,14.37,21.28,54.72,0,0,Synthetic
350.75,15.42,32.57,64.93,0,0,Synthetic
80.04,0.0,25.07,44.96,0,0,Synthetic
327.62,11.22,24.28,58.55,0,0,Synthetic
246.88,41.32,25.17,60.3,0,0,Synthetic
152.12,25.31,21.4,74.91,0,0,Synthetic
104.32,16.32,30.21,68.35,0,0,Synthetic
184.9,17.57,23.71,62.93,0,0,Synthetic
188.12,12.83,22.08,63.78,0,0,Synthetic
645.07,110.02,65.89,16.9,1,2,Synthetic
484.14,43.86,35.22,88.36,0,0,Synthetic
143.65,8.89,30.0,59.11,0,0,Synthetic
242.34,18.04,43.83,60.85,0,0,Synthetic
159.16,22.31,25.88,59.44,0,0,Synthetic
111.06,8.83,18.91,32.4,0,0,Synthetic
301.84,24.71,30.82,58.83,0,0,Synthetic
221.62,3.15,22.71,80.5,0,0,Synthetic
91.47,16.23,29.81,50.75,0,0,Synthetic
149.59,5.56,21.26,43.18,0,0,Synthetic
166.01,11.45,27.05,50.82,0,0,Synthetic
350.16,84.74,45.76,52.54,0,1,Synthetic
225.24,12.38,45.94,56.88,0,0,Synthetic
309.14,18.84,26.59,90.0,0,0,Synthetic
121.56,1.95,22.93,84.94,0,0,Synthetic
95.49,0.0,24.85,60.23,0,0,Synthetic
190.63,30.46,32.04,42.05,0,0,Synthetic
1089.5,38.1,32.35,51.01,0,1,Synthetic
675.3,143.99,45.29,47.01,0,2,Synthetic
337.01,20.78,29.52,85.43,0,0,Synthetic
182.11,42.68,24.49,70.77,0,0,Synthetic
159.5,6.26,23.1,60.82,0,0,Synthetic
243.0,12.39,20.04,53.84,0,0,Synthetic
0.35,18.88,27.52,86.32,0,0,Synthetic
418.46,42.28,49.14,59.78,0,1,Synthetic
115.1,7.51,17.21,55.56,0,0,Synthetic
312.89,17.96,25.37,85.68,0,0,Synthetic
247.05,28.11,48.03,72.97,0,0,Synthetic
679.48,21.66,32.17,85.86,0,1,Synthetic
229.64,23.03,20.78,42.29,0,0,Synthetic
257.1,0.0,27.29,68.42,0,0,Synthetic
257.0,16.4,25.69,67.67,0,0,Synthetic
156.04,27.07,24.4,55.75,0,0,Synthetic
260.07,29.93,21.52,68.05,0,0,Synthetic
397.09,38.15,34.55,70.76,0,0,Synthetic
476.22,139.08,30.74,42.56,0,1,Synthetic
608.4,162.0,31.05,51.22,0,1,Synthetic
874.75,77.98,29.79,59.44,0,1,Synthetic
163.73,10.05,22.24,63.63,0,0,Synthetic
46.49,17.91,18.64,50.05,0,0,Synthetic
166.85,9.84,22.56,63.94,0,0,Synthetic
261.24,5.18,27.61,75.02,0,0,Synthetic
188.06,20.27,23.3,55.54,0,0,Synthetic
397.9,16.73,32.33,50.98,0,0,Synthetic
198.54,32.82,24.05,59.53,0,0,Synthetic
77.24,32.5,36.95,67.87,0,0,Synthetic
113.4,5.5,33.98,52.71,0,0,Synthetic
136.95,35.99,45.05,50.41,0,0,Synthetic
78.77,11.51,28.57,71.92,0,0,Synthetic
90.11,17.43,26.45,60.27,0,0,Synthetic
298.43,59.52,33.28,67.88,0,0,Synthetic
61.75,27.95,16.56,58.8,0,0,Synthetic
286.74,11.5,26.74,46.34,0,0,Synthetic
122.35,18.91,20.59,70.75,0,0,Synthetic
288.39,16.15,41.56,78.56,0,0,Synthetic
481.62,122.18,31.37,47.83,0,1,Synthetic
47.52,8.8,27.83,28.04,0,0,Synthetic
296.18,41.03,52.16,83.06,0,0,Synthetic
82.84,20.69,21.19,54.83,0,0,Synthetic
212.7,3.15,20.24,52.03,0,0,Synthetic
124.09,7.81,21.27,54.9,0,0,Synthetic
302.81,40.13,54.39,80.57,0,1,Synthetic
593.91,239.02,47.36,46.0,1,2,Synthetic
1057.48,61.11,37.43,44.25,0,2,Synthetic
231.79,25.72,28.17,59.06,0,0,Synthetic
220.95,4.45,18.3,89.73,0,0,Synthetic
211.04,7.15,23.99,61.79,0,0,Synthetic
276.77,10.88,30.33,47.71,0,0,Synthetic
55.69,4.99,23.83,56.21,0,0,Synthetic
268.1,6.33,26.8,55.29,0,0,Synthetic
347.52,22.56,22.16,33.07,0,0,Synthetic
183.52,7.69,26.19,55.08,0,0,Synthetic
131.92,10.09,24.67,51.76,0,0,Synthetic
350.59,29.27,23.9,58.89,0,0,Synthetic
182.94,21.65,22.21,67.39,0,0,Synthetic
955.23,93.09,38.49,65.1,0,2,Synthetic
298.53,38.96,53.04,85.32,0,0,Synthetic
197.53,0.0,25.18,44.85,0,0,Synthetic
212.25,1.43,37.62,55.59,0,0,Synthetic
985.46,158.76,48.38,56.56,0,2,Synthetic
120.08,13.94,21.78,56.55,0,0,Synthetic
216.87,16.01,25.44,68.98,0,0,Synthetic
121.82,11.97,25.12,44.65,0,0,Synthetic
217.71,7.24,24.0,56.36,0,0,Synthetic
409.94,46.39,41.9,75.97,0,1,Synthetic
121.44,3.76,37.62,51.08,0,0,Synthetic
395.42,57.37,44.7,80.83,0,1,Synthetic
43.87,7.22,21.89,34.31,0,0,Synthetic
156.07,2.99,29.64,74.83,0,0,Synthetic
77.0,6.56,30.37,56.19,0,0,Synthetic
346.47,73.26,27.86,65.57,0,0,Synthetic
99.44,41.03,27.08,57.08,0,0,Synthetic
104.66,14.31,27.23,56.03,0,0,Synthetic
369.54,11.96,49.8,63.42,0,0,Synthetic
130.5,15.37,17.73,51.1,0,0,Synthetic
183.02,21.06,18.73,59.72,0,0,Synthetic
164.75,10.6,28.01,49.09,0,0,Synthetic
148.9,34.79,28.12,58.36,0,0,Synthetic
182.54,23.45,26.35,45.56,0,0,Synthetic
193.43,11.34,26.21,63.3,0,0,Synthetic
35.43,23.31,22.14,42.59,0,0,Synthetic
129.24,7.77,31.38,76.82,0,0,Synthetic
148.55,20.31,26.72,43.84,0,0,Synthetic
1019.28,12.45,43.74,25.65,0,2,Synthetic
493.2,33.63,36.37,57.0,0,0,Synthetic
317.63,19.6,28.8,37.39,0,0,Synthetic
200.42,32.42,24.04,47.75,0,0,Synthetic
122.76,14.25,24.84,37.99,0,0,Synthetic
230.27,0.0,18.62,44.95,0,0,Synthetic
74.68,34.88,17.23,56.83,0,0,Synthetic
78.77,15.13,23.49,82.18,0,0,Synthetic
200.93,19.16,24.07,56.11,0,0,Synthetic
1158.1,126.25,58.55,62.52,1,2,Synthetic
1051.71,101.85,48.37,77.44,0,2,Synthetic
262.73,33.25,62.53,84.72,0,0,Synthetic
533.46,47.93,38.3,59.59,0,0,Synthetic
195.23,8.03,19.77,65.04,0,0,Synthetic
213.56,21.28,25.44,85.37,0,0,Synthetic
92.68,12.94,23.86,63.63,0,0,Synthetic
48.89,19.58,17.27,40.76,0,0,Synthetic
109.15,2.89,20.48,49.66,0,0,Synthetic
528.09,17.93,30.25,65.02,0,0,Synthetic
4.37,14.98,28.91,63.96,0,0,Synthetic
103.33,19.57,28.28,54.07,0,0,Synthetic
223.42,77.92,30.52,78.58,0,0,Synthetic
49.61,13.49,26.71,54.93,0,0,Synthetic
158.57,8.82,18.19,61.6,0,0,Synthetic
223.8,13.81,23.85,69.58,0,0,Synthetic
149.3,23.38,30.44,62.55,0,0,Synthetic
199.09,5.5,19.28,68.27,0,0,Synthetic
304.71,43.72,32.74,77.14,0,0,Synthetic
151.22,18.61,26.05,61.24,0,0,Synthetic
218.69,48.05,46.06,57.96,0,0,Synthetic
501.11,58.39,27.02,65.74,0,0,Synthetic
415.08,11.69,20.84,77.93,0,0,Synthetic
243.58,9.72,26.85,33.3,0,0,Synthetic
352.61,64.58,36.34,46.03,0,0,Synthetic
83.34,7.38,21.64,66.68,0,0,Synthetic
106.13,10.96,16.68,67.08,0,0,Synthetic
21.99,12.82,26.79,49.77,0,0,Synthetic
158.62,25.69,27.15,58.44,0,0,Synthetic
355.04,40.35,37.49,75.78,0,0,Synthetic
251.47,16.81,30.76,86.03,0,0,Synthetic
203.18,20.93,38.82,48.93,0,0,Synthetic
217.84,17.76,21.49,87.64,0,0,Synthetic
264.2,27.24,22.34,48.08,0,0,Synthetic
94.01,20.45,14.82,56.64,0,0,Synthetic
263.81,22.93,39.47,65.74,0,0,Synthetic
396.77,60.31,36.11,76.16,0,0,Synthetic
185.33,3.11,30.17,44.21,0,0,Synthetic
229.04,0.0,21.97,50.82,0,0,Synthetic
716.7,75.01,31.95,72.52,0,1,Synthetic
72.11,21.32,21.02,42.04,0,0,Synthetic
164.36,9.18,20.72,61.19,0,0,Synthetic
243.29,13.11,22.14,69.05,0,0,Synthetic
145.45,9.26,25.72,41.84,0,0,Synthetic
130.02,25.55,32.94,67.29,0,0,Synthetic
192.38,12.91,25.62,55.88,0,0,Synthetic
212.15,105.31,35.49,78.8,0,1,Synthetic
122.55,1.74,23.42,60.97,0,0,Synthetic
266.82,1.36,31.27,59.28,0,0,Synthetic
256.57,89.82,24.78,65.09,0,0,Synthetic
264.47,96.79,35.93,66.76,0,1,Synthetic
135.24,15.28,21.74,54.51,0,0,Synthetic
139.96,15.11,30.04,53.6,0,0,Synthetic
78.19,27.92,29.52,62.85,0,0,Synthetic
173.08,20.38,26.28,90.71,0,0,Synthetic
504.22,19.02,39.77,80.5,0,0,Synthetic
50.84,12.76,19.21,83.58,0,0,Synthetic
6.73,12.47,22.02,69.8,0,0,Synthetic
276.36,18.69,32.92,77.24,0,0,Synthetic
223.82,15.57,30.98,89.92,0,0,Synthetic
441.8,46.54,36.64,74.85,0,0,Synthetic
461.75,39.03,43.63,70.62,0,1,Synthetic
354.58,7.58,42.6,50.84,0,0,Synthetic
169.52,0.0,25.39,61.71,0,0,Synthetic
143.34,16.4,19.2,44.61,0,0,Synthetic
362.65,53.74,36.91,71.52,0,0,Synthetic
172.05,15.49,21.22,69.95,0,0,Synthetic
211.9,18.27,49.46,76.06,0,0,Synthetic
445.5,56.02,38.65,54.88,0,0,Synthetic
307.31,38.67,20.34,56.15,0,0,Synthetic
437.81,43.14,43.22,51.9,0,0,Synthetic
251.78,19.26,33.56,34.24,0,0,Synthetic
134.12,29.88,27.17,63.69,0,0,Synthetic
492.25,43.73,31.44,55.8,0,0,Synthetic
95.25,22.84,28.52,36.26,0,0,Synthetic
52.27,0.0,22.64,66.92,0,0,Synthetic
301.76,3.23,29.56,52.06,0,0,Synthetic
918.95,214.93,42.77,39.17,1,2,Synthetic
81.06,4.96,24.29,38.35,0,0,Synthetic
180.61,3.07,34.74,65.81,0,0,Synthetic
250.89,12.82,26.66,89.58,0,0,Synthetic
449.21,50.22,35.93,71.05,0,0,Synthetic
136.48,11.94,21.99,39.3,0,0,Synthetic
916.31,70.82,41.49,19.55,0,2,Synthetic
158.25,5.91,21.98,85.34,0,0,Synthetic
309.43,11.98,33.24,49.25,0,0,Synthetic
58.89,24.48,23.32,64.03,0,0,Synthetic
353.23,16.28,49.91,67.28,0,0,Synthetic
296.84,0.52,24.42,87.06,0,0,Synthetic
843.11,75.11,39.69,68.94,0,2,Synthetic
1125.02,185.44,55.91,60.09,0,2,Synthetic
224.98,9.04,22.62,62.65,0,0,Synthetic
637.99,41.13,30.24,33.17,0,0,Synthetic
259.22,19.57,19.3,45.64,0,0,Synthetic
207.24,35.55,55.12,91.44,0,1,Synthetic
16.88,6.43,29.57,82.46,0,0,Synthetic
713.97,100.63,46.6,26.2,1,2,Synthetic
150.46,27.89,29.08,53.38,0,0,Synthetic
182.52,17.77,18.73,78.54,0,0,Synthetic
306.2,25.53,24.25,70.55,0,0,Synthetic
356.5,33.91,45.0,75.68,0,0,Synthetic
198.41,6.9,22.21,55.86,0,0,Synthetic
77.65,12.97,20.45,44.56,0,0,Synthetic
217.66,21.9,22.61,80.89,0,0,Synthetic
321.88,11.59,25.56,74.67,0,0,Synthetic
468.92,43.04,34.57,76.71,0,0,Synthetic
462.86,51.48,37.16,84.62,0,0,Synthetic
9.17,20.32,26.72,77.06,0,0,Synthetic
233.37,24.46,25.53,82.66,0,0,Synthetic
158.86,17.97,27.83,51.14,0,0,Synthetic
144.9,11.91,22.48,36.95,0,0,Synthetic
219.26,7.88,32.18,38.19,0,0,Synthetic
243.21,13.5,24.14,49.79,0,0,Synthetic
265.44,3.19,22.24,79.97,0,0,Synthetic
8.0,21.2,23.98,49.62,0,0,Synthetic
326.08,67.64,32.66,51.93,0,0,Synthetic
435.4,44.22,38.59,74.9,0,0,Synthetic
150.84,17.03,27.9,70.48,0,0,Synthetic
448.28,30.75,39.82,79.29,0,0,Synthetic
414.01,58.21,35.54,76.26,0,0,Synthetic
43.92,1.46,30.27,62.11,0,0,Synthetic
66.79,21.08,24.26,65.2,0,0,Synthetic
242.25,9.36,29.01,47.4,0,0,Synthetic
431.36,43.27,34.3,80.48,0,0,Synthetic
466.2,38.48,39.72,76.21,0,0,Synthetic
241.26,17.13,25.91,56.89,0,0,Synthetic
120.01,17.88,21.11,66.33,0,0,Synthetic
100.08,12.94,26.85,48.04,0,0,Synthetic
253.33,0.0,25.0,59.73,0,0,Synthetic
194.54,62.24,24.14,44.61,0,0,Synthetic
294.87,22.87,32.09,40.8,0,0,Synthetic
174.25,27.71,18.79,52.9,0,0,Synthetic
200.78,3.4,16.56,47.98,0,0,Synthetic
358.95,12.65,37.94,59.0,0,0,Synthetic
422.95,146.29,29.88,50.36,0,1,Synthetic
279.23,70.71,29.37,64.49,0,0,Synthetic
887.45,69.76,41.26,49.72,0,2,Synthetic
862.32,149.52,36.49,54.99,0,2,Synthetic
39.17,16.84,30.02,48.98,0,0,Synthetic
64.61,10.64,26.65,70.57,0,0,Synthetic
74.55,8.88,31.96,62.99,0,0,Synthetic
239.33,24.03,26.46,47.26,0,0,Synthetic
126.36,33.98,26.87,58.91,0,0,Synthetic
221.87,4.19,19.62,54.17,0,0,Synthetic
794.95,97.63,65.37,51.42,1,2,Synthetic
257.93,12.08,26.42,47.91,0,0,Synthetic
132.99,25.48,29.08,82.82,0,0,Synthetic
219.55,6.74,22.27,58.59,0,0,Synthetic
462.61,119.97,33.9,79.1,0,1,Synthetic
310.96,73.98,28.33,42.57,0,0,Synthetic
203.5,18.85,30.04,58.01,0,0,Synthetic
304.8,19.98,31.7,80.59,0,0,Synthetic
247.91,13.97,27.27,57.81,0,0,Synthetic
418.51,30.38,35.74,61.82,0,0,Synthetic
287.05,154.22,43.86,64.63,0,1,Synthetic
411.97,60.21,39.94,72.88,0,1,Synthetic
132.24,30.45,22.33,54.35,0,0,Synthetic
119.03,1.86,19.6,71.84,0,0,Synthetic
7.84,26.43,29.31,62.18,0,0,Synthetic
153.05,22.34,23.78,45.4,0,0,Synthetic
161.05,21.35,22.17,69.16,0,0,Synthetic
111.72,7.31,26.94,81.58,0,0,Synthetic
371.24,67.17,29.59,62.94,0,0,Synthetic
281.29,25.21,19.77,49.29,0,0,Synthetic
197.74,20.49,33.64,94.11,0,0,Synthetic
383.74,37.88,50.95,90.45,0,1,Synthetic
137.43,27.97,27.64,64.5,0,0,Synthetic
79.21,26.71,32.97,59.2,0,0,Synthetic
228.12,10.92,30.86,60.15,0,0,Synthetic
161.83,24.2,19.28,65.08,0,0,Synthetic
469.7,32.51,22.98,59.74,0,0,Synthetic
216.66,7.52,26.2,87.26,0,0,Synthetic
116.29,24.19,27.09,43.4,0,0,Synthetic
334.13,17.73,40.27,70.88,0,0,Synthetic
436.96,39.66,38.42,74.09,0,0,Synthetic
75.99,3.67,23.63,40.83,0,0,Synthetic
262.45,15.95,23.98,62.3,0,0,Synthetic
529.22,28.14,28.01,50.21,0,0,Synthetic
161.37,0.75,26.46,64.78,0,0,Synthetic
102.19,26.07,31.77,24.83,0,0,Synthetic
125.5,24.51,30.13,65.92,0,0,Synthetic
423.17,30.46,32.77,47.56,0,0,Synthetic
274.11,71.3,40.03,54.19,0,0,Synthetic
204.15,10.69,29.82,57.35,0,0,Synthetic
135.33,18.7,27.06,46.35,0,0,Synthetic
200.06,16.02,26.35,61.88,0,0,Synthetic
439.96,46.13,38.09,71.7,0,0,Synthetic
250.29,22.48,21.75,46.45,0,0,Synthetic
214.77,22.01,24.99,77.44,0,0,Synthetic
134.51,0.56,29.28,68.54,0,0,Synthetic
555.7,148.87,46.9,56.48,0,2,Synthetic
292.63,13.23,24.7,43.36,0,0,Synthetic
12.26,14.76,21.96,62.89,0,0,Synthetic
234.57,9.97,17.24,73.91,0,0,Synthetic
166.0,8.97,23.29,62.35,0,0,Synthetic
393.46,31.3,42.24,81.34,0,0,Synthetic
192.39,18.59,20.5,48.56,0,0,Synthetic
112.2,11.85,21.76,41.43,0,0,Synthetic
5.92,3.18,30.61,55.36,0,0,Synthetic
241.24,26.0,28.58,78.0,0,0,Synthetic
297.9,5.83,40.15,66.66,0,0,Synthetic
13.54,0.58,25.5,59.76,0,0,Synthetic
232.25,22.31,20.03,43.99,0,0,Synthetic
134.48,30.1,24.36,69.57,0,0,Synthetic
250.58,18.42,25.56,90.24,0,0,Synthetic
115.62,12.36,27.6,62.65,0,0,Synthetic
364.89,55.36,38.34,84.45,0,0,Synthetic
986.57,104.78,37.66,65.28,0,2,Synthetic
156.73,2.7,24.85,73.89,0,0,Synthetic
213.58,26.6,17.92,42.06,0,0,Synthetic
252.99,22.5,32.05,87.03,0,0,Synthetic
425.63,37.48,45.13,77.79,0,1,Synthetic
208.56,5.58,32.2,44.74,0,0,Synthetic
215.31,23.73,22.96,35.99,0,0,Synthetic
250.25,12.48,30.08,65.7,0,0,Synthetic
342.72,138.53,28.31,47.14,0,1,Synthetic
131.22,0.0,31.96,65.78,0,0,Synthetic
402.57,139.06,36.23,40.62,0,1,Synthetic
227.43,13.31,18.41,77.42,0,0,Synthetic
284.83,4.11,25.91,44.49,0,0,Synthetic
105.68,12.09,27.26,54.25,0,0,Synthetic
803.4,61.6,30.11,83.12,0,1,Synthetic
232.51,29.25,27.94,53.19,0,0,Synthetic
100.83,6.17,36.85,46.77,0,0,Synthetic
246.72,0.11,27.57,61.75,0,0,Synthetic
154.9,9.75,18.07,50.76,0,0,Synthetic
322.72,30.78,43.41,50.31,0,0,Synthetic
294.75,16.99,15.73,86.84,0,0,Synthetic
584.21,47.29,25.45,62.52,0,0,Synthetic
240.89,33.16,24.59,83.28,0,0,Synthetic
268.92,13.42,23.03,54.98,0,0,Synthetic
185.87,20.46,27.48,55.75,0,0,Synthetic
253.91,17.24,29.94,34.78,0,0,Synthetic
526.41,137.83,62.91,45.69,1,2,Synthetic
142.55,24.66,26.1,45.01,0,0,Synthetic
860.54,57.78,21.79,39.83,0,1,Synthetic
412.48,44.39,34.96,80.08,0,0,Synthetic
209.12,10.47,40.47,85.05,0,0,Synthetic
93.11,27.69,23.97,44.74,0,0,Synthetic
153.3,10.71,19.81,59.47,0,0,Synthetic
184.25,17.98,28.56,78.57,0,0,Synthetic
234.91,23.92,26.09,82.48,0,0,Synthetic
117.31,14.39,24.69,44.83,0,0,Synthetic
319.69,38.14,47.4,58.36,0,0,Synthetic
86.13,2.36,27.3,29.05,0,0,Synthetic
960.04,137.91,51.24,79.42,0,2,Synthetic
917.25,189.44,46.99,58.65,0,2,Synthetic
209.68,20.26,22.36,37.25,0,0,Synthetic
106.64,17.83,24.06,43.55,0,0,Synthetic
634.56,19.14,21.63,53.62,0,0,Synthetic
152.8,21.19,22.94,40.51,0,0,Synthetic
4.35,2.45,18.23,70.2,0,0,Synthetic
130.71,17.18,24.79,48.0,0,0,Synthetic
125.34,40.12,27.32,29.64,0,0,Synthetic
0.0,3.47,22.43,59.24,0,0,Synthetic
242.62,24.44,22.76,91.48,0,0,Synthetic
61.78,10.25,25.56,73.82,0,0,Synthetic
555.8,22.81,35.06,73.79,0,0,Synthetic
135.56,3.25,30.22,62.54,0,0,Synthetic
290.66,20.62,28.53,52.85,0,0,Synthetic
130.36,1.66,18.95,48.45,0,0,Synthetic
170.33,25.88,29.5,51.31,0,0,Synthetic
1074.48,69.45,30.06,42.18,0,1,Synthetic
620.45,36.57,27.62,64.53,0,0,Synthetic
328.18,82.05,47.96,59.06,0,1,Synthetic
183.91,9.29,29.87,51.55,0,0,Synthetic
340.29,19.65,41.77,50.2,0,0,Synthetic
496.6,44.93,40.76,63.84,0,1,Synthetic
475.71,35.01,39.25,77.04,0,0,Synthetic
219.15,23.41,28.74,74.37,0,0,Synthetic
306.7,21.75,26.81,55.24,0,0,Synthetic
249.39,20.51,26.97,54.07,0,0,Synthetic
189.11,2.03,22.89,58.51,0,0,Synthetic
180.81,16.2,22.51,39.16,0,0,Synthetic
135.9,12.68,27.58,67.33,0,0,Synthetic
90.62,20.34,21.6,73.42,0,0,Synthetic
284.42,11.06,20.05,29.53,0,0,Synthetic
209.58,4.35,29.58,46.29,0,0,Synthetic
104.99,12.22,32.18,54.16,0,0,Synthetic
125.46,16.37,29.57,53.63,0,0,Synthetic
94.23,15.66,31.18,54.74,0,0,Synthetic
407.19,133.1,38.95,63.65,0,1,Synthetic
486.92,158.6,28.39,56.45,0,1,Synthetic
231.92,3.74,22.14,87.63,0,0,Synthetic
93.1,9.54,23.97,48.11,0,0,Synthetic
255.68,9.04,21.41,59.86,0,0,Synthetic
58.73,8.82,29.56,70.18,0,0,Synthetic
107.16,27.12,30.81,52.79,0,0,Synthetic
283.35,20.59,22.5,52.31,0,0,Synthetic
339.46,22.03,39.27,67.48,0,0,Synthetic
359.66,30.08,47.67,74.82,0,0,Synthetic
334.6,40.01,49.66,81.37,0,1,Synthetic
199.54,13.71,26.1,41.36,0,0,Synthetic
222.91,6.46,19.87,37.83,0,0,Synthetic
93.1,0.33,28.22,41.45,0,0,Synthetic
899.65,57.87,26.96,38.1,0,1,Synthetic
197.57,7.12,17.59,38.63,0,0,Synthetic
86.48,25.18,28.72,53.76,0,0,Synthetic
445.82,35.73,44.61,57.73,0,0,Synthetic
112.53,22.27,22.16,56.96,0,0,Synthetic
206.56,30.5,29.98,81.29,0,0,Synthetic
441.25,20.1,43.2,57.84,0,0,Synthetic
123.18,17.2,28.37,57.94,0,0,Synthetic
249.85,1.91,23.25,64.27,0,0,Synthetic
180.38,11.49,31.97,38.11,0,0,Synthetic
127.29,27.9,19.91,50.46,0,0,Synthetic
249.75,5.14,27.2,81.42,0,0,Synthetic
369.78,24.25,48.86,90.16,0,1,Synthetic
294.89,57.85,49.8,72.49,0,1,Synthetic
239.58,18.33,22.58,41.86,0,0,Synthetic
447.25,48.59,37.21,77.56,0,0,Synthetic
445.43,36.09,36.99,68.43,0,0,Synthetic
133.09,3.68,24.37,41.28,0,0,Synthetic
460.37,44.73,34.86,71.26,0,0,Synthetic
513.47,10.58,31.41,58.31,0,0,Synthetic
431.41,51.27,43.32,73.09,0,1,Synthetic
250.85,10.63,26.34,46.98,0,0,Synthetic
391.95,33.32,40.14,74.8,0,0,Synthetic
230.34,20.03,31.61,78.18,0,0,Synthetic
238.56,21.93,19.03,67.41,0,0,Synthetic
579.71,31.62,33.29,57.33,0,0,Synthetic
151.99,10.85,22.75,66.95,0,0,Synthetic
266.72,14.8,23.11,44.23,0,0,Synthetic
326.56,14.39,59.21,66.51,0,0,Synthetic
313.48,11.0,27.15,37.03,0,0,Synthetic
123.21,5.46,22.07,75.04,0,0,Synthetic
199.26,21.18,25.05,94.74,0,0,Synthetic
145.78,5.4,23.29,63.76,0,0,Synthetic
208.74,12.19,33.21,40.15,0,0,Synthetic
256.01,14.53,19.4,60.78,0,0,Synthetic
209.87,11.13,26.37,61.54,0,0,Synthetic
76.44,10.2,25.48,58.17,0,0,Synthetic
248.99,50.87,27.93,64.13,0,0,Synthetic
196.1,30.21,29.28,46.05,0,0,Synthetic
163.75,1.55,24.53,44.23,0,0,Synthetic
137.24,1.62,27.3,43.56,0,0,Synthetic
280.57,28.78,41.47,58.09,0,0,Synthetic
345.0,33.24,54.44,74.26,0,1,Synthetic
121.51,1.35,28.07,66.85,0,0,Synthetic
954.64,139.56,40.15,73.66,0,2,Synthetic
428.7,54.94,42.67,76.44,0,1,Synthetic
134.79,25.81,21.85,70.84,0,0,Synthetic
335.52,53.97,31.66,40.46,0,0,Synthetic
237.16,6.6,24.39,59.85,0,0,Synthetic
227.02,90.38,26.06,56.47,0,0,Synthetic
289.79,20.44,27.98,23.89,0,0,Synthetic
738.14,67.92,62.18,27.83,1,2,Synthetic
708.89,124.57,52.97,45.17,1,2,Synthetic
402.49,62.21,33.04,84.84,0,0,Synthetic
510.34,36.02,33.42,67.75,0,0,Synthetic
296.04,43.12,33.82,71.12,0,0,Synthetic
809.78,146.88,48.64,73.89,0,2,Synthetic
274.94,14.93,34.28,51.46,0,0,Synthetic
465.24,5.71,25.51,54.08,0,0,Synthetic
118.76,33.07,24.52,56.3,0,0,Synthetic
917.19,62.42,27.43,50.53,0,1,Synthetic
382.73,27.33,53.56,98.55,0,1,Synthetic
187.08,86.57,25.7,49.02,0,0,Synthetic
623.94,25.78,30.73,54.43,0,0,Synthetic
602.5,42.54,33.57,62.6,0,0,Synthetic
760.89,175.01,66.24,43.17,1,2,Synthetic
238.95,5.98,34.6,88.81,0,0,Synthetic
253.92,9.58,32.96,87.33,0,0,Synthetic
130.7,26.85,14.23,60.47,0,0,Synthetic
255.98,14.79,22.53,48.74,0,0,Synthetic
1050.74,95.46,40.1,66.14,0,2,Synthetic
176.1,7.14,26.19,21.7,0,0,Synthetic
186.31,18.79,23.46,70.68,0,0,Synthetic
159.74,15.95,21.01,52.61,0,0,Synthetic
144.95,10.75,31.43,54.89,0,0,Synthetic
11.46,19.7,23.18,72.51,0,0,Synthetic
1020.79,35.57,30.89,30.39,0,1,Synthetic
500.28,22.58,43.3,62.71,0,1,Synthetic
145.4,0.56,32.15,75.67,0,0,Synthetic
39.47,26.69,26.16,63.98,0,0,Synthetic
155.62,17.89,29.17,63.09,0,0,Synthetic
254.92,28.86,44.93,72.81,0,0,Synthetic
149.88,85.12,30.35,50.63,0,0,Synthetic
465.13,55.76,37.72,65.11,0,0,Synthetic
294.8,39.16,42.55,60.7,0,0,Synthetic
256.21,28.58,46.72,70.36,0,0,Synthetic
216.62,20.23,32.0,50.78,0,0,Synthetic
138.86,13.13,32.29,36.43,0,0,Synthetic
280.78,25.1,43.46,57.56,0,0,Synthetic
285.9,21.65,26.25,89.66,0,0,Synthetic
464.79,42.22,37.44,58.88,0,0,Synthetic
117.32,11.83,23.24,56.58,0,0,Synthetic
311.09,80.02,47.98,91.94,0,1,Synthetic
94.53,20.09,17.86,58.18,0,0,Synthetic
72.0,5.38,29.15,76.27,0,0,Synthetic
998.72,50.64,35.53,55.76,0,1,Synthetic
912.15,54.92,33.12,27.03,0,1,Synthetic
523.94,40.22,53.63,74.53,0,1,Synthetic
468.68,84.74,32.46,50.3,0,1,Synthetic
323.73,25.62,40.64,66.33,0,0,Synthetic
103.52,4.81,30.48,59.11,0,0,Synthetic
132.83,13.61,21.92,42.91,0,0,Synthetic
110.96,17.09,28.11,62.32,0,0,Synthetic
357.93,37.88,44.22,63.4,0,0,Synthetic
1005.84,77.48,28.12,62.97,0,1,Synthetic
92.81,10.25,29.12,55.31,0,0,Synthetic
281.17,8.77,30.05,44.79,0,0,Synthetic
137.15,13.15,28.85,46.66,0,0,Synthetic
505.52,192.84,38.75,46.96,0,1,Synthetic
207.34,81.94,28.19,66.98,0,0,Synthetic
265.89,26.41,55.5,69.87,0,0,Synthetic
118.13,22.94,18.33,44.92,0,0,Synthetic
221.14,14.03,30.39,37.18,0,0,Synthetic
211.6,66.46,27.62,65.57,0,0,Synthetic
230.89,17.93,26.34,82.56,0,0,Synthetic
356.47,9.82,29.61,29.84,0,0,Synthetic
244.23,66.31,32.53,56.4,0,0,Synthetic
127.57,12.49,17.83,36.12,0,0,Synthetic
281.69,24.3,42.99,74.08,0,0,Synthetic
192.89,12.73,22.88,82.49,0,0,Synthetic
115.31,2.76,31.17,76.65,0,0,Synthetic
146.95,15.68,21.95,32.06,0,0,Synthetic
174.07,29.65,34.53,72.82,0,0,Synthetic
225.36,14.64,16.38,50.85,0,0,Synthetic
204.66,18.98,24.45,72.05,0,0,Synthetic
180.09,14.41,24.07,42.45,0,0,Synthetic
152.15,19.71,26.15,45.14,0,0,Synthetic
226.86,11.7,26.74,50.25,0,0,Synthetic
160.9,9.19,23.12,44.29,0,0,Synthetic
87.54,24.65,22.53,45.6,0,0,Synthetic
213.0,17.27,27.83,71.87,0,0,Synthetic
319.0,53.3,31.63,52.67,0,0,Synthetic
247.3,24.42,27.6,46.12,0,0,Synthetic
606.69,23.7,35.82,61.35,0,1,Synthetic
821.18,81.38,57.17,39.65,1,2,Synthetic
170.22,8.88,21.57,35.16,0,0,Synthetic
166.81,10.68,21.92,80.67,0,0,Synthetic
157.83,9.72,20.47,51.93,0,0,Synthetic
939.26,168.22,51.37,60.85,0,2,Synthetic
53.36,7.39,22.56,48.43,0,0,Synthetic
481.22,13.82,33.97,41.16,0,0,Synthetic
112.81,3.32,19.89,63.69,0,0,Synthetic
115.95,1.99,21.42,29.25,0,0,Synthetic
623.5,140.6,65.97,39.12,1,2,Synthetic
270.86,17.6,27.75,53.75,0,0,Synthetic
287.64,18.13,26.96,89.17,0,0,Synthetic
130.27,15.05,20.52,67.36,0,0,Synthetic
581.86,22.69,40.04,73.98,0,1,Synthetic
9.49,11.68,20.15,57.0,0,0,Synthetic
91.53,25.36,27.36,38.98,0,0,Synthetic
157.33,15.05,27.33,50.11,0,0,Synthetic
273.99,17.29,27.92,81.14,0,0,Synthetic
186.55,23.41,19.96,56.71,0,0,Synthetic
92.31,8.66,27.39,63.6,0,0,Synthetic
272.31,18.2,41.89,64.25,0,0,Synthetic
488.21,31.54,39.99,46.67,0,0,Synthetic
264.74,23.06,36.37,91.71,0,0,Synthetic
5.72,15.64,29.5,56.02,0,0,Synthetic
233.15,25.09,44.58,40.3,0,0,Synthetic
206.67,23.53,25.17,55.09,0,0,Synthetic
70.15,5.34,31.34,55.46,0,0,Synthetic
118.99,4.53,18.12,70.42,0,0,Synthetic
170.74,15.59,23.36,42.01,0,0,Synthetic
365.21,25.63,26.42,67.93,0,0,Synthetic
209.74,28.86,22.19,36.48,0,0,Synthetic
97.23,15.68,30.85,62.02,0,0,Synthetic
141.62,18.15,24.13,28.57,0,0,Synthetic
220.67,35.15,45.83,56.81,0,0,Synthetic
223.26,13.08,23.25,67.62,0,0,Synthetic
56.88,9.86,26.46,70.35,0,0,Synthetic
273.51,22.73,46.9,76.97,0,0,Synthetic
321.4,74.87,26.08,71.51,0,0,Synthetic
239.26,20.4,26.92,40.02,0,0,Synthetic
309.84,59.56,55.21,82.09,0,1,Synthetic
672.8,79.31,66.01,46.1,1,2,Synthetic
276.96,1.98,27.65,85.87,0,0,Synthetic
402.6,58.01,34.57,81.16,0,0,Synthetic
0.51,8.09,30.29,75.3,0,0,Synthetic
1395.26,83.26,38.29,31.92,0,2,Synthetic
351.2,50.87,41.24,78.13,0,0,Synthetic
348.95,17.74,22.47,50.67,0,0,Synthetic
227.87,71.72,34.12,53.07,0,0,Synthetic
184.12,12.88,25.51,57.98,0,0,Synthetic
127.18,0.0,23.76,69.58,0,0,Synthetic
174.29,13.23,25.59,58.66,0,0,Synthetic
317.13,80.06,22.98,54.13,0,0,Synthetic
115.92,4.96,34.77,71.88,0,0,Synthetic
216.67,13.65,25.28,47.25,0,0,Synthetic
233.13,9.46,31.77,61.75,0,0,Synthetic
332.96,54.78,54.52,80.22,0,1,Synthetic
174.36,8.27,24.41,82.81,0,0,Synthetic
181.52,27.7,22.22,66.15,0,0,Synthetic
195.78,14.89,25.29,54.99,0,0,Synthetic
93.34,19.53,19.71,56.39,0,0,Synthetic
146.23,5.52,28.84,52.16,0,0,Synthetic
198.86,14.75,22.53,81.15,0,0,Synthetic
4.9,20.77,15.68,55.35,0,0,Synthetic
800.94,166.75,41.2,68.51,0,2,Synthetic
1106.66,46.48,39.71,69.18,0,2,Synthetic
254.01,13.64,22.18,60.26,0,0,Synthetic
269.52,28.12,21.89,49.55,0,0,Synthetic
254.9,16.16,28.59,87.38,0,0,Synthetic
194.15,14.99,14.1,53.09,0,0,Synthetic
269.73,14.4,20.51,82.37,0,0,Synthetic
275.25,29.48,24.26,90.39,0,0,Synthetic
55.61,13.1,22.09,57.52,0,0,Synthetic
237.05,13.63,15.05,72.03,0,0,Synthetic
531.31,18.26,37.62,67.82,0,0,Synthetic
892.78,56.49,37.31,55.54,0,1,Synthetic
251.15,8.08,30.68,78.98,0,0,Synthetic
177.12,34.94,25.34,46.77,0,0,Synthetic
97.51,15.72,26.55,65.95,0,0,Synthetic
0.0,0.8,17.88,55.23,0,0,Synthetic
153.14,19.11,39.63,48.09,0,0,Synthetic
416.89,30.21,44.31,47.28,0,0,Synthetic
86.28,14.3,22.44,46.67,0,0,Synthetic
1049.14,96.53,59.1,78.65,0,2,Synthetic
171.92,5.13,26.35,65.0,0,0,Synthetic
339.01,30.38,45.86,55.43,0,0,Synthetic
251.24,17.26,27.16,52.25,0,0,Synthetic
95.69,23.74,21.9,55.74,0,0,Synthetic
392.25,42.19,38.71,81.89,0,0,Synthetic
515.89,35.48,35.82,59.53,0,0,Synthetic
127.08,9.79,11.71,41.56,0,0,Synthetic
17.4,4.08,24.11,78.8,0,0,Synthetic
729.65,110.78,49.04,61.86,1,2,Synthetic
202.46,15.06,21.57,58.32,0,0,Synthetic
175.81,17.99,22.95,34.19,0,0,Synthetic
264.29,74.62,36.8,70.64,0,0,Synthetic
281.87,33.44,20.91,46.41,0,0,Synthetic
297.03,16.08,27.68,47.37,0,0,Synthetic
460.08,35.5,24.29,67.36,0,0,Synthetic
198.19,29.14,29.17,73.99,0,0,Synthetic
44.65,20.1,26.71,49.89,0,0,Synthetic
201.55,10.31,21.01,38.06,0,0,Synthetic
454.92,24.33,45.45,69.11,0,1,Synthetic
263.6,89.48,24.66,54.74,0,0,Synthetic
87.85,15.58,30.37,56.44,0,0,Synthetic
187.71,26.57,25.95,80.79,0,0,Synthetic
313.42,67.78,28.15,50.47,0,0,Synthetic
325.81,11.1,50.33,77.8,0,0,Synthetic
363.53,29.36,36.85,80.81,0,0,Synthetic
1464.15,63.76,39.66,48.0,0,2,Synthetic
278.2,7.87,27.77,50.34,0,0,Synthetic
512.65,38.85,37.49,46.63,0,0,Synthetic
565.49,26.41,36.29,60.03,0,0,Synthetic
353.81,52.1,31.25,43.93,0,0,Synthetic
473.23,34.17,40.26,82.69,0,0,Synthetic
308.38,59.51,24.78,53.89,0,0,Synthetic
76.69,5.98,22.7,50.1,0,0,Synthetic
500.02,37.33,29.74,68.72,0,0,Synthetic
179.22,17.32,19.16,60.25,0,0,Synthetic
165.33,45.37,36.13,69.14,0,0,Synthetic
541.94,123.36,25.3,57.44,0,1,Synthetic
151.19,16.91,29.65,51.57,0,0,Synthetic
260.59,7.82,24.72,45.63,0,0,Synthetic
166.72,13.35,23.85,42.37,0,0,Synthetic
829.44,111.93,45.82,76.68,0,2,Synthetic
580.95,196.96,35.86,53.27,0,2,Synthetic
909.85,152.59,44.13,46.44,0,2,Synthetic
336.89,37.93,40.14,81.65,0,0,Synthetic
264.14,99.87,26.14,68.87,0,1,Synthetic
127.23,15.88,23.47,60.16,0,0,Synthetic
386.05,48.06,42.35,73.19,0,0,Synthetic
326.39,62.21,56.39,95.99,0,1,Synthetic
253.51,14.06,29.37,62.77,0,0,Synthetic
9.11,0.0,27.67,52.71,0,0,Synthetic
1212.51,48.86,40.3,54.93,0,2,Synthetic
100.85,0.0,31.67,46.21,0,0,Synthetic
43.11,5.23,17.91,24.78,0,0,Synthetic
206.27,14.65,31.62,41.64,0,0,Synthetic
297.82,28.56,26.94,84.3,0,0,Synthetic
207.09,10.75,30.25,34.82,0,0,Synthetic
212.49,15.64,32.42,80.24,0,0,Synthetic
123.09,0.0,32.91,85.17,0,0,Synthetic
249.37,24.19,27.25,48.79,0,0,Synthetic
873.49,201.91,51.04,47.78,1,2,Synthetic
125.61,0.41,27.64,80.61,0,0,Synthetic
223.72,0.0,22.06,66.64,0,0,Synthetic
353.21,32.43,23.6,55.53,0,0,Synthetic
16.14,23.33,25.44,55.15,0,0,Synthetic
176.75,16.55,27.7,48.87,0,0,Synthetic
195.99,9.29,25.17,49.26,0,0,Synthetic
192.31,16.96,24.42,52.53,0,0,Synthetic
405.6,63.89,40.51,74.86,0,1,Synthetic
234.14,16.75,25.33,54.74,0,0,Synthetic
183.33,0.0,27.0,68.4,0,0,Synthetic
1175.06,78.89,51.26,34.96,1,2,Synthetic
452.95,22.9,32.09,70.94,0,0,Synthetic
242.18,10.26,17.38,49.31,0,0,Synthetic
365.3,40.94,33.63,44.02,0,0,Synthetic
361.67,16.67,30.62,81.5,0,0,Synthetic
91.96,6.78,30.04,62.11,0,0,Synthetic
341.66,18.17,29.39,37.78,0,0,Synthetic
158.04,18.07,26.92,52.34,0,0,Synthetic
345.93,185.49,43.78,47.46,0,2,Synthetic
174.89,0.0,19.2,67.69,0,0,Synthetic
169.52,18.36,30.61,51.78,0,0,Synthetic
149.84,15.32,24.0,17.12,0,0,Synthetic
1101.09,145.34,47.89,39.88,1,2,Synthetic
121.56,27.59,21.98,60.72,0,0,Synthetic
2.99,1.17,23.81,49.44,0,0,Synthetic
102.48,16.04,29.88,82.79,0,0,Synthetic
492.48,41.29,34.03,63.04,0,0,Synthetic
222.05,2.12,27.49,77.9,0,0,Synthetic
290.01,79.99,37.59,61.44,0,1,Synthetic
213.07,18.36,30.56,83.7,0,0,Synthetic
278.12,14.43,31.29,34.7,0,0,Synthetic
233.22,11.89,24.06,38.56,0,0,Synthetic
152.38,12.61,27.9,65.12,0,0,Synthetic
250.1,26.2,30.82,72.42,0,0,Synthetic
49.11,23.51,27.16,71.4,0,0,Synthetic
45.09,7.42,24.81,40.99,0,0,Synthetic
362.96,74.77,32.92,56.23,0,0,Synthetic
217.62,5.59,28.24,39.74,0,0,Synthetic
870.17,165.63,47.89,31.51,1,2,Synthetic
405.94,44.04,35.67,47.94,0,0,Synthetic
280.02,13.51,30.47,59.3,0,0,Synthetic
160.52,16.49,25.93,34.8,0,0,Synthetic
182.19,21.15,22.14,46.79,0,0,Synthetic
430.13,46.94,39.65,82.17,0,0,Synthetic
100.76,34.91,29.83,55.31,0,0,Synthetic
264.63,49.8,56.68,54.76,0,1,Synthetic
174.85,78.95,39.82,53.57,0,0,Synthetic
563.74,33.01,35.46,60.29,0,0,Synthetic
1450.25,45.4,34.77,57.88,0,1,Synthetic
133.34,7.98,17.66,77.06,0,0,Synthetic
440.38,30.05,46.59,70.75,0,1,Synthetic
349.86,23.45,48.72,65.42,0,0,Synthetic
556.62,38.33,34.73,56.7,0,0,Synthetic
237.63,22.31,26.48,87.57,0,0,Synthetic
127.8,10.13,20.51,56.68,0,0,Synthetic
281.71,15.11,29.18,79.06,0,0,Synthetic
200.99,11.36,19.64,40.15,0,0,Synthetic
414.17,26.5,36.18,66.95,0,0,Synthetic
197.64,23.84,35.16,88.45,0,0,Synthetic
723.9,109.21,55.11,61.45,1,2,Synthetic
369.15,54.15,35.57,78.95,0,0,Synthetic
119.18,18.36,26.74,42.3,0,0,Synthetic
349.78,190.82,36.72,54.7,0,1,Synthetic
299.58,24.98,41.43,85.36,0,0,Synthetic
1213.61,65.24,46.44,67.19,0,2,Synthetic
234.53,21.06,20.98,40.25,0,0,Synthetic
278.25,25.68,23.14,66.17,0,0,Synthetic
118.08,8.88,17.55,64.6,0,0,Synthetic
137.55,8.81,31.72,60.1,0,0,Synthetic
158.49,18.83,30.85,66.49,0,0,Synthetic
61.69,9.11,27.71,52.61,0,0,Synthetic
235.39,14.38,22.2,52.82,0,0,Synthetic
428.98,58.67,36.3,78.56,0,0,Synthetic
217.88,26.22,24.31,45.04,0,0,Synthetic
233.46,9.23,28.42,55.0,0,0,Synthetic
733.17,45.37,34.84,66.24,0,1,Synthetic
228.05,20.02,20.1,68.03,0,0,Synthetic
1126.83,71.74,44.41,76.29,0,2,Synthetic
350.23,76.64,32.67,42.98,0,0,Synthetic
375.57,11.01,58.82,60.18,0,1,Synthetic
197.47,7.29,19.64,62.53,0,0,Synthetic
498.27,16.29,26.71,63.67,0,0,Synthetic
43.02,14.69,33.2,29.38,0,0,Synthetic
244.65,12.32,26.93,89.21,0,0,Synthetic
369.91,47.89,37.63,91.45,0,0,Synthetic
135.78,3.27,34.68,58.13,0,0,Synthetic
963.47,77.27,36.0,64.62,0,2,Synthetic
172.54,14.36,25.22,60.22,0,0,Synthetic
154.97,26.09,20.31,48.14,0,0,Synthetic
54.62,26.46,26.44,44.45,0,0,Synthetic
794.84,32.71,28.7,70.4,0,1,Synthetic
184.99,5.99,19.71,46.94,0,0,Synthetic
74.34,7.17,18.18,75.46,0,0,Synthetic
939.86,204.83,45.84,64.6,0,2,Synthetic
102.12,17.79,16.76,44.45,0,0,Synthetic
200.03,3.53,26.37,57.97,0,0,Synthetic
299.15,14.59,26.55,55.71,0,0,Synthetic
826.66,137.3,56.09,15.04,1,2,Synthetic
1285.41,51.17,40.37,58.35,0,2,Synthetic
180.89,12.25,19.69,57.18,0,0,Synthetic
531.9,48.06,36.42,81.84,0,1,Synthetic
476.21,62.0,62.59,75.41,0,2,Synthetic
378.32,53.59,47.8,65.81,0,1,Synthetic
564.23,41.44,27.51,76.8,0,0,Synthetic
153.63,9.88,25.13,64.76,0,0,Synthetic
10.45,10.28,16.11,48.48,0,0,Synthetic
205.96,23.25,22.52,33.51,0,0,Synthetic
523.74,44.87,31.78,65.19,0,0,Synthetic
221.26,0.0,29.14,54.93,0,0,Synthetic
147.72,21.27,27.89,61.45,0,0,Synthetic
212.84,25.0,23.94,61.59,0,0,Synthetic
204.64,25.49,18.8,45.01,0,0,Synthetic
264.66,15.3,25.66,34.21,0,0,Synthetic
561.97,109.69,53.01,14.32,1,2,Synthetic
249.2,73.26,29.25,49.66,0,0,Synthetic
38.99,18.62,23.54,56.66,0,0,Synthetic
769.41,77.21,57.38,21.98,1,2,Synthetic
193.0,4.34,30.28,55.28,0,0,Synthetic
630.61,16.87,28.8,56.64,0,0,Synthetic
5.84,16.53,22.69,32.57,0,0,Synthetic
950.23,83.18,48.35,29.76,1,2,Synthetic
106.92,30.1,23.57,38.44,0,0,Synthetic
180.9,14.85,26.21,70.88,0,0,Synthetic
307.61,37.2,44.87,83.12,0,0,Synthetic
63.76,16.96,22.55,53.67,0,0,Synthetic
230.41,10.84,26.96,48.84,0,0,Synthetic
178.9,10.39,21.7,66.93,0,0,Synthetic
497.13,14.59,54.2,91.54,0,1,Synthetic
348.61,44.73,44.28,77.21,0,0,Synthetic
266.36,17.08,21.28,85.28,0,0,Synthetic
277.08,22.03,24.64,64.2,0,0,Synthetic
51.6,17.49,23.68,78.38,0,0,Synthetic
456.63,42.94,38.12,78.42,0,0,Synthetic
280.4,39.55,24.95,90.36,0,0,Synthetic
82.24,10.5,24.8,76.88,0,0,Synthetic
1144.93,161.97,50.91,55.81,1,2,Synthetic
182.4,4.22,32.42,37.76,0,0,Synthetic
324.86,75.6,53.74,77.35,0,1,Synthetic
313.39,30.39,41.2,57.34,0,0,Synthetic
316.73,10.74,25.23,58.97,0,0,Synthetic
179.26,6.18,20.84,75.48,0,0,Synthetic
86.88,16.27,24.21,63.82,0,0,Synthetic
882.12,84.79,36.27,45.39,1,2,Synthetic
94.16,21.54,27.06,61.57,0,0,Synthetic
76.12,5.79,29.08,57.95,0,0,Synthetic
685.26,184.38,53.61,39.27,1,2,Synthetic
144.79,21.43,23.71,59.21,0,0,Synthetic
1214.92,68.59,34.2,50.21,0,1,Synthetic
112.09,3.12,19.45,45.15,0,0,Synthetic
266.45,26.13,25.97,70.05,0,0,Synthetic
114.17,19.53,28.34,39.88,0,0,Synthetic
90.8,1.97,23.26,64.93,0,0,Synthetic
34.26,23.1,25.04,81.57,0,0,Synthetic
138.64,16.33,21.51,60.78,0,0,Synthetic
110.91,3.82,20.3,46.82,0,0,Synthetic
251.57,19.73,20.28,65.2,0,0,Synthetic
148.33,3.65,27.78,55.76,0,0,Synthetic
182.12,15.76,41.3,47.98,0,0,Synthetic
169.95,11.89,25.98,39.36,0,0,Synthetic
6.07,15.38,29.97,50.16,0,0,Synthetic
650.66,62.55,57.58,15.55,1,2,Synthetic
223.03,18.58,18.84,32.39,0,0,Synthetic
189.25,21.32,25.92,51.72,0,0,Synthetic
409.2,43.93,36.65,71.87,0,0,Synthetic
440.56,35.51,51.58,66.29,0,1,Synthetic
77.95,12.97,29.3,56.16,0,0,Synthetic
168.48,0.0,26.91,38.27,0,0,Synthetic
217.83,45.21,53.58,73.62,0,0,Synthetic
305.68,13.69,47.14,51.32,0,0,Synthetic
93.18,7.67,17.06,46.39,0,0,Synthetic
153.01,41.49,20.64,62.19,0,0,Synthetic
359.85,69.61,58.42,65.42,0,1,Synthetic
395.63,38.79,39.4,97.93,0,0,Synthetic
87.13,2.44,21.9,44.14,0,0,Synthetic
613.56,49.75,40.64,60.82,0,1,Synthetic
251.78,3.45,33.81,52.94,0,0,Synthetic
257.47,54.28,29.65,63.59,0,0,Synthetic
0.0,24.41,34.59,57.95,0,0,Synthetic
277.29,7.99,35.77,56.58,0,0,Synthetic
15.96,19.17,25.72,38.81,0,0,Synthetic
410.54,34.08,28.0,60.37,0,0,Synthetic
132.49,20.3,26.5,90.62,0,0,Synthetic
590.33,41.68,31.89,71.68,0,0,Synthetic
466.38,147.84,26.9,47.28,0,1,Synthetic
438.96,35.36,42.66,65.44,0,0,Synthetic
54.58,30.43,21.08,23.7,0,0,Synthetic
119.67,13.92,12.7,37.36,0,0,Synthetic
97.45,11.93,26.31,61.08,0,0,Synthetic
222.8,14.63,17.83,53.5,0,0,Synthetic
296.21,13.6,25.08,69.48,0,0,Synthetic
177.65,22.78,28.78,88.9,0,0,Synthetic
87.32,3.42,24.47,78.22,0,0,Synthetic
206.22,28.16,41.11,54.88,0,0,Synthetic
223.94,33.22,31.94,57.66,0,0,Synthetic
278.01,51.13,36.56,58.97,0,0,Synthetic
305.66,8.35,23.24,57.61,0,0,Synthetic
383.5,50.18,34.35,82.05,0,0,Synthetic
128.48,27.19,30.76,65.97,0,0,Synthetic
193.53,40.87,45.67,48.19,0,0,Synthetic
144.65,16.99,32.25,63.66,0,0,Synthetic
340.16,21.96,18.95,60.83,0,0,Synthetic
65.53,20.84,24.11,41.69,0,0,Synthetic
88.35,7.25,27.68,61.3,0,0,Synthetic
180.11,19.56,29.97,52.7,0,0,Synthetic
186.27,9.85,30.05,82.76,0,0,Synthetic
162.45,29.72,21.12,51.58,0,0,Synthetic
76.95,19.05,33.52,70.28,0,0,Synthetic
206.72,19.72,27.15,55.52,0,0,Synthetic
188.53,19.06,25.93,61.88,0,0,Synthetic
124.85,8.77,21.34,51.56,0,0,Synthetic
503.92,25.65,36.55,52.96,0,0,Synthetic
3.48,21.77,17.92,30.97,0,0,Synthetic
347.05,10.03,45.92,60.71,0,0,Synthetic
192.92,10.73,34.78,76.64,0,0,Synthetic
136.6,22.9,27.5,76.46,0,0,Synthetic
255.73,2.92,27.01,48.85,0,0,Synthetic
122.25,19.32,22.24,46.92,0,0,Synthetic
255.11,76.51,35.43,70.63,0,0,Synthetic
234.83,3.47,20.82,41.04,0,0,Synthetic
161.93,1.76,31.87,76.57,0,0,Synthetic
179.65,15.81,23.2,66.72,0,0,Synthetic
191.76,22.64,14.99,84.55,0,0,Synthetic
325.29,53.59,56.48,81.06,0,1,Synthetic
282.79,12.71,22.03,55.93,0,0,Synthetic
242.13,58.56,20.99,60.26,0,0,Synthetic
440.83,51.89,33.99,74.09,0,0,Synthetic
612.33,16.39,25.14,72.68,0,0,Synthetic
150.68,18.6,25.59,44.9,0,0,Synthetic
25.36,20.98,39.36,39.1,0,0,Synthetic
55.75,3.82,21.78,44.36,0,0,Synthetic
212.16,10.73,30.83,38.69,0,0,Synthetic
104.35,11.14,22.99,28.17,0,0,Synthetic
197.62,13.19,32.18,43.12,0,0,Synthetic
286.35,62.43,24.85,58.23,0,0,Synthetic
171.8,21.45,33.47,56.89,0,0,Synthetic
155.1,9.53,30.56,74.15,0,0,Synthetic
357.77,86.23,29.25,57.03,0,0,Synthetic
243.92,12.83,19.07,35.92,0,0,Synthetic
237.88,9.22,28.22,68.88,0,0,Synthetic
256.15,23.2,20.37,51.64,0,0,Synthetic
81.04,5.95,19.38,44.15,0,0,Synthetic
281.86,6.6,27.83,35.56,0,0,Synthetic
64.38,14.89,19.78,47.51,0,0,Synthetic
250.29,10.72,25.1,60.41,0,0,Synthetic
1021.02,122.56,35.99,50.78,0,2,Synthetic
177.71,7.03,29.93,72.48,0,0,Synthetic
338.72,19.54,40.9,71.99,0,0,Synthetic
54.7,11.29,21.43,44.61,0,0,Synthetic
126.68,5.1,22.86,52.16,0,0,Synthetic
19.1,9.63,25.51,41.12,0,0,Synthetic
183.91,6.33,25.29,48.95,0,0,Synthetic
474.79,52.5,27.87,58.52,0,0,Synthetic
260.1,10.37,16.44,48.29,0,0,Synthetic
294.43,14.85,22.76,50.07,0,0,Synthetic
204.76,17.03,21.19,43.33,0,0,Synthetic
279.47,14.43,23.55,63.17,0,0,Synthetic
342.4,36.07,40.41,59.86,0,0,Synthetic
44.17,15.34,24.89,56.97,0,0,Synthetic
179.99,16.52,35.67,92.64,0,0,Synthetic
68.3,22.33,30.06,54.88,0,0,Synthetic
426.56,29.22,27.99,68.33,0,0,Synthetic
143.73,33.05,26.7,59.19,0,0,Synthetic
96.34,0.0,25.74,34.81,0,0,Synthetic
189.06,17.12,25.52,53.99,0,0,Synthetic
345.24,35.74,52.0,73.31,0,1,Synthetic
349.91,89.91,27.41,58.88,0,1,Synthetic
459.53,35.18,36.18,80.05,0,0,Synthetic
116.65,21.79,24.8,54.79,0,0,Synthetic
214.13,7.87,25.22,73.84,0,0,Synthetic
385.65,34.45,44.09,78.56,0,0,Synthetic
209.38,23.46,31.48,54.04,0,0,Synthetic
181.61,20.92,23.79,63.79,0,0,Synthetic
227.7,4.43,26.65,64.5,0,0,Synthetic
334.4,34.01,51.2,75.86,0,1,Synthetic
355.47,82.85,23.81,61.58,0,0,Synthetic
196.54,11.69,28.99,68.28,0,0,Synthetic
1147.42,179.01,50.23,87.97,0,2,Synthetic
227.59,9.16,23.06,53.27,0,0,Synthetic
129.49,10.67,26.64,41.23,0,0,Synthetic
265.26,28.16,46.25,60.02,0,0,Synthetic
375.45,30.62,61.01,80.31,0,1,Synthetic
160.49,19.29,36.17,66.23,0,0,Synthetic
203.09,22.27,22.91,56.91,0,0,Synthetic
269.43,14.48,34.71,87.68,0,0,Synthetic
292.64,8.99,26.74,59.56,0,0,Synthetic
34.69,17.97,31.46,28.59,0,0,Synthetic
241.0,16.43,22.89,31.39,0,0,Synthetic
284.15,14.11,29.57,61.07,0,0,Synthetic
269.07,11.51,33.38,63.53,0,0,Synthetic
269.91,13.09,20.81,69.36,0,0,Synthetic
56.43,23.49,24.64,65.74,0,0,Synthetic
517.44,33.33,25.13,51.45,0,0,Synthetic
159.68,10.64,22.12,38.85,0,0,Synthetic
57.22,4.13,14.45,20.37,0,0,Synthetic
159.46,14.26,17.64,43.1,0,0,Synthetic
24.97,17.35,31.49,47.72,0,0,Synthetic
188.31,23.83,29.72,68.83,0,0,Synthetic
161.1,17.77,28.18,42.46,0,0,Synthetic
80.98,4.54,20.8,57.36,0,0,Synthetic
445.34,42.32,31.02,66.62,0,0,Synthetic
121.06,5.71,22.07,87.97,0,0,Synthetic
143.67,21.78,20.22,55.21,0,0,Synthetic
161.68,10.49,20.45,70.48,0,0,Synthetic
274.8,8.2,24.69,48.1,0,0,Synthetic
156.8,25.66,26.4,59.55,0,0,Synthetic
215.04,0.0,22.52,85.94,0,0,Synthetic
128.33,30.46,20.48,52.21,0,0,Synthetic
123.36,11.76,27.18,77.39,0,0,Synthetic
295.4,60.88,23.26,56.95,0,0,Synthetic
48.37,15.3,26.64,46.4,0,0,Synthetic
580.6,34.63,37.5,55.76,0,1,Synthetic
231.15,26.56,22.28,85.27,0,0,Synthetic
90.73,8.6,25.45,52.7,0,0,Synthetic
154.51,5.78,23.19,56.15,0,0,Synthetic
166.68,11.89,24.01,41.63,0,0,Synthetic
60.29,14.72,19.13,50.13,0,0,Synthetic
401.21,234.98,30.5,40.56,0,1,Synthetic
181.13,15.89,26.02,69.39,0,0,Synthetic
328.63,33.12,45.14,67.04,0,0,Synthetic
290.15,13.32,19.81,68.25,0,0,Synthetic
126.79,19.48,23.69,88.64,0,0,Synthetic
127.34,21.07,25.96,52.63,0,0,Synthetic
422.95,48.58,26.68,68.25,0,0,Synthetic
152.89,2.5,28.19,65.25,0,0,Synthetic
375.5,14.18,42.34,51.59,0,0,Synthetic
255.82,15.15,33.04,67.94,0,0,Synthetic
11.0,24.86,27.07,55.28,0,0,Synthetic
123.44,20.57,25.27,75.93,0,0,Synthetic
530.48,45.43,24.96,48.04,0,0,Synthetic
148.26,2.87,23.84,72.35,0,0,Synthetic
395.44,40.37,50.23,78.93,0,1,Synthetic
146.67,22.43,26.62,93.05,0,0,Synthetic
0.0,0.0,19.14,50.79,0,0,Synthetic
259.57,4.56,19.24,38.59,0,0,Synthetic
440.02,38.52,38.72,76.89,0,0,Synthetic
315.47,27.35,39.49,88.33,0,0,Synthetic
183.59,8.73,24.49,55.2,0,0,Synthetic
90.88,13.52,30.12,25.09,0,0,Synthetic
375.51,51.52,49.25,67.49,0,1,Synthetic
37.37,23.86,23.21,58.93,0,0,Synthetic
304.19,82.26,25.91,46.95,0,0,Synthetic
424.23,44.82,38.59,85.64,0,0,Synthetic
237.22,75.52,25.56,72.27,0,0,Synthetic
96.32,0.0,17.3,73.67,0,0,Synthetic
727.36,92.73,52.4,52.66,1,2,Synthetic
3.24,16.4,25.59,65.46,0,0,Synthetic
176.9,8.32,29.32,57.82,0,0,Synthetic
273.06,18.93,18.56,53.39,0,0,Synthetic
68.93,1.19,32.97,55.48,0,0,Synthetic
146.15,18.3,25.16,73.12,0,0,Synthetic
188.56,74.19,28.87,55.75,0,0,Synthetic
194.44,18.76,18.61,82.25,0,0,Synthetic
212.55,22.1,46.6,73.14,0,0,Synthetic
801.59,156.7,53.35,86.85,0,2,Synthetic
223.17,19.91,24.44,92.05,0,0,Synthetic
120.64,22.91,26.51,66.74,0,0,Synthetic
254.49,35.02,42.35,65.79,0,0,Synthetic
216.03,10.66,21.4,76.8,0,0,Synthetic
130.89,9.95,25.18,53.45,0,0,Synthetic
179.26,19.13,32.69,53.38,0,0,Synthetic
482.98,32.19,35.92,55.3,0,0,Synthetic
902.22,59.23,28.68,77.19,0,1,Synthetic
265.12,33.05,37.19,59.54,0,0,Synthetic
216.21,2.87,26.53,43.41,0,0,Synthetic
393.2,29.33,40.8,56.98,0,0,Synthetic
116.14,8.49,22.33,53.9,0,0,Synthetic
14.78,8.78,25.81,76.07,0,0,Synthetic
371.17,58.26,39.96,75.7,0,1,Synthetic
453.43,196.68,28.5,49.3,0,1,Synthetic
223.46,10.24,18.26,65.74,0,0,Synthetic
317.33,96.5,30.1,63.64,0,0,Synthetic
229.47,13.93,29.77,98.9,0,0,Synthetic
133.75,23.99,25.88,55.93,0,0,Synthetic
181.81,17.97,29.6,88.83,0,0,Synthetic
1118.79,82.06,35.94,61.57,0,2,Synthetic
95.87,22.05,24.8,48.44,0,0,Synthetic
266.94,1.23,30.71,62.23,0,0,Synthetic
252.78,18.23,43.17,54.47,0,0,Synthetic
612.13,151.99,74.33,14.42,1,2,Synthetic
414.96,27.14,51.35,87.45,0,1,Synthetic
151.05,9.74,18.95,48.9,0,0,Synthetic
474.77,40.39,35.74,54.81,0,0,Synthetic
886.04,50.07,36.85,67.64,0,1,Synthetic
243.03,8.35,25.46,51.77,0,0,Synthetic
330.64,18.15,29.45,51.76,0,0,Synthetic
113.98,22.99,38.76,77.74,0,0,Synthetic
506.53,58.13,43.27,72.12,0,1,Synthetic
44.06,9.21,24.92,77.9,0,0,Synthetic
244.73,22.03,30.65,68.65,0,0,Synthetic
161.46,25.51,31.75,85.6,0,0,Synthetic
307.96,8.69,23.32,40.79,0,0,Synthetic
452.29,112.87,34.25,70.9,0,1,Synthetic
380.73,45.04,36.1,62.09,0,0,Synthetic
670.57,96.58,40.87,66.93,0,2,Synthetic
50.59,0.0,27.93,44.33,0,0,Synthetic
203.6,17.86,30.5,80.01,0,0,Synthetic
176.11,8.75,43.94,56.85,0,0,Synthetic
161.91,15.84,25.18,50.42,0,0,Synthetic
275.07,20.54,20.81,79.92,0,0,Synthetic
214.96,7.99,24.51,45.7,0,0,Synthetic
174.85,24.35,28.24,58.38,0,0,Synthetic
413.15,57.96,40.3,76.57,0,0,Synthetic
268.18,34.08,18.69,68.33,0,0,Synthetic
81.75,10.28,25.88,55.2,0,0,Synthetic
266.07,40.61,31.85,41.76,0,0,Synthetic
866.96,182.14,50.79,58.0,1,2,Synthetic
202.47,17.06,20.74,64.92,0,0,Synthetic
69.53,9.41,21.68,58.67,0,0,Synthetic
161.06,17.33,20.38,52.26,0,0,Synthetic
233.41,2.94,33.86,54.96,0,0,Synthetic
210.35,7.12,19.4,39.4,0,0,Synthetic
176.64,27.24,28.45,77.45,0,0,Synthetic
533.11,35.21,49.3,82.09,0,1,Synthetic
387.06,51.4,35.66,81.4,0,0,Synthetic
240.48,11.6,18.73,47.76,0,0,Synthetic
149.6,29.19,23.95,92.29,0,0,Synthetic
131.24,3.56,22.37,65.93,0,0,Synthetic
307.82,31.43,45.59,74.39,0,0,Synthetic
166.78,11.0,25.91,70.05,0,0,Synthetic
265.91,27.11,22.35,34.79,0,0,Synthetic
41.9,10.61,16.15,56.55,0,0,Synthetic
115.84,2.64,25.28,47.4,0,0,Synthetic
276.44,7.2,21.47,53.53,0,0,Synthetic
245.95,17.54,24.59,50.88,0,0,Synthetic
120.06,9.68,25.68,45.9,0,0,Synthetic
117.19,20.17,20.67,32.74,0,0,Synthetic
134.47,0.47,26.83,75.29,0,0,Synthetic
180.0,20.4,34.03,83.41,0,0,Synthetic
160.51,18.56,26.3,49.43,0,0,Synthetic
144.4,19.24,23.04,47.46,0,0,Synthetic
1193.75,88.21,26.45,47.75,0,1,Synthetic
212.95,26.09,26.53,61.71,0,0,Synthetic
10.14,6.43,23.8,34.85,0,0,Synthetic
806.42,164.5,48.88,33.76,1,2,Synthetic
303.05,15.51,25.41,38.26,0,0,Synthetic
261.77,13.97,30.32,89.71,0,0,Synthetic
226.46,8.67,21.24,40.72,0,0,Synthetic
295.77,71.51,41.04,40.82,0,0,Synthetic
121.88,10.17,28.08,84.68,0,0,Synthetic
189.48,17.46,20.27,55.59,0,0,Synthetic
186.26,19.1,23.92,68.68,0,0,Synthetic
91.64,28.5,30.8,58.54,0,0,Synthetic
549.57,52.66,26.45,44.79,0,0,Synthetic
164.1,18.26,29.66,53.21,0,0,Synthetic
689.21,123.1,53.45,21.04,1,2,Synthetic
505.25,40.91,34.92,74.1,0,0,Synthetic
1115.69,49.39,39.69,76.29,0,2,Synthetic
549.48,156.31,62.41,48.46,1,2,Synthetic
232.92,22.18,30.05,76.07,0,0,Synthetic
176.84,22.24,25.5,42.71,0,0,Synthetic
79.31,16.95,30.08,45.97,0,0,Synthetic
281.5,11.6,26.72,62.3,0,0,Synthetic
230.28,11.78,30.3,67.27,0,0,Synthetic
193.72,30.01,18.08,57.55,0,0,Synthetic
458.07,204.06,29.85,52.72,0,1,Synthetic
206.73,19.6,29.1,51.44,0,0,Synthetic
0.0,19.33,19.89,46.33,0,0,Synthetic
323.55,16.11,30.2,83.76,0,0,Synthetic
422.79,40.93,40.36,82.46,0,0,Synthetic
229.19,10.48,30.9,39.71,0,0,Synthetic
159.18,1.21,21.76,44.38,0,0,Synthetic
84.97,25.54,20.14,64.4,0,0,Synthetic
153.91,9.13,29.0,56.86,0,0,Synthetic
88.59,28.34,26.44,39.51,0,0,Synthetic
556.75,28.78,38.63,63.27,0,0,Synthetic
342.51,18.94,20.08,70.43,0,0,Synthetic
69.42,13.4,31.01,50.18,0,0,Synthetic
210.44,22.56,25.5,69.06,0,0,Synthetic
150.4,9.52,23.73,44.39,0,0,Synthetic
541.27,181.51,34.83,50.55,0,1,Synthetic
177.08,25.68,29.84,86.24,0,0,Synthetic
195.94,18.1,32.0,78.52,0,0,Synthetic
394.26,14.51,54.02,81.85,0,1,Synthetic
112.98,1.74,25.52,66.74,0,0,Synthetic
420.89,40.2,34.86,81.84,0,0,Synthetic
949.86,70.0,30.48,52.88,0,1,Synthetic
211.59,2.61,14.43,83.79,0,0,Synthetic
122.89,7.2,27.89,75.56,0,0,Synthetic
221.93,6.1,29.14,42.21,0,0,Synthetic
450.97,10.16,41.75,63.29,0,0,Synthetic
200.36,14.84,24.35,72.26,0,0,Synthetic
409.26,21.41,30.94,55.17,0,0,Synthetic
261.89,19.66,21.79,79.72,0,0,Synthetic
466.16,34.2,33.37,58.47,0,0,Synthetic
89.79,5.97,14.67,58.45,0,0,Synthetic
298.19,22.48,32.07,96.68,0,0,Synthetic
384.4,39.19,62.01,62.36,0,1,Synthetic
189.55,23.74,24.31,70.74,0,0,Synthetic
370.26,26.3,32.89,51.53,0,0,Synthetic
224.99,16.65,29.12,67.98,0,0,Synthetic
143.82,6.93,28.08,68.7,0,0,Synthetic
262.81,20.54,23.75,77.58,0,0,Synthetic
101.48,26.74,22.2,56.25,0,0,Synthetic
502.19,36.36,29.02,63.27,0,0,Synthetic
137.34,0.73,25.62,38.45,0,0,Synthetic
43.47,20.42,29.42,30.94,0,0,Synthetic
137.43,1.24,29.13,50.97,0,0,Synthetic
261.91,1.31,30.15,59.04,0,0,Synthetic
187.1,29.21,22.09,42.71,0,0,Synthetic
89.12,4.78,26.3,61.75,0,0,Synthetic
357.65,72.52,29.68,52.06,0,0,Synthetic
92.64,32.46,28.09,66.22,0,0,Synthetic
470.74,160.07,32.66,46.48,0,1,Synthetic
348.1,76.58,30.78,46.08,0,0,Synthetic
369.75,41.52,53.63,65.71,0,1,Synthetic
253.06,2.78,21.41,48.26,0,0,Synthetic
191.29,0.0,35.22,45.15,0,0,Synthetic
1103.5,119.26,47.29,62.28,0,2,Synthetic
134.6,0.0,27.78,54.19,0,0,Synthetic
106.49,9.49,21.92,41.9,0,0,Synthetic
160.34,15.66,24.05,76.13,0,0,Synthetic
310.8,7.5,23.87,80.72,0,0,Synthetic
235.88,15.01,23.33,92.5,0,0,Synthetic
333.94,9.6,36.1,43.3,0,0,Synthetic
78.2,22.11,25.61,63.87,0,0,Synthetic
109.02,3.86,19.57,72.63,0,0,Synthetic
43.88,0.0,28.25,63.27,0,0,Synthetic
228.18,22.67,31.22,19.76,0,0,Synthetic
122.83,12.96,23.93,36.73,0,0,Synthetic
243.89,13.64,27.61,94.09,0,0,Synthetic
407.45,43.63,40.14,80.25,0,0,Synthetic
296.65,44.91,31.56,58.42,0,0,Synthetic
151.88,8.97,20.87,36.99,0,0,Synthetic
127.11,9.97,27.63,36.74,0,0,Synthetic
84.51,19.0,18.22,54.8,0,0,Synthetic
458.67,39.05,21.76,69.87,0,0,Synthetic
288.64,37.57,40.33,62.15,0,0,Synthetic
138.54,7.25,31.75,52.85,0,0,Synthetic
104.95,32.53,27.17,43.35,0,0,Synthetic
64.15,12.82,22.71,68.72,0,0,Synthetic
270.58,15.28,31.44,36.99,0,0,Synthetic
1143.22,21.21,36.33,53.45,0,1,Synthetic
74.45,21.0,28.78,81.82,0,0,Synthetic
331.38,21.83,36.4,81.39,0,0,Synthetic
50.18,2.47,23.43,74.25,0,0,Synthetic
219.84,5.19,20.61,48.8,0,0,Synthetic
331.35,50.81,28.98,59.98,0,0,Synthetic
179.49,20.84,33.46,36.21,0,0,Synthetic
400.4,111.96,23.9,48.92,0,1,Synthetic
129.24,4.83,41.83,34.69,0,0,Synthetic
165.21,3.11,20.13,66.82,0,0,Synthetic
72.58,4.95,22.22,50.31,0,0,Synthetic
7.09,30.45,27.61,69.19,0,0,Synthetic
258.56,157.99,42.52,58.17,0,1,Synthetic
457.1,57.4,39.35,75.28,0,1,Synthetic
196.22,4.52,22.88,79.15,0,0,Synthetic
88.94,28.69,22.73,54.14,0,0,Synthetic
197.52,0.22,28.65,46.52,0,0,Synthetic
309.46,13.95,31.31,47.49,0,0,Synthetic
461.59,35.76,27.34,56.8,0,0,Synthetic
166.35,16.4,29.79,63.04,0,0,Synthetic
133.32,1.66,24.4,57.09,0,0,Synthetic
83.98,19.4,28.5,75.03,0,0,Synthetic
119.69,6.19,23.66,79.19,0,0,Synthetic
90.13,27.56,22.59,48.85,0,0,Synthetic
217.91,9.94,25.08,41.89,0,0,Synthetic
23.52,8.07,15.43,63.61,0,0,Synthetic
314.39,33.32,45.88,78.18,0,0,Synthetic
243.5,26.0,21.56,47.77,0,0,Synthetic
405.69,44.45,34.99,76.45,0,0,Synthetic
63.26,26.98,23.65,51.92,0,0,Synthetic
154.13,31.15,26.82,86.96,0,0,Synthetic
904.3,131.64,45.45,50.0,0,2,Synthetic
232.59,6.95,28.5,70.03,0,0,Synthetic
143.92,7.44,34.18,58.92,0,0,Synthetic
105.9,16.61,26.84,48.05,0,0,Synthetic
363.41,59.73,41.37,78.64,0,0,Synthetic
55.78,17.11,25.54,57.01,0,0,Synthetic
4.27,2.39,26.11,57.34,0,0,Synthetic
253.58,12.62,26.43,53.01,0,0,Synthetic
221.62,18.12,31.18,34.29,0,0,Synthetic
4.43,5.94,30.99,41.73,0,0,Synthetic
211.77,12.3,28.57,65.86,0,0,Synthetic
48.88,19.29,30.78,68.19,0,0,Synthetic
20.97,30.9,24.35,36.84,0,0,Synthetic
443.81,21.98,56.25,79.03,0,1,Synthetic
143.92,17.83,23.04,64.77,0,0,Synthetic
238.06,40.11,48.49,54.77,0,0,Synthetic
875.16,113.44,47.7,89.46,0,2,Synthetic
332.29,26.68,48.77,86.18,0,0,Synthetic
117.6,30.66,33.91,19.89,0,0,Synthetic
456.48,44.16,35.34,61.7,0,0,Synthetic
293.86,6.97,22.35,28.5,0,0,Synthetic
235.03,9.96,19.31,46.39,0,0,Synthetic
1319.21,58.32,33.04,55.77,0,1,Synthetic
683.77,50.87,36.91,52.2,0,1,Synthetic
68.87,7.5,31.73,51.89,0,0,Synthetic
95.74,6.84,30.1,51.71,0,0,Synthetic
179.01,30.84,26.92,93.79,0,0,Synthetic
1242.82,52.04,40.26,58.36,0,2,Synthetic
203.53,15.22,30.29,41.87,0,0,Synthetic
1017.46,188.46,51.09,81.35,0,2,Synthetic
139.52,14.49,30.83,62.38,0,0,Synthetic
384.76,182.07,39.16,68.35,0,1,Synthetic
207.12,0.0,34.03,31.7,0,0,Synthetic
438.79,167.29,51.57,13.08,1,2,Synthetic
125.57,9.97,29.46,49.46,0,0,Synthetic
139.76,18.42,25.28,51.2,0,0,Synthetic
195.49,14.81,26.79,58.36,0,0,Synthetic
378.22,40.79,39.74,69.87,0,0,Synthetic
303.36,62.07,38.23,73.08,0,0,Synthetic
1079.78,76.67,28.32,56.32,0,1,Synthetic
298.5,61.28,49.8,69.43,0,1,Synthetic
158.53,25.06,27.54,71.82,0,0,Synthetic
123.51,12.76,21.82,67.3,0,0,Synthetic
168.21,9.27,20.53,36.54,0,0,Synthetic
195.15,24.09,27.73,77.3,0,0,Synthetic
326.26,18.04,26.56,37.19,0,0,Synthetic
821.73,75.31,37.04,55.05,0,2,Synthetic
260.47,22.78,25.75,57.21,0,0,Synthetic
142.56,28.67,23.09,49.52,0,0,Synthetic
366.39,5.68,22.21,97.24,0,0,Synthetic
67.9,11.83,25.01,75.48,0,0,Synthetic
993.85,130.98,52.79,70.68,0,2,Synthetic
81.75,14.67,27.26,51.13,0,0,Synthetic
277.94,24.88,24.41,46.56,0,0,Synthetic
424.75,45.37,43.51,72.74,0,0,Synthetic
198.05,16.15,29.5,55.91,0,0,Synthetic
255.92,15.0,30.98,43.62,0,0,Synthetic
93.48,2.56,29.19,45.0,0,0,Synthetic
1385.45,35.03,39.57,62.7,0,1,Synthetic
211.29,9.97,25.93,61.44,0,0,Synthetic
808.67,54.06,37.22,56.7,0,1,Synthetic
781.45,93.47,45.95,62.95,0,2,Synthetic
916.8,88.79,41.32,53.17,0,2,Synthetic
704.42,102.35,35.18,60.55,0,2,Synthetic
857.93,16.89,38.14,78.58,0,1,Synthetic
66.58,18.85,24.62,45.16,0,0,Synthetic
16.84,18.04,27.02,74.92,0,0,Synthetic
155.53,14.9,24.96,67.77,0,0,Synthetic
955.1,138.43,47.27,69.81,0,2,Synthetic
428.93,235.76,26.45,64.25,0,1,Synthetic
495.75,47.94,29.17,62.57,0,0,Synthetic
347.94,162.43,34.54,41.0,0,1,Synthetic
344.95,20.96,49.23,82.77,0,0,Synthetic
152.97,20.04,22.68,57.02,0,0,Synthetic
1351.32,56.12,38.6,75.98,0,2,Synthetic
124.0,22.72,29.31,45.88,0,0,Synthetic
142.67,23.04,27.32,53.39,0,0,Synthetic
227.67,6.22,30.65,46.52,0,0,Synthetic
169.25,9.37,21.67,49.26,0,0,Synthetic
409.63,51.43,33.85,73.04,0,0,Synthetic
798.15,71.81,41.38,54.73,0,2,Synthetic
251.14,30.25,40.53,51.0,0,0,Synthetic
714.23,140.02,54.54,29.58,1,2,Synthetic
291.05,14.44,26.65,48.26,0,0,Synthetic
329.79,42.3,42.03,73.03,0,0,Synthetic
69.76,4.09,16.4,58.49,0,0,Synthetic
202.11,0.35,30.92,52.2,0,0,Synthetic
174.51,24.41,24.19,47.17,0,0,Synthetic
356.0,26.67,23.32,67.42,0,0,Synthetic
187.0,65.8,30.48,45.06,0,0,Synthetic
170.37,26.55,21.92,52.15,0,0,Synthetic
122.9,12.82,28.65,53.58,0,0,Synthetic
144.1,6.68,30.79,46.76,0,0,Synthetic
186.19,4.65,31.29,82.13,0,0,Synthetic
407.15,162.89,27.75,52.43,0,1,Synthetic
191.77,7.55,23.9,54.89,0,0,Synthetic
72.11,32.31,20.09,69.68,0,0,Synthetic
230.62,91.32,23.52,54.48,0,0,Synthetic
177.81,0.0,25.78,74.85,0,0,Synthetic
238.03,13.62,28.0,58.16,0,0,Synthetic
160.18,13.02,25.26,76.71,0,0,Synthetic
187.87,5.58,22.73,72.49,0,0,Synthetic
126.42,7.29,21.59,51.61,0,0,Synthetic
28.26,32.71,16.4,39.69,0,0,Synthetic
141.62,3.3,25.16,58.72,0,0,Synthetic
444.48,31.03,28.4,59.6,0,0,Synthetic
203.44,18.17,21.39,62.05,0,0,Synthetic
328.47,53.07,51.29,81.03,0,1,Synthetic
253.82,11.5,30.52,47.38,0,0,Synthetic
117.78,27.55,36.33,79.37,0,0,Synthetic
265.8,5.39,26.78,52.94,0,0,Synthetic
199.38,11.48,20.02,29.4,0,0,Synthetic
510.5,45.73,46.02,69.8,0,1,Synthetic
133.59,17.63,13.73,78.95,0,0,Synthetic
794.12,128.83,57.34,61.55,0,2,Synthetic
175.47,16.19,29.97,30.55,0,0,Synthetic
405.9,153.62,46.23,38.19,0,2,Synthetic
219.12,5.22,25.04,56.07,0,0,Synthetic
299.5,8.66,30.8,31.41,0,0,Synthetic
290.06,34.59,19.91,67.7,0,0,Synthetic
447.55,26.31,34.39,56.03,0,0,Synthetic
233.04,12.5,20.18,48.64,0,0,Synthetic
256.34,25.05,45.63,71.91,0,0,Synthetic
5.6,12.57,29.49,57.03,0,0,Synthetic
123.26,24.75,25.59,59.6,0,0,Synthetic
215.18,7.39,17.06,65.97,0,0,Synthetic
273.35,34.76,26.37,96.24,0,0,Synthetic
1037.02,63.76,28.85,53.32,0,1,Synthetic
202.67,18.05,24.47,49.29,0,0,Synthetic
283.2,22.71,18.13,51.79,0,0,Synthetic
332.82,31.04,45.74,66.16,0,0,Synthetic
114.39,18.36,21.24,76.7,0,0,Synthetic
155.09,7.53,22.5,64.9,0,0,Synthetic
148.85,14.67,25.09,61.81,0,0,Synthetic
226.92,5.79,16.67,52.44,0,0,Synthetic
143.17,5.55,28.57,42.66,0,0,Synthetic
227.39,12.84,26.77,50.65,0,0,Synthetic
267.67,23.53,35.14,63.14,0,0,Synthetic
1096.7,45.64,33.12,64.56,0,1,Synthetic
142.69,22.99,24.19,48.37,0,0,Synthetic
32.93,21.08,24.84,53.99,0,0,Synthetic
319.13,41.97,32.27,48.79,0,0,Synthetic
373.95,55.76,35.38,65.18,0,0,Synthetic
148.21,29.0,15.3,43.45,0,0,Synthetic
69.91,14.73,27.63,44.15,0,0,Synthetic
113.94,2.92,20.73,62.33,0,0,Synthetic
228.35,2.5,22.35,42.42,0,0,Synthetic
242.31,11.89,26.05,27.89,0,0,Synthetic
215.58,23.28,19.5,69.51,0,0,Synthetic
117.5,21.07,24.18,60.79,0,0,Synthetic
139.58,21.02,20.63,62.72,0,0,Synthetic
239.23,19.73,29.72,79.01,0,0,Synthetic
338.55,15.12,26.77,51.81,0,0,Synthetic
676.45,125.6,47.56,59.14,0,2,Synthetic
135.06,21.8,22.47,60.17,0,0,Synthetic
212.23,25.93,22.29,57.83,0,0,Synthetic
238.7,79.65,34.09,67.4,0,0,Synthetic
802.63,80.52,28.58,47.82,0,1,Synthetic
200.25,0.94,22.37,42.37,0,0,Synthetic
399.2,38.43,34.97,71.32,0,0,Synthetic
95.25,17.38,27.77,46.74,0,0,Synthetic
309.84,17.28,34.89,68.93,0,0,Synthetic
221.75,29.17,16.06,91.9,0,0,Synthetic
101.89,8.22,27.79,63.69,0,0,Synthetic
5.16,4.01,24.69,63.55,0,0,Synthetic
71.72,12.91,23.01,81.47,0,0,Synthetic
78.02,13.51,20.24,54.94,0,0,Synthetic
481.15,183.74,34.09,73.88,0,1,Synthetic
176.71,26.57,39.26,89.94,0,0,Synthetic
791.58,246.79,49.04,46.48,1,2,Synthetic
193.97,11.84,30.65,61.51,0,0,Synthetic
133.76,5.14,17.73,50.2,0,0,Synthetic
122.21,27.24,32.85,46.5,0,0,Synthetic
938.19,86.51,52.05,74.99,0,2,Synthetic
247.12,9.12,25.95,55.75,0,0,Synthetic
219.8,10.56,26.29,62.67,0,0,Synthetic
49.74,20.96,31.92,84.59,0,0,Synthetic
285.23,22.0,43.15,71.01,0,0,Synthetic
876.42,108.33,31.98,51.91,0,2,Synthetic
143.92,17.19,29.6,60.49,0,0,Synthetic
338.84,196.93,33.17,62.86,0,1,Synthetic
99.87,25.53,23.09,64.52,0,0,Synthetic
146.74,14.29,31.52,45.92,0,0,Synthetic
331.03,84.56,36.05,59.49,0,1,Synthetic
408.79,37.65,39.0,76.3,0,0,Synthetic
392.77,55.56,34.56,63.46,0,0,Synthetic
916.27,98.71,48.98,55.28,1,2,Synthetic
337.8,39.66,42.67,90.91,0,0,Synthetic
190.34,18.78,21.06,57.41,0,0,Synthetic
69.38,35.57,26.44,52.89,0,0,Synthetic
151.41,6.69,27.68,66.26,0,0,Synthetic
242.22,29.11,27.46,88.46,0,0,Synthetic
211.46,44.01,54.64,69.68,0,0,Synthetic
193.3,10.17,30.31,64.51,0,0,Synthetic
122.64,15.31,27.47,59.12,0,0,Synthetic
172.4,4.43,28.41,55.59,0,0,Synthetic
198.38,1.28,26.48,42.8,0,0,Synthetic
158.91,21.88,23.58,74.87,0,0,Synthetic
197.01,16.18,21.0,46.42,0,0,Synthetic
61.46,20.49,25.75,42.71,0,0,Synthetic
83.59,16.84,18.47,45.4,0,0,Synthetic
106.85,17.19,21.32,55.71,0,0,Synthetic
405.64,6.64,25.42,68.23,0,0,Synthetic
162.56,15.86,20.84,22.82,0,0,Synthetic
958.95,90.76,39.9,73.53,0,2,Synthetic
43.93,13.45,18.12,51.7,0,0,Synthetic
222.59,153.76,29.0,44.87,0,1,Synthetic
18.2,6.85,21.44,65.89,0,0,Synthetic
593.88,32.1,28.73,62.42,0,0,Synthetic
108.2,28.48,33.12,49.35,0,0,Synthetic
332.63,29.88,45.74,58.45,0,0,Synthetic
180.86,8.49,27.68,75.17,0,0,Synthetic
252.76,13.59,20.69,68.6,0,0,Synthetic
752.58,118.53,52.29,44.12,1,2,Synthetic
452.9,36.04,35.86,76.29,0,0,Synthetic
223.99,23.3,25.76,74.15,0,0,Synthetic
270.74,10.5,27.22,49.64,0,0,Synthetic
59.87,24.17,26.03,52.65,0,0,Synthetic
164.93,19.55,26.76,49.67,0,0,Synthetic
159.26,23.56,22.2,83.13,0,0,Synthetic
167.67,20.14,24.81,59.03,0,0,Synthetic
45.01,22.5,25.02,53.35,0,0,Synthetic
168.2,31.18,29.69,46.58,0,0,Synthetic
295.5,7.9,24.2,57.76,0,0,Synthetic
177.53,13.15,34.83,94.82,0,0,Synthetic
289.16,73.26,35.32,75.95,0,0,Synthetic
117.06,10.53,28.08,45.38,0,0,Synthetic
101.09,26.74,30.16,44.97,0,0,Synthetic
237.45,7.66,20.38,44.47,0,0,Synthetic
115.93,1.03,29.48,49.26,0,0,Synthetic
221.97,4.73,28.67,45.83,0,0,Synthetic
997.68,154.95,46.04,81.53,0,2,Synthetic
342.83,174.39,42.54,53.0,0,1,Synthetic
242.62,6.87,33.22,45.84,0,0,Synthetic
1155.08,57.86,36.35,83.82,0,2,Synthetic
988.0,141.66,40.83,70.36,0,2,Synthetic
121.21,11.34,28.59,36.34,0,0,Synthetic
519.06,33.77,37.21,64.24,0,0,Synthetic
235.89,22.06,28.59,46.16,0,0,Synthetic
135.72,18.52,34.86,63.55,0,0,Synthetic
236.19,26.37,25.48,58.2,0,0,Synthetic
123.81,24.74,25.7,29.91,0,0,Synthetic
418.21,41.29,41.04,61.52,0,0,Synthetic
93.28,2.07,27.68,64.9,0,0,Synthetic
237.7,8.68,19.58,48.79,0,0,Synthetic
76.77,24.23,24.4,37.9,0,0,Synthetic
138.21,18.93,25.2,59.34,0,0,Synthetic
404.59,61.06,34.87,63.73,0,0,Synthetic
163.31,15.93,22.2,66.02,0,0,Synthetic
933.98,155.05,56.13,81.05,0,2,Synthetic
806.59,66.69,35.16,46.61,0,1,Synthetic
259.48,2.61,25.25,27.15,0,0,Synthetic
983.25,156.74,67.57,87.21,0,2,Synthetic
74.18,17.72,24.28,66.59,0,0,Synthetic
150.55,7.41,29.76,54.14,0,0,Synthetic
258.35,13.0,21.0,30.18,0,0,Synthetic
429.13,30.49,38.77,83.02,0,0,Synthetic
151.54,18.23,21.28,63.73,0,0,Synthetic
129.08,2.89,21.09,47.72,0,0,Synthetic
98.81,15.27,26.1,37.73,0,0,Synthetic
264.77,7.09,18.38,64.81,0,0,Synthetic
293.89,62.61,33.55,70.56,0,0,Synthetic
140.79,1.6,27.17,51.74,0,0,Synthetic
179.67,4.32,21.74,48.69,0,0,Synthetic
224.16,9.05,32.31,89.26,0,0,Synthetic
954.4,152.17,44.45,70.83,0,2,Synthetic
174.22,0.0,19.97,60.95,0,0,Synthetic
204.79,25.83,32.54,75.68,0,0,Synthetic
1059.84,19.61,28.94,48.17,0,1,Synthetic
115.6,18.64,34.31,47.04,0,0,Synthetic
772.4,39.12,31.12,52.0,0,1,Synthetic
1089.03,143.22,51.73,77.14,0,2,Synthetic
1004.09,112.77,53.19,44.09,0,2,Synthetic
141.91,34.41,28.32,56.46,0,0,Synthetic
373.68,36.99,53.27,92.38,0,1,Synthetic
370.6,51.41,37.85,81.77,0,0,Synthetic
91.75,1.05,27.41,54.61,0,0,Synthetic
29.52,24.34,31.29,58.76,0,0,Synthetic
378.41,63.02,39.3,82.96,0,1,Synthetic
118.65,22.17,21.87,50.25,0,0,Synthetic
91.27,0.7,29.41,52.78,0,0,Synthetic
164.37,9.9,21.48,83.43,0,0,Synthetic
121.13,19.81,32.19,51.5,0,0,Synthetic
146.49,24.05,25.41,78.3,0,0,Synthetic
789.82,58.46,31.32,48.19,0,1,Synthetic
497.19,48.75,34.18,73.89,0,0,Synthetic
207.98,18.32,28.0,41.8,0,0,Synthetic
611.05,47.75,29.32,44.81,0,1,Synthetic
87.88,14.33,30.48,47.86,0,0,Synthetic
84.43,18.39,19.67,43.0,0,0,Synthetic
1007.75,141.17,49.75,62.0,0,2,Synthetic
440.27,133.68,37.05,63.78,0,1,Synthetic
221.63,19.26,26.54,61.82,0,0,Synthetic
419.5,47.09,39.51,74.94,0,0,Synthetic
260.9,9.46,23.15,67.28,0,0,Synthetic
258.23,1.04,27.04,69.25,0,0,Synthetic
128.75,4.83,23.43,64.29,0,0,Synthetic
251.92,96.49,29.2,39.42,0,0,Synthetic
155.39,15.43,18.91,38.59,0,0,Synthetic
47.4,21.87,17.72,45.81,0,0,Synthetic
74.18,19.06,23.76,56.96,0,0,Synthetic
149.32,2.13,25.32,85.68,0,0,Synthetic
283.57,41.21,45.83,66.86,0,0,Synthetic
104.93,30.9,24.99,38.02,0,0,Synthetic
360.36,72.05,52.01,74.25,0,1,Synthetic
80.1,28.34,30.8,61.02,0,0,Synthetic
117.45,12.27,23.57,38.57,0,0,Synthetic
195.35,25.93,29.6,82.18,0,0,Synthetic
174.92,1.94,26.76,56.01,0,0,Synthetic
92.59,30.85,27.81,30.53,0,0,Synthetic
35.69,14.95,34.93,54.07,0,0,Synthetic
255.51,13.43,21.23,77.89,0,0,Synthetic
125.47,14.72,20.08,45.65,0,0,Synthetic
410.2,57.87,31.11,53.88,0,0,Synthetic
324.09,109.78,33.86,54.06,0,1,Synthetic
303.9,0.0,27.15,67.18,0,0,Synthetic
332.3,49.17,35.28,76.91,0,0,Synthetic
395.46,41.65,38.27,77.31,0,0,Synthetic
489.78,47.35,39.33,59.15,0,0,Synthetic
303.03,68.69,29.64,73.52,0,0,Synthetic
312.83,40.06,43.32,74.03,0,0,Synthetic
223.63,18.49,29.81,89.53,0,0,Synthetic
30.26,10.86,20.16,47.75,0,0,Synthetic
890.51,173.97,45.16,74.22,0,2,Synthetic
220.83,15.85,27.87,60.81,0,0,Synthetic
289.03,52.25,26.88,49.1,0,0,Synthetic
202.36,15.74,30.23,73.29,0,0,Synthetic
291.97,18.43,18.14,55.23,0,0,Synthetic
93.73,28.16,23.54,53.96,0,0,Synthetic
176.91,5.99,23.9,40.49,0,0,Synthetic
308.8,51.04,40.86,80.34,0,0,Synthetic
45.49,21.15,20.87,55.09,0,0,Synthetic
261.02,24.63,20.18,67.66,0,0,Synthetic
124.94,8.03,27.64,77.13,0,0,Synthetic
170.79,25.11,24.56,47.88,0,0,Synthetic
449.13,142.81,40.17,37.21,0,1,Synthetic
99.46,17.58,24.43,72.11,0,0,Synthetic
344.4,13.36,28.26,67.05,0,0,Synthetic
424.57,26.82,52.19,82.31,0,1,Synthetic
195.49,13.66,23.31,69.17,0,0,Synthetic
209.2,4.41,23.08,54.97,0,0,Synthetic
454.86,4.48,22.79,60.57,0,0,Synthetic
288.78,14.04,48.29,58.22,0,0,Synthetic
295.35,38.56,45.48,63.22,0,0,Synthetic
162.07,0.0,21.19,62.69,0,0,Synthetic
164.78,29.65,22.53,62.35,0,0,Synthetic
198.98,18.95,23.25,26.95,0,0,Synthetic
276.65,21.92,13.29,58.26,0,0,Synthetic
49.23,15.61,26.17,51.14,0,0,Synthetic
204.48,6.21,24.23,47.17,0,0,Synthetic
100.22,14.92,22.72,56.16,0,0,Synthetic
4.93,13.42,20.76,68.22,0,0,Synthetic
122.32,9.45,35.02,41.46,0,0,Synthetic
71.68,6.23,24.53,49.68,0,0,Synthetic
167.19,17.18,19.94,46.32,0,0,Synthetic
239.57,14.91,29.99,58.9,0,0,Synthetic
157.58,10.05,28.35,63.48,0,0,Synthetic
347.48,12.2,41.11,58.06,0,0,Synthetic
192.72,3.29,17.35,52.42,0,0,Synthetic
79.8,11.46,24.74,64.1,0,0,Synthetic
351.36,38.18,43.53,67.54,0,0,Synthetic
75.14,22.4,32.07,64.56,0,0,Synthetic
211.92,2.88,32.89,67.56,0,0,Synthetic
22.97,7.55,21.92,44.49,0,0,Synthetic
762.61,83.32,62.98,53.76,1,2,Synthetic
4.67,11.77,28.76,61.56,0,0,Synthetic
920.25,177.9,58.6,49.52,0,2,Synthetic
821.1,166.87,47.15,40.91,1,2,Synthetic
150.47,22.59,28.27,45.21,0,0,Synthetic
315.33,15.28,22.64,61.49,0,0,Synthetic
81.49,25.07,26.24,53.41,0,0,Synthetic
183.74,2.95,34.87,55.75,0,0,Synthetic
194.99,2.09,24.61,52.93,0,0,Synthetic
245.53,72.31,32.79,58.7,0,0,Synthetic
161.03,4.59,24.85,26.71,0,0,Synthetic
439.84,50.25,40.18,68.75,0,1,Synthetic
189.6,0.0,26.7,41.19,0,0,Synthetic
165.63,18.06,22.34,88.4,0,0,Synthetic
338.88,10.37,13.59,38.9,0,0,Synthetic
85.51,2.1,30.53,40.64,0,0,Synthetic
281.89,77.55,31.21,54.21,0,0,Synthetic
177.37,13.0,25.66,72.24,0,0,Synthetic
148.38,33.17,26.94,46.64,0,0,Synthetic
481.71,51.21,35.17,50.67,0,0,Synthetic
267.87,74.2,19.79,60.21,0,0,Synthetic
275.85,13.9,23.17,79.06,0,0,Synthetic
29.01,0.0,22.32,44.32,0,0,Synthetic
272.67,98.21,18.34,73.11,0,0,Synthetic
450.19,46.25,34.09,46.5,0,0,Synthetic
100.04,23.2,19.35,56.83,0,0,Synthetic
848.27,125.35,49.07,57.07,0,2,Synthetic
243.58,33.15,51.65,81.01,0,0,Synthetic
350.03,26.09,24.33,81.47,0,0,Synthetic
182.83,9.31,19.52,65.02,0,0,Synthetic
71.36,20.44,35.74,60.67,0,0,Synthetic
276.64,24.08,18.17,43.57,0,0,Synthetic
290.98,12.5,26.47,43.36,0,0,Synthetic
968.42,100.43,30.82,60.26,0,2,Synthetic
343.73,33.32,41.45,56.02,0,0,Synthetic
281.6,13.98,30.68,74.99,0,0,Synthetic
610.73,33.24,33.13,69.46,0,1,Synthetic
436.38,18.6,60.18,55.61,0,1,Synthetic
300.96,14.67,33.82,62.87,0,0,Synthetic
160.27,9.45,32.86,60.02,0,0,Synthetic
318.51,29.88,55.54,72.93,0,0,Synthetic
497.88,22.78,32.93,70.03,0,0,Synthetic
174.59,23.6,26.6,60.49,0,0,Synthetic
2.73,4.03,27.4,80.44,0,0,Synthetic
261.02,17.96,19.69,35.03,0,0,Synthetic
327.41,4.32,26.93,51.32,0,0,Synthetic
181.74,28.37,28.72,50.09,0,0,Synthetic
347.42,20.98,43.88,64.91,0,0,Synthetic
400.71,33.07,23.78,54.76,0,0,Synthetic
455.16,51.1,51.54,75.31,0,1,Synthetic
436.48,41.69,33.6,76.02,0,0,Synthetic
8.95,2.88,27.33,58.53,0,0,Synthetic
96.92,12.77,14.55,37.89,0,0,Synthetic
348.78,18.6,25.94,72.54,0,0,Synthetic
567.09,18.18,32.15,49.14,0,0,Synthetic
229.53,0.0,27.59,45.09,0,0,Synthetic
5.53,16.1,18.54,71.24,0,0,Synthetic
200.22,2.97,22.21,59.54,0,0,Synthetic
10.99,24.9,20.22,50.28,0,0,Synthetic
178.42,19.72,32.14,53.21,0,0,Synthetic
130.72,77.25,27.49,46.24,0,0,Synthetic
0.0,13.7,26.7,79.77,0,0,Synthetic
462.47,162.71,36.31,54.62,0,1,Synthetic
336.06,2.53,24.37,48.55,0,0,Synthetic
183.48,5.21,26.22,39.11,0,0,Synthetic
604.88,170.94,42.49,54.49,0,2,Synthetic
128.68,10.93,22.72,49.19,0,0,Synthetic
300.17,12.15,21.43,45.98,0,0,Synthetic
287.75,1.81,32.01,44.78,0,0,Synthetic
372.76,20.86,45.81,72.55,0,0,Synthetic
196.68,10.87,24.08,53.96,0,0,Synthetic
201.45,30.91,31.83,65.12,0,0,Synthetic
220.25,0.0,21.0,29.98,0,0,Synthetic
41.36,3.49,24.87,70.01,0,0,Synthetic
59.21,12.46,23.74,65.51,0,0,Synthetic
0.0,24.84,21.43,43.99,0,0,Synthetic
118.14,17.19,22.25,57.12,0,0,Synthetic
191.12,15.08,22.74,43.7,0,0,Synthetic
105.73,10.53,24.86,63.44,0,0,Synthetic
166.42,23.31,22.38,76.06,0,0,Synthetic
191.13,6.24,24.48,64.17,0,0,Synthetic
234.8,7.82,24.22,55.17,0,0,Synthetic
153.83,7.69,22.01,53.73,0,0,Synthetic
394.52,12.4,20.65,41.57,0,0,Synthetic
172.45,80.02,28.19,46.31,0,0,Synthetic
937.25,190.39,46.17,89.09,0,2,Synthetic
80.06,10.99,34.1,51.88,0,0,Synthetic
85.75,20.32,32.77,65.72,0,0,Synthetic
262.54,71.43,57.49,81.32,0,1,Synthetic
105.74,8.43,31.42,63.38,0,0,Synthetic
346.24,35.01,43.77,56.33,0,0,Synthetic
131.55,9.66,24.5,51.91,0,0,Synthetic
229.03,44.13,29.17,62.43,0,0,Synthetic
438.66,66.0,35.0,83.56,0,0,Synthetic
505.32,28.59,33.07,62.55,0,0,Synthetic
581.29,47.71,23.58,48.37,0,0,Synthetic
235.44,1.34,27.82,82.14,0,0,Synthetic
217.01,9.43,27.83,61.95,0,0,Synthetic
204.18,18.56,30.95,70.34,0,0,Synthetic
279.63,43.88,53.26,84.26,0,1,Synthetic
264.49,5.68,23.83,77.85,0,0,Synthetic
224.91,10.47,19.65,55.94,0,0,Synthetic
292.08,62.83,30.12,55.07,0,0,Synthetic
271.39,17.68,20.95,48.76,0,0,Synthetic
180.92,17.13,23.12,57.21,0,0,Synthetic
128.48,16.02,29.97,61.59,0,0,Synthetic
260.57,14.54,35.0,80.56,0,0,Synthetic
144.67,27.08,24.0,38.35,0,0,Synthetic
233.2,1.66,25.21,51.28,0,0,Synthetic
249.64,60.33,37.03,72.36,0,0,Synthetic
196.39,3.45,28.09,53.53,0,0,Synthetic
136.52,10.34,20.32,40.28,0,0,Synthetic
284.54,21.19,20.64,46.65,0,0,Synthetic
98.37,22.14,25.01,70.44,0,0,Synthetic
283.03,32.45,43.15,58.31,0,0,Synthetic
266.69,38.76,38.95,58.63,0,0,Synthetic
538.16,22.07,27.17,71.46,0,0,Synthetic
76.08,13.7,27.76,78.77,0,0,Synthetic
439.85,40.22,34.64,73.38,0,0,Synthetic
183.87,14.03,30.97,56.28,0,0,Synthetic
141.08,16.61,22.79,63.86,0,0,Synthetic
25.44,10.4,25.13,54.47,0,0,Synthetic
105.12,16.35,23.7,39.69,0,0,Synthetic
496.8,33.55,33.54,56.44,0,0,Synthetic
1233.68,79.15,33.65,68.86,0,2,Synthetic
151.53,17.88,23.93,46.62,0,0,Synthetic
234.97,0.82,28.98,80.95,0,0,Synthetic
389.64,26.63,55.01,68.16,0,1,Synthetic
280.08,42.82,32.33,56.34,0,0,Synthetic
112.37,9.94,14.2,45.58,0,0,Synthetic
142.98,19.89,20.11,60.59,0,0,Synthetic
236.14,34.74,47.51,67.51,0,0,Synthetic
178.06,14.19,27.83,34.82,0,0,Synthetic
457.45,32.13,35.51,70.58,0,0,Synthetic
300.71,28.76,42.79,57.18,0,0,Synthetic
294.35,8.67,25.6,45.14,0,0,Synthetic
213.06,51.45,34.88,66.58,0,0,Synthetic
342.51,11.44,26.02,48.16,0,0,Synthetic
657.19,29.3,23.2,67.52,0,0,Synthetic
8.84,8.44,24.43,34.71,0,0,Synthetic
331.75,34.83,53.94,86.84,0,1,Synthetic
107.81,12.32,24.97,36.81,0,0,Synthetic
59.2,15.74,28.34,44.43,0,0,Synthetic
11.49,3.15,29.77,53.91,0,0,Synthetic
170.15,24.82,23.47,79.93,0,0,Synthetic
189.1,19.81,21.6,45.49,0,0,Synthetic
387.01,0.0,48.87,73.89,0,0,Synthetic
275.3,22.97,54.05,81.18,0,0,Synthetic
1042.01,146.99,44.31,61.89,0,2,Synthetic
81.38,18.02,22.92,39.35,0,0,Synthetic
90.41,27.49,33.54,72.71,0,0,Synthetic
257.97,61.42,30.78,54.88,0,0,Synthetic
403.85,124.97,44.68,55.47,0,2,Synthetic
64.82,15.27,21.38,48.41,0,0,Synthetic
223.65,25.55,26.67,52.26,0,0,Synthetic
428.8,181.85,41.51,63.18,0,1,Synthetic
263.81,0.0,39.03,53.56,0,0,Synthetic
339.28,55.98,32.18,65.11,0,0,Synthetic
149.49,27.0,27.02,37.61,0,0,Synthetic
144.14,5.65,16.9,64.3,0,0,Synthetic
208.24,22.22,27.84,57.66,0,0,Synthetic
182.4,4.46,17.86,31.82,0,0,Synthetic
175.67,34.54,23.79,56.41,0,0,Synthetic
501.38,144.81,26.24,39.58,0,1,Synthetic
545.18,123.77,36.58,60.78,0,1,Synthetic
203.47,13.81,28.48,75.16,0,0,Synthetic
7.78,11.58,20.19,53.07,0,0,Synthetic
344.13,22.47,42.83,47.44,0,0,Synthetic
419.77,44.21,56.27,73.28,0,1,Synthetic
45.23,12.1,16.01,59.84,0,0,Synthetic
436.94,46.54,36.66,77.54,0,0,Synthetic
194.47,12.92,25.9,71.33,0,0,Synthetic
664.44,153.77,66.44,26.14,1,2,Synthetic
216.32,18.59,27.01,58.71,0,0,Synthetic
73.58,7.04,21.6,62.02,0,0,Synthetic
329.82,186.76,35.99,44.9,0,1,Synthetic
379.65,27.86,56.03,73.01,0,1,Synthetic
167.74,19.68,20.13,51.39,0,0,Synthetic
363.08,58.07,54.77,75.78,0,1,Synthetic
262.56,5.41,23.05,60.38,0,0,Synthetic
353.72,40.32,34.35,94.44,0,0,Synthetic
78.57,2.3,19.4,60.66,0,0,Synthetic
275.5,23.54,24.44,49.06,0,0,Synthetic
128.97,29.2,29.99,78.52,0,0,Synthetic
833.88,151.52,42.34,78.62,0,2,Synthetic
382.84,122.14,29.22,53.04,0,1,Synthetic
0.58,10.31,28.21,59.63,0,0,Synthetic
49.91,12.84,25.35,59.4,0,0,Synthetic
367.09,86.84,32.75,53.1,0,0,Synthetic
981.59,57.51,30.1,55.26,0,1,Synthetic
1021.45,48.41,38.43,57.78,0,2,Synthetic
177.31,8.96,24.8,81.67,0,0,Synthetic
309.08,30.88,28.02,88.37,0,0,Synthetic
194.49,26.91,32.99,48.19,0,0,Synthetic
73.21,20.25,24.42,47.54,0,0,Synthetic
224.72,6.32,24.47,64.84,0,0,Synthetic
94.89,11.05,29.45,39.96,0,0,Synthetic
88.92,5.95,20.46,38.26,0,0,Synthetic
93.42,14.26,26.18,59.58,0,0,Synthetic
70.58,0.58,28.39,50.4,0,0,Synthetic
39.05,24.39,33.41,29.32,0,0,Synthetic
109.81,18.11,20.0,57.98,0,0,Synthetic
408.45,62.87,49.32,66.51,0,1,Synthetic
228.71,12.57,17.81,65.06,0,0,Synthetic
335.45,33.92,44.53,64.38,0,0,Synthetic
152.66,8.13,20.09,59.9,0,0,Synthetic
224.16,15.32,25.49,62.21,0,0,Synthetic
128.97,13.49,22.48,56.26,0,0,Synthetic
67.19,2.16,18.84,57.63,0,0,Synthetic
211.94,23.12,22.27,55.13,0,0,Synthetic
8.08,30.98,32.16,54.67,0,0,Synthetic
67.23,21.99,24.9,46.15,0,0,Synthetic
483.19,48.73,31.78,43.59,0,0,Synthetic
175.41,11.88,30.2,55.81,0,0,Synthetic
142.49,28.08,22.44,39.8,0,0,Synthetic
332.4,7.7,21.9,72.48,0,0,Synthetic
244.3,18.94,25.37,68.88,0,0,Synthetic
137.61,12.84,31.07,84.52,0,0,Synthetic
569.13,56.24,39.82,69.24,0,1,Synthetic
730.34,152.67,56.15,36.97,1,2,Synthetic
252.29,25.86,26.59,49.17,0,0,Synthetic
219.46,25.18,26.33,32.46,0,0,Synthetic
308.18,22.18,40.65,50.04,0,0,Synthetic
448.83,33.71,37.61,62.8,0,0,Synthetic
920.04,169.91,52.96,51.1,0,2,Synthetic
222.61,17.97,33.35,52.51,0,0,Synthetic
951.13,172.96,60.13,33.69,1,2,Synthetic
262.59,25.42,32.76,82.9,0,0,Synthetic
192.39,7.85,25.05,55.75,0,0,Synthetic
190.06,1.31,19.86,54.9,0,0,Synthetic
311.55,22.08,25.27,62.74,0,0,Synthetic
176.7,21.19,30.01,73.04,0,0,Synthetic
223.58,15.82,29.46,55.1,0,0,Synthetic
484.67,51.53,37.93,71.78,0,1,Synthetic
411.71,62.85,40.63,78.59,0,1,Synthetic
723.58,76.6,30.99,43.41,0,1,Synthetic
130.77,21.06,24.59,70.9,0,0,Synthetic
10.86,13.04,31.04,63.4,0,0,Synthetic
293.4,0.0,21.18,36.45,0,0,Synthetic
269.32,19.41,31.35,94.05,0,0,Synthetic
866.76,148.1,61.99,23.45,1,2,Synthetic
166.28,22.54,19.72,54.13,0,0,Synthetic
286.83,19.17,21.22,55.03,0,0,Synthetic
197.04,1.55,20.51,51.57,0,0,Synthetic
146.69,17.96,30.72,21.77,0,0,Synthetic
275.02,14.4,21.82,41.97,0,0,Synthetic
112.64,7.49,22.1,84.29,0,0,Synthetic
521.6,22.12,28.54,52.77,0,0,Synthetic
155.79,10.52,22.25,56.14,0,0,Synthetic
475.3,53.56,32.63,79.45,0,0,Synthetic
129.82,17.47,34.8,92.18,0,0,Synthetic
246.75,32.21,35.59,64.15,0,0,Synthetic
438.82,178.37,27.24,49.03,0,1,Synthetic
47.25,34.9,31.15,43.9,0,0,Synthetic
832.94,100.57,69.27,68.07,1,2,Synthetic
475.53,150.81,28.85,49.72,0,1,Synthetic
166.35,15.16,25.79,73.13,0,0,Synthetic
228.78,74.1,26.82,53.23,0,0,Synthetic
319.23,14.33,45.08,75.18,0,0,Synthetic
384.07,52.66,31.49,70.98,0,0,Synthetic
275.81,22.97,20.68,45.63,0,0,Synthetic
183.7,7.96,25.16,68.3,0,0,Synthetic
578.13,36.96,35.2,66.3,0,1,Synthetic
149.22,2.86,21.44,63.32,0,0,Synthetic
228.2,4.22,23.78,78.18,0,0,Synthetic
727.23,118.58,62.13,49.21,1,2,Synthetic
233.0,7.58,27.22,60.89,0,0,Synthetic
1208.18,65.86,37.34,88.13,0,2,Synthetic
208.34,0.2,26.79,74.84,0,0,Synthetic
198.65,15.53,26.91,43.0,0,0,Synthetic
206.14,27.65,30.37,90.09,0,0,Synthetic
259.33,44.93,37.29,49.23,0,0,Synthetic
481.72,1.4,42.43,65.87,0,0,Synthetic
249.19,22.62,22.59,88.08,0,0,Synthetic
718.78,71.76,51.79,15.02,1,2,Synthetic
241.18,9.02,29.01,78.44,0,0,Synthetic
243.67,11.96,29.54,50.49,0,0,Synthetic
207.75,17.16,21.58,55.81,0,0,Synthetic
206.28,16.04,31.51,65.83,0,0,Synthetic
971.72,122.2,55.59,61.01,0,2,Synthetic
425.43,34.72,41.58,72.02,0,0,Synthetic
131.47,10.65,31.67,57.91,0,0,Synthetic
204.04,25.86,27.84,79.3,0,0,Synthetic
317.38,4.24,16.88,51.78,0,0,Synthetic
264.71,77.87,33.55,52.64,0,0,Synthetic
238.55,13.8,27.13,65.38,0,0,Synthetic
85.41,13.14,20.44,73.43,0,0,Synthetic
220.83,26.14,25.48,42.29,0,0,Synthetic
209.45,17.5,19.34,42.36,0,0,Synthetic
205.16,13.42,23.82,56.47,0,0,Synthetic
70.37,16.92,35.29,56.45,0,0,Synthetic
84.49,22.53,27.01,50.34,0,0,Synthetic
0.75,0.44,32.17,30.67,0,0,Synthetic
115.09,0.0,18.19,61.12,0,0,Synthetic
308.46,1.19,23.71,34.25,0,0,Synthetic
78.12,9.08,22.68,56.42,0,0,Synthetic
150.02,22.38,23.06,55.28,0,0,Synthetic
244.01,117.02,40.27,52.08,0,1,Synthetic
223.2,12.77,26.2,41.97,0,0,Synthetic
169.34,13.6,26.43,53.42,0,0,Synthetic
151.38,13.92,28.55,65.22,0,0,Synthetic
241.88,5.28,25.86,68.23,0,0,Synthetic
268.18,98.5,33.99,69.87,0,0,Synthetic
111.01,6.11,28.71,31.49,0,0,Synthetic
137.27,7.78,30.74,57.08,0,0,Synthetic
510.05,46.04,40.27,85.56,0,1,Synthetic
178.25,16.88,20.54,57.62,0,0,Synthetic
58.79,4.51,21.38,71.91,0,0,Synthetic
0.0,8.86,23.35,51.71,0,0,Synthetic
352.28,55.68,52.67,66.96,0,1,Synthetic
172.35,13.73,21.71,38.25,0,0,Synthetic
87.82,24.18,23.67,81.41,0,0,Synthetic
159.57,15.3,28.89,47.95,0,0,Synthetic
446.18,34.99,42.85,74.97,0,0,Synthetic
58.13,21.8,22.06,50.5,0,0,Synthetic
349.19,44.38,48.52,61.59,0,1,Synthetic
269.36,19.74,29.76,63.89,0,0,Synthetic
236.59,19.83,24.13,66.93,0,0,Synthetic
589.81,39.16,26.39,54.44,0,0,Synthetic
163.62,14.72,22.44,63.46,0,0,Synthetic
53.67,8.54,24.19,53.61,0,0,Synthetic
124.55,6.48,21.46,52.52,0,0,Synthetic
227.79,0.15,24.23,62.45,0,0,Synthetic
106.38,14.3,27.67,45.62,0,0,Synthetic
75.94,0.0,28.11,53.76,0,0,Synthetic
360.32,79.12,23.0,60.05,0,0,Synthetic
260.14,30.09,45.68,62.66,0,0,Synthetic
8.47,3.67,29.91,34.81,0,0,Synthetic
235.8,25.18,17.35,64.43,0,0,Synthetic
101.28,15.34,23.42,37.0,0,0,Synthetic
808.29,104.26,43.07,50.83,0,2,Synthetic
1036.8,136.91,51.68,64.64,0,2,Synthetic
150.33,14.35,28.2,84.18,0,0,Synthetic
319.25,4.94,25.39,85.87,0,0,Synthetic
37.91,12.41,32.31,55.74,0,0,Synthetic
333.69,24.94,52.24,80.64,0,0,Synthetic
7.0,20.26,18.12,56.38,0,0,Synthetic
175.46,15.17,27.9,59.31,0,0,Synthetic
158.18,25.86,28.83,43.33,0,0,Synthetic
350.94,77.26,33.81,57.02,0,0,Synthetic
295.7,5.29,23.44,46.94,0,0,Synthetic
983.98,137.05,57.46,56.52,1,2,Synthetic
352.64,31.47,41.03,54.05,0,0,Synthetic
206.28,11.65,28.13,86.58,0,0,Synthetic
70.13,0.01,27.32,42.88,0,0,Synthetic
834.99,105.8,43.79,76.34,0,2,Synthetic
270.03,9.1,22.38,33.77,0,0,Synthetic
181.88,21.02,26.42,63.54,0,0,Synthetic
225.03,28.43,29.47,53.37,0,0,Synthetic
112.5,28.24,27.31,79.68,0,0,Synthetic
6.0,25.16,25.06,67.86,0,0,Synthetic
111.25,28.48,24.7,72.71,0,0,Synthetic
263.98,46.03,36.16,69.59,0,0,Synthetic
615.87,13.97,37.19,73.18,0,1,Synthetic
180.28,0.0,23.73,40.08,0,0,Synthetic
95.21,12.26,34.35,54.87,0,0,Synthetic
235.07,34.89,51.15,64.11,0,0,Synthetic
438.94,51.97,38.38,85.03,0,0,Synthetic
64.33,2.66,22.39,47.7,0,0,Synthetic
174.36,6.94,27.12,68.41,0,0,Synthetic
226.88,6.96,25.2,97.37,0,0,Synthetic
336.02,9.3,29.44,63.42,0,0,Synthetic
128.45,52.59,31.4,56.02,0,0,Synthetic
598.11,45.36,37.03,44.68,0,1,Synthetic
120.5,23.14,19.65,56.05,0,0,Synthetic
288.92,128.0,32.66,31.13,0,1,Synthetic
160.44,22.23,19.56,38.64,0,0,Synthetic
263.3,1.82,29.9,36.67,0,0,Synthetic
135.4,15.33,18.42,49.78,0,0,Synthetic
5.18,13.3,21.12,60.01,0,0,Synthetic
180.61,16.62,29.11,87.47,0,0,Synthetic
95.22,11.15,18.8,45.32,0,0,Synthetic
234.45,2.81,24.65,65.48,0,0,Synthetic
96.02,15.71,18.59,68.26,0,0,Synthetic
456.69,96.27,27.72,48.87,0,1,Synthetic
224.38,5.16,22.68,70.77,0,0,Synthetic
262.22,20.03,24.64,53.75,0,0,Synthetic
176.11,17.82,22.53,49.71,0,0,Synthetic
226.09,3.69,24.46,56.39,0,0,Synthetic
262.78,2.21,26.41,48.47,0,0,Synthetic
636.58,129.81,43.14,31.29,1,2,Synthetic
126.12,1.41,23.51,54.97,0,0,Synthetic
499.32,57.41,38.9,67.16,0,1,Synthetic
10.14,15.19,15.74,47.0,0,0,Synthetic
757.82,12.16,30.71,58.39,0,1,Synthetic
182.41,11.21,31.17,55.95,0,0,Synthetic
121.46,17.18,28.32,56.2,0,0,Synthetic
169.77,20.26,30.42,68.22,0,0,Synthetic
63.22,13.44,31.99,51.97,0,0,Synthetic
56.56,15.21,22.03,79.37,0,0,Synthetic
86.54,11.26,14.59,50.94,0,0,Synthetic
316.15,178.3,31.09,62.77,0,1,Synthetic
1080.66,49.66,32.2,82.8,0,1,Synthetic
127.35,11.75,16.9,40.26,0,0,Synthetic
884.1,51.93,45.88,60.16,0,2,Synthetic
121.86,20.1,17.7,71.2,0,0,Synthetic
449.17,51.09,40.46,64.41,0,0,Synthetic
168.46,2.84,16.19,66.33,0,0,Synthetic
225.39,12.33,29.53,55.03,0,0,Synthetic
9.2,13.6,28.22,43.3,0,0,Synthetic
48.43,37.87,20.13,49.51,0,0,Synthetic
176.52,9.76,33.35,80.52,0,0,Synthetic
62.39,15.28,29.1,60.82,0,0,Synthetic
195.92,18.28,29.11,45.06,0,0,Synthetic
1.07,0.0,26.26,69.85,0,0,Synthetic
609.12,46.36,22.5,76.62,0,0,Synthetic
204.33,4.89,29.18,72.43,0,0,Synthetic
235.31,17.39,22.79,51.13,0,0,Synthetic
202.14,7.12,20.79,43.71,0,0,Synthetic
406.35,117.69,28.54,36.95,0,1,Synthetic
578.66,156.26,55.56,32.05,1,2,Synthetic
884.6,155.93,53.35,57.96,1,2,Synthetic
832.01,34.25,41.15,63.98,0,1,Synthetic
179.25,25.29,29.37,72.9,0,0,Synthetic
241.9,13.9,25.38,58.21,0,0,Synthetic
680.64,22.32,30.98,60.06,0,1,Synthetic
214.74,19.07,20.11,51.86,0,0,Synthetic
88.96,22.47,25.96,60.73,0,0,Synthetic
83.23,14.07,23.8,75.81,0,0,Synthetic
465.65,43.27,26.91,49.75,0,0,Synthetic
163.4,2.59,28.71,47.64,0,0,Synthetic
159.14,18.49,17.31,59.88,0,0,Synthetic
327.63,42.46,39.71,70.65,0,0,Synthetic
700.03,49.74,31.71,62.03,0,1,Synthetic
479.52,35.17,25.87,65.47,0,0,Synthetic
486.79,39.0,25.57,62.45,0,0,Synthetic
384.58,132.05,38.88,66.12,0,1,Synthetic
0.0,18.33,30.12,70.09,0,0,Synthetic
614.76,48.64,40.41,61.19,0,1,Synthetic
910.0,146.18,53.05,67.64,1,2,Synthetic
181.36,12.44,29.41,60.2,0,0,Synthetic
146.61,0.52,28.07,71.07,0,0,Synthetic
341.83,16.61,27.7,85.12,0,0,Synthetic
263.78,70.07,36.6,50.49,0,0,Synthetic
70.22,11.84,27.11,46.49,0,0,Synthetic
123.94,47.96,29.69,61.76,0,0,Synthetic
119.89,8.64,18.47,42.36,0,0,Synthetic
586.82,26.19,34.52,60.22,0,1,Synthetic
6.21,18.36,29.56,48.57,0,0,Synthetic
804.83,131.37,44.03,43.38,0,2,Synthetic
236.19,3.07,29.2,73.57,0,0,Synthetic
304.61,84.49,21.74,60.57,0,0,Synthetic
107.7,15.08,21.18,51.38,0,0,Synthetic
261.85,14.69,34.34,51.82,0,0,Synthetic
155.71,9.89,30.46,51.78,0,0,Synthetic
136.12,0.0,22.63,82.55,0,0,Synthetic
461.0,23.2,43.44,75.63,0,0,Synthetic
160.65,2.23,21.27,53.12,0,0,Synthetic
313.14,7.69,29.34,42.1,0,0,Synthetic
185.15,9.33,32.83,72.92,0,0,Synthetic
46.26,14.98,19.96,80.49,0,0,Synthetic
93.59,9.16,27.17,69.84,0,0,Synthetic
194.24,53.0,26.78,56.87,0,0,Synthetic
95.41,15.11,26.32,53.35,0,0,Synthetic
365.97,156.23,38.55,45.74,0,1,Synthetic
129.18,13.58,25.98,78.7,0,0,Synthetic
159.95,20.7,16.86,47.97,0,0,Synthetic
308.64,3.09,20.42,70.01,0,0,Synthetic
248.91,14.58,18.35,37.69,0,0,Synthetic
349.32,32.99,56.97,87.47,0,1,Synthetic
694.15,148.61,51.02,20.45,1,2,Synthetic
199.59,3.58,20.5,97.63,0,0,Synthetic
643.56,132.67,56.98,41.76,1,2,Synthetic
99.11,23.0,29.55,51.36,0,0,Synthetic
247.73,9.06,27.57,97.6,0,0,Synthetic
210.13,24.04,25.97,55.8,0,0,Synthetic
415.67,188.84,40.09,56.42,0,1,Synthetic
370.42,29.49,36.68,76.31,0,0,Synthetic
900.9,86.87,51.78,64.77,0,2,Synthetic
270.21,9.44,20.82,60.33,0,0,Synthetic
10.87,16.56,29.1,48.57,0,0,Synthetic
320.98,29.78,44.43,74.41,0,0,Synthetic
354.72,5.95,29.47,65.92,0,0,Synthetic
1042.87,103.29,35.04,61.45,0,2,Synthetic
324.76,25.41,25.23,57.3,0,0,Synthetic
200.31,3.52,19.83,63.17,0,0,Synthetic
306.58,59.6,18.36,54.89,0,0,Synthetic
52.07,12.06,32.49,36.33,0,0,Synthetic
26.25,5.8,19.53,41.55,0,0,Synthetic
132.88,26.72,24.11,45.69,0,0,Synthetic
128.71,13.2,26.25,71.13,0,0,Synthetic
138.75,25.7,28.43,45.23,0,0,Synthetic
15.31,0.0,15.53,28.83,0,0,Synthetic
161.4,8.6,22.57,52.66,0,0,Synthetic
66.31,9.96,20.47,57.62,0,0,Synthetic
971.94,129.76,47.66,64.3,0,2,Synthetic
261.08,28.48,30.53,71.55,0,0,Synthetic
229.99,4.86,27.82,55.41,0,0,Synthetic
181.85,12.93,29.46,53.18,0,0,Synthetic
168.26,12.65,17.61,37.9,0,0,Synthetic
226.29,21.37,17.65,72.1,0,0,Synthetic
115.35,5.52,20.52,61.85,0,0,Synthetic
314.64,38.65,54.96,66.9,0,1,Synthetic
145.78,14.78,22.83,58.0,0,0,Hardware_Live
170.35,7.38,27.53,56.7,0,0,Hardware_Live
190.6,9.13,22.42,52.72,0,0,Hardware_Live
111.45,9.85,24.94,59.72,0,0,Hardware_Live
155.5,5.34,23.17,47.7,0,0,Hardware_Live
196.09,6.89,25.34,59.66,0,0,Hardware_Live
105.13,9.23,20.36,50.47,0,0,Hardware_Live
176.41,12.11,23.33,51.28,0,0,Hardware_Live
121.32,12.57,24.92,46.81,0,0,Hardware_Live
110.99,5.11,27.51,53.16,0,0,Hardware_Live
156.5,11.02,27.93,53.01,0,0,Hardware_Live
107.03,10.37,20.5,56.54,0,0,Hardware_Live
112.17,10.57,25.57,48.13,0,0,Hardware_Live
119.61,10.55,21.53,45.15,0,0,Hardware_Live
177.29,12.7,26.97,45.24,0,0,Hardware_Live
195.67,13.6,26.56,53.47,0,0,Hardware_Live
160.09,13.15,27.28,58.4,0,0,Hardware_Live
115.36,8.66,20.5,49.91,0,0,Hardware_Live
106.67,14.32,25.25,57.73,0,0,Hardware_Live
186.82,6.9,26.52,55.33,0,0,Hardware_Live
184.68,8.75,22.83,54.76,0,0,Hardware_Live
154.27,6.82,23.56,55.93,0,0,Hardware_Live
128.25,12.6,22.9,45.92,0,0,Hardware_Live
119.98,14.44,22.61,51.08,0,0,Hardware_Live
178.3,9.9,22.13,57.29,0,0,Hardware_Live
188.22,7.8,25.4,58.26,0,0,Hardware_Live
114.24,14.19,20.96,50.25,0,0,Hardware_Live
194.23,5.57,26.34,53.21,0,0,Hardware_Live
187.36,13.96,21.6,52.73,0,0,Hardware_Live
113.25,9.96,23.71,51.53,0,0,Hardware_Live
117.77,5.19,20.67,46.38,0,0,Hardware_Live
146.37,6.37,21.14,53.16,0,0,Hardware_Live
172.43,11.34,23.68,56.03,0,0,Hardware_Live
121.02,10.7,20.43,48.29,0,0,Hardware_Live
102.1,9.16,26.13,51.11,0,0,Hardware_Live
128.09,6.57,26.19,49.16,0,0,Hardware_Live
135.07,14.27,25.38,51.91,0,0,Hardware_Live
155.11,14.97,24.25,54.5,0,0,Hardware_Live
184.52,13.81,24.48,58.48,0,0,Hardware_Live
123.21,11.13,27.59,52.32,0,0,Hardware_Live
151.06,10.25,20.09,46.98,0,0,Hardware_Live
102.8,5.49,22.74,49.12,0,0,Hardware_Live
180.67,9.1,21.48,59.02,0,0,Hardware_Live
122.3,13.71,24.49,47.94,0,0,Hardware_Live
198.04,6.33,22.8,58.93,0,0,Hardware_Live
109.03,7.97,25.58,50.26,0,0,Hardware_Live
194.09,11.16,28.0,57.11,0,0,Hardware_Live
169.06,7.06,22.15,58.68,0,0,Hardware_Live
197.64,5.52,21.03,47.36,0,0,Hardware_Live
141.44,13.23,26.9,46.06,0,0,Hardware_Live
133.82,7.05,25.57,53.06,0,0,Hardware_Live
108.33,14.97,25.03,47.2,0,0,Hardware_Live
170.41,9.37,24.69,49.29,0,0,Hardware_Live
115.69,9.09,21.42,46.8,0,0,Hardware_Live
169.56,11.82,25.66,59.34,0,0,Hardware_Live
111.79,11.48,24.37,59.79,0,0,Hardware_Live
132.45,12.49,24.06,52.98,0,0,Hardware_Live
111.98,6.88,26.61,58.22,0,0,Hardware_Live
194.58,9.2,23.15,49.27,0,0,Hardware_Live
193.07,6.63,25.77,54.72,0,0,Hardware_Live
196.76,6.12,26.21,51.97,0,0,Hardware_Live
176.35,14.34,26.81,52.27,0,0,Hardware_Live
111.69,8.82,24.24,58.64,0,0,Hardware_Live
156.19,11.32,22.66,45.95,0,0,Hardware_Live
292.48,34.52,34.61,72.46,0,0,Hardware_Live
722.0,25.56,25.78,53.77,0,1,Hardware_Live
511.64,45.43,26.73,49.35,0,0,Hardware_Live
651.93,29.15,23.38,57.91,0,0,Hardware_Live
745.54,26.7,26.3,53.14,0,1,Hardware_Live
516.21,36.51,22.88,52.48,0,0,Hardware_Live
141.63,8.11,21.76,53.8,0,0,Hardware_Live
114.15,8.27,22.87,55.5,0,0,Hardware_Live
149.36,6.61,26.51,45.35,0,0,Hardware_Live
134.02,7.46,22.44,52.4,0,0,Hardware_Live
143.79,8.47,26.85,57.73,0,0,Hardware_Live
132.24,13.11,20.27,54.72,0,0,Hardware_Live
360.29,175.98,53.45,44.84,1,2,Hardware_Live
130.65,14.25,24.09,53.88,0,0,Hardware_Live
103.93,5.72,20.41,54.72,0,0,Hardware_Live
173.25,8.72,22.33,55.31,0,0,Hardware_Live
144.25,6.86,26.07,50.96,0,0,Hardware_Live
182.67,5.66,21.89,54.27,0,0,Hardware_Live
150.89,14.52,24.18,53.94,0,0,Hardware_Live
153.17,12.64,23.04,48.77,0,0,Hardware_Live
185.05,10.93,24.68,53.86,0,0,Hardware_Live
111.03,10.69,22.82,53.97,0,0,Hardware_Live
177.33,12.43,23.38,46.46,0,0,Hardware_Live
120.37,6.1,20.58,55.57,0,0,Hardware_Live
188.36,12.7,26.32,55.46,0,0,Hardware_Live
196.96,5.08,27.21,54.31,0,0,Hardware_Live
135.35,5.07,22.5,57.62,0,0,Hardware_Live
129.95,8.45,26.32,48.39,0,0,Hardware_Live
193.53,12.01,23.74,49.11,0,0,Hardware_Live
170.6,6.44,21.28,58.28,0,0,Hardware_Live
184.08,5.06,21.47,48.02,0,0,Hardware_Live
128.63,9.15,27.15,53.03,0,0,Hardware_Live
131.71,10.84,27.1,45.23,0,0,Hardware_Live
145.86,13.16,21.6,56.7,0,0,Hardware_Live
125.19,8.81,20.91,45.4,0,0,Hardware_Live
117.08,13.25,24.12,55.54,0,0,Hardware_Live
173.29,10.39,20.93,59.46,0,0,Hardware_Live
188.34,12.68,20.92,48.71,0,0,Hardware_Live
183.92,7.87,21.46,53.4,0,0,Hardware_Live
138.25,5.0,23.01,53.31,0,0,Hardware_Live
131.16,14.0,20.18,45.3,0,0,Hardware_Live
133.39,11.97,20.44,48.55,0,0,Hardware_Live
161.29,6.83,25.31,45.71,0,0,Hardware_Live
148.39,12.95,26.65,55.85,0,0,Hardware_Live
140.7,6.76,23.43,48.98,0,0,Hardware_Live
157.7,5.24,24.14,55.66,0,0,Hardware_Live
199.13,13.03,24.08,45.93,0,0,Hardware_Live
325.9,30.87,34.59,75.03,0,0,Hardware_Live
300.25,35.14,31.56,81.3,0,0,Hardware_Live
263.61,41.11,37.24,69.23,0,0,Hardware_Live
313.42,35.72,31.27,83.56,0,0,Hardware_Live
325.76,42.49,30.57,73.26,0,0,Hardware_Live
288.56,40.22,31.19,76.36,0,0,Hardware_Live
332.69,42.07,33.36,83.33,0,0,Hardware_Live
267.53,34.72,37.76,83.95,0,0,Hardware_Live
341.96,25.41,34.28,74.6,0,0,Hardware_Live
299.38,39.96,36.51,72.95,0,0,Hardware_Live
400.94,31.91,27.86,47.0,0,0,Hardware_Live
815.24,44.3,22.55,58.53,0,1,Hardware_Live
868.07,26.7,26.56,52.6,0,1,Hardware_Live
422.93,38.28,27.78,58.32,0,0,Hardware_Live
848.3,43.56,24.01,52.76,0,1,Hardware_Live
135.66,7.72,27.81,45.22,0,0,Hardware_Live
124.64,14.72,27.61,48.11,0,0,Hardware_Live
117.96,6.23,27.23,59.29,0,0,Hardware_Live
100.19,8.29,24.73,58.02,0,0,Hardware_Live
175.73,13.23,21.38,52.21,0,0,Hardware_Live
599.35,109.25,42.23,35.83,1,2,Hardware_Live
485.43,88.65,64.69,42.41,1,2,Hardware_Live
310.45,106.11,49.91,30.73,1,2,Hardware_Live
566.99,185.17,49.52,38.53,1,2,Hardware_Live
550.29,157.51,44.06,36.52,1,2,Hardware_Live
497.81,191.95,50.87,35.51,1,2,Hardware_Live
355.5,152.9,48.42,43.96,1,2,Hardware_Live
599.24,92.02,62.0,40.08,1,2,Hardware_Live
511.58,186.65,64.24,37.15,1,2,Hardware_Live
449.32,91.24,42.9,37.57,1,2,Hardware_Live
323.13,177.27,40.92,32.76,1,2,Hardware_Live
430.44,112.46,56.12,34.84,1,2,Hardware_Live
567.18,166.96,64.33,34.94,1,2,Hardware_Live
557.67,87.17,52.85,37.12,1,2,Hardware_Live
482.51,120.69,48.93,35.75,1,2,Hardware_Live
311.35,113.76,47.69,30.22,1,2,Hardware_Live
466.06,95.69,51.29,30.67,1,2,Hardware_Live
477.11,140.44,51.11,38.48,1,2,Hardware_Live
431.92,100.27,57.34,40.71,1,2,Hardware_Live
148.85,5.99,24.59,46.84,0,0,Hardware_Live
119.52,12.77,22.58,45.63,0,0,Hardware_Live
118.83,5.02,24.97,56.85,0,0,Hardware_Live
174.42,7.71,25.89,55.44,0,0,Hardware_Live
169.52,5.47,26.28,45.54,0,0,Hardware_Live
160.25,14.37,23.63,45.06,0,0,Hardware_Live
151.17,5.8,21.88,46.63,0,0,Hardware_Live
195.83,6.68,22.95,53.2,0,0,Hardware_Live
175.09,5.44,24.69,50.24,0,0,Hardware_Live
132.69,11.39,20.1,57.86,0,0,Hardware_Live
118.52,14.86,27.06,50.66,0,0,Hardware_Live
192.39,8.47,27.78,59.57,0,0,Hardware_Live
159.45,13.44,23.25,51.08,0,0,Hardware_Live
157.84,14.94,26.36,46.73,0,0,Hardware_Live
126.5,12.35,27.47,50.05,0,0,Hardware_Live
163.18,13.66,25.69,56.43,0,0,Hardware_Live
192.38,5.21,20.88,51.42,0,0,Hardware_Live
120.34,7.38,25.14,55.3,0,0,Hardware_Live
107.55,7.56,25.94,52.68,0,0,Hardware_Live
167.21,6.08,21.81,47.37,0,0,Hardware_Live
136.34,14.72,26.3,49.7,0,0,Hardware_Live
108.04,6.32,21.54,59.66,0,0,Hardware_Live
176.85,8.01,26.62,45.13,0,0,Hardware_Live
158.31,7.39,26.09,50.38,0,0,Hardware_Live
197.91,9.28,23.36,58.65,0,0,Hardware_Live
174.56,9.49,26.69,57.31,0,0,Hardware_Live
179.07,8.87,23.19,51.73,0,0,Hardware_Live
138.55,12.69,27.72,52.87,0,0,Hardware_Live
176.17,10.15,21.8,53.72,0,0,Hardware_Live
107.22,8.75,21.93,47.85,0,0,Hardware_Live
168.33,10.67,20.08,55.29,0,0,Hardware_Live
112.7,12.29,22.23,58.12,0,0,Hardware_Live
144.76,11.24,22.95,47.71,0,0,Hardware_Live
120.39,5.62,24.65,54.44,0,0,Hardware_Live
129.6,8.09,23.31,51.28,0,0,Hardware_Live
142.27,14.91,22.1,56.34,0,0,Hardware_Live
281.45,42.05,33.86,84.84,0,0,Hardware_Live
317.46,39.85,33.61,79.77,0,0,Hardware_Live
332.26,43.4,37.34,83.47,0,0,Hardware_Live
309.38,42.46,31.35,67.17,0,0,Hardware_Live
543.66,33.69,26.98,51.97,0,0,Hardware_Live
725.55,27.04,27.84,54.72,0,1,Hardware_Live
801.22,23.64,25.21,51.22,0,1,Hardware_Live
427.55,26.29,24.56,50.27,0,0,Hardware_Live
859.05,28.16,24.11,52.24,0,1,Hardware_Live
151.2,5.65,20.95,54.04,0,0,Hardware_Live
110.27,13.22,25.89,46.67,0,0,Hardware_Live
190.85,13.3,26.84,54.16,0,0,Hardware_Live
116.57,14.64,27.02,59.05,0,0,Hardware_Live
153.06,13.61,25.23,47.05,0,0,Hardware_Live
163.16,5.69,25.95,46.75,0,0,Hardware_Live
112.73,9.47,26.62,48.28,0,0,Hardware_Live
194.36,8.62,27.2,59.46,0,0,Hardware_Live
155.51,6.41,20.62,59.72,0,0,Hardware_Live
157.13,5.2,27.77,52.36,0,0,Hardware_Live
152.16,7.06,20.88,55.77,0,0,Hardware_Live
155.79,6.37,26.03,49.47,0,0,Hardware_Live
129.77,6.24,26.28,46.6,0,0,Hardware_Live
109.43,11.83,26.37,58.76,0,0,Hardware_Live
158.56,7.64,26.78,46.71,0,0,Hardware_Live
171.61,8.21,21.53,57.67,0,0,Hardware_Live
106.31,14.26,20.24,47.47,0,0,Hardware_Live
183.78,7.31,26.46,52.8,0,0,Hardware_Live
161.07,6.4,24.0,58.86,0,0,Hardware_Live
100.68,12.84,20.7,54.31,0,0,Hardware_Live
121.05,14.5,20.85,52.96,0,0,Hardware_Live
115.45,10.58,25.9,57.18,0,0,Hardware_Live
170.39,13.88,23.76,47.44,0,0,Hardware_Live
103.27,7.31,24.11,57.56,0,0,Hardware_Live
115.1,12.08,22.77,46.91,0,0,Hardware_Live
158.92,7.91,22.9,53.45,0,0,Hardware_Live
171.99,14.17,26.04,59.97,0,0,Hardware_Live
155.44,7.48,25.35,53.02,0,0,Hardware_Live
147.59,8.53,26.71,49.63,0,0,Hardware_Live
191.24,8.94,26.47,45.19,0,0,Hardware_Live
197.19,8.22,22.6,56.06,0,0,Hardware_Live
162.91,13.63,25.43,58.35,0,0,Hardware_Live
178.07,6.9,23.51,56.83,0,0,Hardware_Live
144.46,14.14,23.06,48.12,0,0,Hardware_Live
138.03,9.08,23.73,54.18,0,0,Hardware_Live
158.62,5.73,25.26,55.12,0,0,Hardware_Live
161.68,7.89,24.81,54.9,0,0,Hardware_Live
194.02,9.73,22.7,45.46,0,0,Hardware_Live
151.6,8.75,26.54,59.98,0,0,Hardware_Live
187.6,10.59,23.84,49.98,0,0,Hardware_Live
161.53,10.73,26.73,47.29,0,0,Hardware_Live
178.26,7.13,23.52,55.74,0,0,Hardware_Live
154.11,5.75,24.16,59.89,0,0,Hardware_Live
146.4,13.97,23.31,55.67,0,0,Hardware_Live
170.07,9.11,24.72,58.32,0,0,Hardware_Live
191.32,13.2,24.11,55.62,0,0,Hardware_Live
140.26,7.29,24.64,54.09,0,0,Hardware_Live
136.04,8.3,24.3,52.77,0,0,Hardware_Live
115.74,9.58,27.99,56.22,0,0,Hardware_Live
174.78,5.91,22.4,54.38,0,0,Hardware_Live
137.54,11.12,22.61,48.57,0,0,Hardware_Live
110.89,6.36,21.13,54.31,0,0,Hardware_Live
191.99,9.67,21.53,54.45,0,0,Hardware_Live
146.79,10.2,25.34,57.74,0,0,Hardware_Live
118.35,12.37,22.31,58.67,0,0,Hardware_Live
171.3,14.15,23.74,56.67,0,0,Hardware_Live
179.16,13.39,26.83,55.94,0,0,Hardware_Live
137.17,12.42,20.62,58.4,0,0,Hardware_Live
154.51,7.39,25.84,47.96,0,0,Hardware_Live
100.25,9.64,27.68,56.0,0,0,Hardware_Live
159.28,14.51,22.45,53.49,0,0,Hardware_Live
152.85,5.62,20.04,46.23,0,0,Hardware_Live
137.28,12.75,23.1,54.14,0,0,Hardware_Live
100.45,9.91,23.85,58.68,0,0,Hardware_Live
159.56,9.58,21.98,50.94,0,0,Hardware_Live
190.79,5.24,26.98,52.98,0,0,Hardware_Live
194.33,11.56,22.45,47.94,0,0,Hardware_Live
150.17,5.44,25.73,49.55,0,0,Hardware_Live
150.05,9.37,24.74,48.73,0,0,Hardware_Live
166.23,5.5,23.87,45.37,0,0,Hardware_Live
145.5,12.05,25.23,57.45,0,0,Hardware_Live
102.61,9.41,27.33,59.42,0,0,Hardware_Live
277.84,37.12,30.92,83.76,0,0,Hardware_Live
297.18,35.22,35.64,77.21,0,0,Hardware_Live
312.78,33.95,33.19,76.57,0,0,Hardware_Live
301.09,29.82,33.7,74.4,0,0,Hardware_Live
336.39,40.72,30.46,80.64,0,0,Hardware_Live
263.7,30.9,32.99,69.65,0,0,Hardware_Live
609.78,24.16,25.83,54.76,0,0,Hardware_Live
639.28,29.48,26.65,55.86,0,0,Hardware_Live
458.32,23.54,23.44,48.81,0,0,Hardware_Live
703.32,37.92,24.39,45.23,0,1,Hardware_Live
175.25,10.63,22.42,56.14,0,0,Hardware_Live
154.35,14.91,26.71,57.55,0,0,Hardware_Live
114.54,10.76,26.85,56.84,0,0,Hardware_Live
494.84,122.87,57.77,44.35,1,2,Hardware_Live
352.13,89.18,51.52,35.38,1,2,Hardware_Live
304.24,105.16,58.24,30.58,1,2,Hardware_Live
437.63,118.61,57.99,42.27,1,2,Hardware_Live
466.98,117.37,50.98,30.67,1,2,Hardware_Live
492.72,141.71,59.96,35.11,1,2,Hardware_Live
314.56,128.44,62.67,39.13,1,2,Hardware_Live
402.92,111.77,62.87,38.55,1,2,Hardware_Live
379.51,167.58,45.55,41.59,1,2,Hardware_Live
455.59,151.99,40.15,34.88,1,2,Hardware_Live
324.79,123.51,55.74,36.23,1,2,Hardware_Live
319.08,153.0,48.26,34.48,1,2,Hardware_Live
392.53,187.66,57.94,40.01,1,2,Hardware_Live
193.99,11.17,22.91,48.52,0,0,Hardware_Live
140.52,13.08,26.9,49.87,0,0,Hardware_Live
109.16,10.74,21.16,51.61,0,0,Hardware_Live
193.4,9.5,22.91,46.96,0,0,Hardware_Live
138.95,12.32,25.14,50.75,0,0,Hardware_Live
190.24,11.39,26.87,45.17,0,0,Hardware_Live
197.79,7.67,25.57,49.52,0,0,Hardware_Live
176.94,10.27,26.23,56.68,0,0,Hardware_Live
121.42,12.17,23.69,51.57,0,0,Hardware_Live
195.66,10.17,22.57,55.44,0,0,Hardware_Live
199.16,10.48,21.89,47.2,0,0,Hardware_Live
105.18,8.78,26.27,57.1,0,0,Hardware_Live
169.77,14.51,25.66,49.3,0,0,Hardware_Live
114.95,6.37,25.63,58.42,0,0,Hardware_Live
160.76,12.85,22.14,49.28,0,0,Hardware_Live
198.83,13.82,21.26,58.11,0,0,Hardware_Live
176.03,13.18,24.32,52.41,0,0,Hardware_Live
197.27,5.76,20.44,57.65,0,0,Hardware_Live
133.01,10.45,22.25,56.84,0,0,Hardware_Live
155.26,6.25,27.15,47.32,0,0,Hardware_Live
142.43,5.18,24.77,50.9,0,0,Hardware_Live
172.33,13.91,26.4,56.77,0,0,Hardware_Live
147.0,6.62,24.18,53.05,0,0,Hardware_Live
145.3,9.23,24.34,57.29,0,0,Hardware_Live
137.34,6.98,20.29,45.13,0,0,Hardware_Live
192.62,10.36,22.45,58.07,0,0,Hardware_Live
128.91,7.34,27.68,54.68,0,0,Hardware_Live
105.24,12.99,20.96,45.11,0,0,Hardware_Live
158.23,13.77,24.02,56.92,0,0,Hardware_Live
175.3,9.93,25.42,54.39,0,0,Hardware_Live
102.44,5.8,27.92,59.19,0,0,Hardware_Live
122.7,7.7,22.69,47.48,0,0,Hardware_Live
114.71,9.9,27.67,57.62,0,0,Hardware_Live
156.82,13.3,22.69,47.45,0,0,Hardware_Live
170.13,12.42,27.05,46.55,0,0,Hardware_Live
175.15,9.53,25.6,45.72,0,0,Hardware_Live
140.59,11.64,24.98,52.18,0,0,Hardware_Live
140.14,12.24,23.53,54.26,0,0,Hardware_Live
187.29,5.8,22.58,45.4,0,0,Hardware_Live
171.35,6.23,27.65,46.98,0,0,Hardware_Live
115.87,11.87,20.16,53.0,0,0,Hardware_Live
134.97,6.95,21.78,59.61,0,0,Hardware_Live
169.15,11.19,24.94,56.44,0,0,Hardware_Live
167.9,12.27,27.41,56.12,0,0,Hardware_Live
144.95,10.89,25.46,46.84,0,0,Hardware_Live
155.51,13.29,25.56,56.39,0,0,Hardware_Live
293.68,41.17,31.92,75.41,0,0,Hardware_Live
261.34,39.81,33.61,81.04,0,0,Hardware_Live
269.31,43.27,37.04,73.33,0,0,Hardware_Live
258.88,34.6,32.29,84.5,0,0,Hardware_Live
307.95,32.31,36.23,72.34,0,0,Hardware_Live
271.73,33.76,37.68,66.67,0,0,Hardware_Live
348.21,42.45,31.94,84.47,0,0,Hardware_Live
301.53,37.87,31.14,83.25,0,0,Hardware_Live
173.67,10.5,27.84,54.74,0,0,Hardware_Live
107.07,8.99,24.89,47.46,0,0,Hardware_Live
121.75,5.4,22.21,49.71,0,0,Hardware_Live
183.27,8.54,22.89,57.43,0,0,Hardware_Live
182.26,8.61,24.14,46.33,0,0,Hardware_Live
192.91,11.71,26.63,54.1,0,0,Hardware_Live
133.59,12.79,25.63,47.38,0,0,Hardware_Live
145.19,14.79,23.43,51.42,0,0,Hardware_Live
118.17,10.04,26.37,55.81,0,0,Hardware_Live
128.99,7.35,26.95,53.2,0,0,Hardware_Live
195.01,12.49,25.62,58.72,0,0,Hardware_Live
170.37,9.01,23.72,58.3,0,0,Hardware_Live
141.5,5.11,20.07,58.1,0,0,Hardware_Live
152.67,8.0,27.87,52.32,0,0,Hardware_Live
185.66,10.74,22.52,51.82,0,0,Hardware_Live
311.33,27.67,31.15,79.21,0,0,Hardware_Live
312.07,40.61,30.12,78.99,0,0,Hardware_Live
283.49,26.8,35.13,72.85,0,0,Hardware_Live
261.15,41.37,36.43,83.95,0,0,Hardware_Live
319.75,26.1,35.46,78.72,0,0,Hardware_Live
296.72,34.1,33.11,84.01,0,0,Hardware_Live
260.66,34.23,32.22,67.34,0,0,Hardware_Live
323.57,27.11,31.19,72.55,0,0,Hardware_Live
297.66,32.42,35.88,67.9,0,0,Hardware_Live
291.63,29.15,31.15,68.08,0,0,Hardware_Live
343.12,43.79,36.55,65.37,0,0,Hardware_Live
280.06,38.94,33.36,78.76,0,0,Hardware_Live
297.36,32.46,33.4,77.93,0,0,Hardware_Live
253.03,41.24,36.94,80.76,0,0,Hardware_Live
258.96,34.91,30.53,76.41,0,0,Hardware_Live
314.79,44.03,34.77,71.97,0,0,Hardware_Live
310.85,43.09,35.28,67.7,0,0,Hardware_Live
308.74,29.37,30.44,74.82,0,0,Hardware_Live
862.26,44.89,23.64,50.79,0,1,Hardware_Live
412.16,24.94,27.65,48.37,0,0,Hardware_Live
478.81,40.24,23.62,57.25,0,0,Hardware_Live
815.57,29.26,22.9,49.38,0,1,Hardware_Live
105.74,7.28,26.39,45.12,0,0,Hardware_Live
189.77,12.68,21.75,55.88,0,0,Hardware_Live
111.78,10.72,26.85,53.71,0,0,Hardware_Live
109.06,6.03,25.91,50.96,0,0,Hardware_Live
113.25,5.83,25.98,56.33,0,0,Hardware_Live
105.25,10.04,21.2,54.2,0,0,Hardware_Live
168.84,11.81,24.13,51.73,0,0,Hardware_Live
303.89,187.26,59.08,41.08,1,2,Hardware_Live
172.47,9.47,26.9,53.5,0,0,Hardware_Live
186.85,14.03,22.56,55.29,0,0,Hardware_Live
142.21,11.26,22.75,53.72,0,0,Hardware_Live
182.6,14.59,20.93,46.06,0,0,Hardware_Live
177.73,8.04,22.77,50.0,0,0,Hardware_Live
157.23,10.28,21.5,58.63,0,0,Hardware_Live
156.11,6.51,26.52,57.12,0,0,Hardware_Live
164.75,11.45,20.97,46.24,0,0,Hardware_Live
114.27,13.97,20.68,52.28,0,0,Hardware_Live
128.03,9.58,22.73,46.14,0,0,Hardware_Live
138.49,14.34,24.47,54.46,0,0,Hardware_Live
124.32,7.99,25.01,53.51,0,0,Hardware_Live
186.1,8.72,23.7,59.91,0,0,Hardware_Live
100.3,10.28,26.45,57.09,0,0,Hardware_Live
128.91,6.09,23.79,51.08,0,0,Hardware_Live
101.75,5.5,20.51,51.95,0,0,Hardware_Live
154.9,10.63,23.62,50.29,0,0,Hardware_Live
158.62,6.27,26.44,51.74,0,0,Hardware_Live
169.7,9.52,25.64,56.44,0,0,Hardware_Live
183.9,8.7,25.16,49.72,0,0,Hardware_Live
182.49,13.22,27.91,57.53,0,0,Hardware_Live
131.17,14.44,24.24,45.7,0,0,Hardware_Live
139.3,6.83,25.36,53.99,0,0,Hardware_Live
197.46,8.21,21.0,54.99,0,0,Hardware_Live
190.94,5.4,27.87,56.09,0,0,Hardware_Live
102.76,6.85,22.15,48.99,0,0,Hardware_Live
104.05,14.22,27.62,59.35,0,0,Hardware_Live
134.02,14.19,21.36,46.48,0,0,Hardware_Live
128.06,13.66,20.77,58.3,0,0,Hardware_Live
116.68,14.05,24.31,59.11,0,0,Hardware_Live
194.46,12.15,27.15,50.3,0,0,Hardware_Live
145.79,11.28,21.19,47.86,0,0,Hardware_Live
105.66,14.27,22.44,46.3,0,0,Hardware_Live
145.74,8.15,26.94,56.91,0,0,Hardware_Live
145.7,6.7,22.67,56.9,0,0,Hardware_Live
458.49,39.24,22.35,52.58,0,0,Hardware_Live
614.15,37.59,23.0,55.79,0,0,Hardware_Live
879.19,30.85,22.26,50.06,0,0,Hardware_Live
102.81,14.01,24.5,53.16,0,0,Hardware_Live
159.94,7.51,23.48,51.76,0,0,Hardware_Live
120.36,12.92,20.31,46.14,0,0,Hardware_Live
163.14,14.32,20.5,59.62,0,0,Hardware_Live
157.51,5.99,21.52,52.11,0,0,Hardware_Live
121.79,14.26,21.72,57.76,0,0,Hardware_Live
167.77,11.94,24.41,46.45,0,0,Hardware_Live
153.64,8.4,26.32,55.28,0,0,Hardware_Live
164.37,8.49,26.55,58.38,0,0,Hardware_Live
105.24,11.66,27.84,52.69,0,0,Hardware_Live
154.61,9.29,24.46,58.85,0,0,Hardware_Live
197.17,9.85,25.29,54.19,0,0,Hardware_Live
169.2,12.98,26.2,47.91,0,0,Hardware_Live
123.16,7.63,22.99,45.25,0,0,Hardware_Live
147.28,11.06,26.16,59.34,0,0,Hardware_Live
137.25,13.51,20.66,50.25,0,0,Hardware_Live
498.71,197.4,58.38,44.06,1,2,Hardware_Live
502.76,151.71,45.5,34.87,1,2,Hardware_Live
327.41,197.66,40.59,33.44,1,2,Hardware_Live
423.75,177.54,48.61,41.14,1,2,Hardware_Live
388.81,115.88,64.92,34.15,1,2,Hardware_Live
459.21,138.26,63.05,33.73,1,2,Hardware_Live
577.9,130.1,64.21,31.7,1,2,Hardware_Live
461.36,128.03,54.48,39.4,1,2,Hardware_Live
406.03,195.26,48.07,42.9,1,2,Hardware_Live
359.35,177.6,45.28,42.54,1,2,Hardware_Live
355.22,114.84,46.58,37.93,1,2,Hardware_Live
386.82,156.45,52.03,31.54,1,2,Hardware_Live
542.08,165.03,64.68,37.14,1,2,Hardware_Live
498.79,105.28,60.57,31.63,1,2,Hardware_Live
442.02,94.61,54.2,33.25,1,2,Hardware_Live
571.75,191.37,57.32,42.29,1,2,Hardware_Live
327.08,156.51,41.04,31.32,1,2,Hardware_Live
528.27,199.77,55.95,33.07,1,2,Hardware_Live
560.2,183.83,64.74,36.23,1,2,Hardware_Live
387.59,125.6,42.66,37.8,1,2,Hardware_Live
547.75,91.32,42.17,42.38,1,2,Hardware_Live
400.52,166.84,50.63,39.15,1,2,Hardware_Live
317.15,105.08,58.7,37.09,1,2,Hardware_Live
583.86,140.32,56.63,30.61,1,2,Hardware_Live
382.41,190.61,51.99,31.87,1,2,Hardware_Live
525.47,113.07,47.61,37.83,1,2,Hardware_Live
482.71,182.49,54.32,33.97,1,2,Hardware_Live
580.11,153.7,40.24,31.44,1,2,Hardware_Live
405.2,128.62,52.71,41.21,1,2,Hardware_Live
536.84,88.9,44.08,38.22,1,2,Hardware_Live
526.35,188.17,50.68,35.45,1,2,Hardware_Live
477.49,109.67,51.46,32.78,1,2,Hardware_Live
401.3,179.41,46.97,42.33,1,2,Hardware_Live
446.62,183.12,42.47,40.67,1,2,Hardware_Live
342.53,174.07,42.36,37.56,1,2,Hardware_Live
363.22,95.17,53.37,35.55,1,2,Hardware_Live
189.11,14.83,24.98,53.08,0,0,Hardware_Live
181.72,9.7,25.92,58.95,0,0,Hardware_Live
192.66,7.78,27.69,48.97,0,0,Hardware_Live
133.04,5.8,26.96,53.24,0,0,Hardware_Live
123.41,6.07,24.62,57.62,0,0,Hardware_Live
104.53,8.34,23.71,59.1,0,0,Hardware_Live
148.11,14.16,24.49,49.21,0,0,Hardware_Live
192.24,14.71,25.89,46.41,0,0,Hardware_Live
135.44,7.94,25.95,59.8,0,0,Hardware_Live
154.02,11.3,27.72,45.54,0,0,Hardware_Live
171.47,11.06,23.41,51.0,0,0,Hardware_Live
143.19,13.74,25.32,57.06,0,0,Hardware_Live
103.47,12.87,24.43,53.25,0,0,Hardware_Live
108.41,12.1,25.18,55.02,0,0,Hardware_Live
115.37,7.88,23.24,50.03,0,0,Hardware_Live
124.06,14.64,23.84,58.75,0,0,Hardware_Live
143.59,6.23,21.15,52.89,0,0,Hardware_Live
108.13,12.83,20.82,59.8,0,0,Hardware_Live
152.16,12.23,26.21,54.82,0,0,Hardware_Live
191.3,9.58,27.91,50.12,0,0,Hardware_Live
108.85,10.89,24.22,58.09,0,0,Hardware_Live
128.7,10.95,23.02,58.0,0,0,Hardware_Live
103.46,7.68,23.7,57.81,0,0,Hardware_Live
174.02,12.93,26.77,47.06,0,0,Hardware_Live
136.36,7.08,21.33,49.96,0,0,Hardware_Live
103.55,6.57,23.54,47.15,0,0,Hardware_Live
102.15,14.59,26.51,51.01,0,0,Hardware_Live
169.99,13.35,23.6,53.85,0,0,Hardware_Live
153.02,5.02,21.56,45.08,0,0,Hardware_Live
132.54,9.7,23.38,50.61,0,0,Hardware_Live
122.95,7.03,24.0,54.14,0,0,Hardware_Live
126.06,10.1,27.32,54.27,0,0,Hardware_Live
156.69,6.39,20.6,51.56,0,0,Hardware_Live
188.84,10.28,22.61,47.69,0,0,Hardware_Live
183.37,12.22,21.43,45.99,0,0,Hardware_Live
167.56,14.28,26.13,56.74,0,0,Hardware_Live
190.77,14.93,20.71,46.17,0,0,Hardware_Live
168.34,9.39,22.37,48.97,0,0,Hardware_Live
153.23,5.3,20.05,47.83,0,0,Hardware_Live
166.79,13.95,22.01,45.93,0,0,Hardware_Live
156.5,12.38,25.81,46.71,0,0,Hardware_Live
107.38,8.11,25.68,55.91,0,0,Hardware_Live
155.49,8.19,23.7,53.88,0,0,Hardware_Live
104.48,6.0,23.53,59.77,0,0,Hardware_Live
143.35,5.39,23.98,59.96,0,0,Hardware_Live
164.14,11.68,22.56,59.22,0,0,Hardware_Live
151.29,5.42,25.12,49.61,0,0,Hardware_Live
192.3,5.77,23.14,52.16,0,0,Hardware_Live
184.53,11.67,25.71,52.46,0,0,Hardware_Live
179.46,10.21,24.66,52.21,0,0,Hardware_Live
158.94,9.32,26.67,55.37,0,0,Hardware_Live
101.54,7.34,22.78,55.45,0,0,Hardware_Live
108.84,11.52,20.18,50.55,0,0,Hardware_Live
172.33,7.74,21.69,59.57,0,0,Hardware_Live
192.25,10.5,20.11,45.81,0,0,Hardware_Live
143.83,6.26,24.82,52.85,0,0,Hardware_Live
152.18,6.94,22.3,53.86,0,0,Hardware_Live
103.61,13.17,25.4,45.77,0,0,Hardware_Live
138.0,9.05,20.91,57.54,0,0,Hardware_Live
139.82,14.48,25.18,59.99,0,0,Hardware_Live
194.73,14.78,20.64,47.98,0,0,Hardware_Live
158.25,14.92,26.74,55.54,0,0,Hardware_Live
133.53,12.1,20.78,45.57,0,0,Hardware_Live
121.12,11.07,24.05,47.2,0,0,Hardware_Live
131.03,12.16,27.61,45.02,0,0,Hardware_Live
145.07,11.74,22.51,59.07,0,0,Hardware_Live
171.29,12.4,27.91,59.64,0,0,Hardware_Live
126.89,11.32,25.73,52.19,0,0,Hardware_Live
145.85,5.69,26.27,52.32,0,0,Hardware_Live
285.82,30.33,37.01,72.74,0,0,Hardware_Live
276.09,27.92,34.56,84.07,0,0,Hardware_Live
307.5,26.32,32.31,69.96,0,0,Hardware_Live
258.5,44.45,34.08,69.64,0,0,Hardware_Live
763.11,40.83,24.54,52.46,0,1,Hardware_Live
878.23,31.22,23.91,55.48,0,1,Hardware_Live
620.75,23.62,26.43,49.4,0,0,Hardware_Live
577.79,44.71,22.56,57.92,0,0,Hardware_Live
676.07,20.08,26.93,59.79,0,0,Hardware_Live
603.9,49.54,23.34,47.05,0,0,Hardware_Live
748.06,49.36,26.7,58.97,0,1,Hardware_Live
639.24,25.2,27.24,47.03,0,0,Hardware_Live
799.11,33.79,24.17,46.8,0,1,Hardware_Live
140.92,6.2,21.68,55.94,0,0,Hardware_Live
124.3,5.78,26.77,49.82,0,0,Hardware_Live
173.05,10.05,26.49,52.37,0,0,Hardware_Live
111.72,14.05,27.69,47.38,0,0,Hardware_Live
134.57,14.95,21.68,54.83,0,0,Hardware_Live
149.98,10.51,23.36,55.64,0,0,Hardware_Live
180.05,5.53,25.98,51.43,0,0,Hardware_Live
175.86,14.55,22.36,53.9,0,0,Hardware_Live
167.25,5.49,25.02,50.92,0,0,Hardware_Live
158.87,13.07,20.14,57.64,0,0,Hardware_Live
135.08,9.43,20.49,49.2,0,0,Hardware_Live
144.13,11.26,24.29,50.12,0,0,Hardware_Live
158.18,7.99,25.3,54.84,0,0,Hardware_Live
160.35,8.39,24.98,56.59,0,0,Hardware_Live
138.77,8.05,20.91,60.0,0,0,Hardware_Live
193.04,9.0,27.17,55.09,0,0,Hardware_Live
184.33,13.02,22.25,48.12,0,0,Hardware_Live
158.94,14.41,26.21,45.7,0,0,Hardware_Live
573.85,186.31,62.02,40.03,1,2,Hardware_Live
381.38,176.39,64.7,34.45,1,2,Hardware_Live
197.69,9.36,23.27,56.05,0,0,Hardware_Live
169.05,6.68,27.8,48.45,0,0,Hardware_Live
136.99,14.18,26.46,53.98,0,0,Hardware_Live
170.61,9.71,25.42,46.69,0,0,Hardware_Live
157.22,13.07,21.06,49.6,0,0,Hardware_Live
140.95,13.85,24.91,55.28,0,0,Hardware_Live
187.01,8.62,21.33,53.09,0,0,Hardware_Live
136.48,14.75,25.38,47.34,0,0,Hardware_Live
116.74,6.03,27.79,46.95,0,0,Hardware_Live
184.07,9.42,23.04,50.95,0,0,Hardware_Live
153.83,8.82,25.67,52.25,0,0,Hardware_Live
176.2,7.28,25.6,47.94,0,0,Hardware_Live
104.64,9.57,25.27,51.37,0,0,Hardware_Live
187.76,12.17,25.21,56.01,0,0,Hardware_Live
176.77,11.83,25.97,57.55,0,0,Hardware_Live
186.65,9.74,22.39,57.66,0,0,Hardware_Live
163.06,6.5,22.06,47.74,0,0,Hardware_Live
129.63,7.72,25.39,55.16,0,0,Hardware_Live
117.79,7.96,22.46,51.09,0,0,Hardware_Live
195.89,7.4,22.59,50.39,0,0,Hardware_Live
142.67,14.45,21.13,54.72,0,0,Hardware_Live
115.35,13.6,23.49,49.82,0,0,Hardware_Live
169.85,11.81,27.65,54.21,0,0,Hardware_Live
180.96,7.69,22.5,56.51,0,0,Hardware_Live
120.97,11.73,20.71,51.04,0,0,Hardware_Live
176.4,13.69,25.59,58.63,0,0,Hardware_Live
131.67,7.73,26.39,48.58,0,0,Hardware_Live
196.64,5.77,27.54,56.15,0,0,Hardware_Live
120.55,12.29,26.32,59.39,0,0,Hardware_Live
123.83,8.84,27.18,49.37,0,0,Hardware_Live
126.44,10.57,27.7,50.15,0,0,Hardware_Live
107.99,7.16,21.5,56.31,0,0,Hardware_Live
144.16,12.87,26.25,52.47,0,0,Hardware_Live
116.5,6.7,26.19,45.2,0,0,Hardware_Live
195.61,7.63,21.41,52.97,0,0,Hardware_Live
191.44,5.4,20.28,48.73,0,0,Hardware_Live
124.57,10.58,22.16,53.16,0,0,Hardware_Live
151.62,8.88,20.84,52.39,0,0,Hardware_Live
143.71,11.25,22.46,58.74,0,0,Hardware_Live
179.1,10.68,23.44,59.28,0,0,Hardware_Live
101.78,8.88,20.29,55.11,0,0,Hardware_Live
101.67,12.73,25.72,48.8,0,0,Hardware_Live
145.61,12.87,23.94,49.87,0,0,Hardware_Live
164.05,5.4,21.65,53.64,0,0,Hardware_Live
179.27,8.75,24.71,49.42,0,0,Hardware_Live
145.67,10.84,26.37,47.75,0,0,Hardware_Live
192.62,13.61,22.22,55.65,0,0,Hardware_Live
112.59,9.76,22.62,48.4,0,0,Hardware_Live
116.72,6.9,25.44,53.24,0,0,Hardware_Live
116.16,8.37,22.49,59.11,0,0,Hardware_Live
166.22,11.36,21.66,47.34,0,0,Hardware_Live
116.19,10.73,22.31,51.72,0,0,Hardware_Live
176.57,8.06,25.29,54.13,0,0,Hardware_Live
165.93,13.76,20.99,57.78,0,0,Hardware_Live
117.86,13.74,25.93,54.51,0,0,Hardware_Live
130.3,9.47,27.77,50.8,0,0,Hardware_Live
130.23,10.36,25.15,51.62,0,0,Hardware_Live
157.95,13.64,25.85,55.45,0,0,Hardware_Live
114.01,5.31,24.58,54.86,0,0,Hardware_Live
114.62,13.74,20.84,47.66,0,0,Hardware_Live
184.7,5.76,24.85,45.74,0,0,Hardware_Live
189.82,12.85,26.66,53.99,0,0,Hardware_Live
110.01,5.86,26.99,55.56,0,0,Hardware_Live
184.95,5.61,23.47,58.86,0,0,Hardware_Live
100.5,12.58,26.04,47.32,0,0,Hardware_Live
143.93,10.45,25.91,50.8,0,0,Hardware_Live
162.78,7.13,23.36,54.33,0,0,Hardware_Live
101.38,12.1,20.72,50.91,0,0,Hardware_Live
185.28,7.69,21.27,58.7,0,0,Hardware_Live
147.19,9.34,26.14,59.72,0,0,Hardware_Live
142.68,11.08,21.25,46.83,0,0,Hardware_Live
178.68,12.53,24.33,59.63,0,0,Hardware_Live
163.2,13.91,24.94,51.45,0,0,Hardware_Live
171.2,11.49,21.3,57.78,0,0,Hardware_Live
175.1,10.8,26.96,55.3,0,0,Hardware_Live
136.59,8.52,25.7,48.71,0,0,Hardware_Live
153.18,11.23,24.27,53.68,0,0,Hardware_Live
117.27,9.9,26.04,53.78,0,0,Hardware_Live
160.58,5.16,20.62,53.88,0,0,Hardware_Live
142.81,11.98,24.07,55.09,0,0,Hardware_Live
118.88,14.06,22.62,51.34,0,0,Hardware_Live
289.66,44.09,30.12,71.53,0,0,Hardware_Live
271.04,27.26,35.39,84.46,0,0,Hardware_Live
281.07,41.51,31.33,76.28,0,0,Hardware_Live
309.44,35.86,37.96,71.0,0,0,Hardware_Live
267.23,29.59,37.95,84.17,0,0,Hardware_Live
864.53,48.97,24.45,57.58,0,1,Hardware_Live
630.33,20.78,23.52,46.19,0,0,Hardware_Live
758.98,41.63,22.99,59.42,0,1,Hardware_Live
533.43,48.45,24.87,57.75,0,0,Hardware_Live
666.86,44.36,24.04,51.58,0,0,Hardware_Live
636.77,34.42,27.04,51.28,0,0,Hardware_Live
880.06,28.08,23.42,53.09,0,1,Hardware_Live
548.62,22.96,26.44,54.63,0,0,Hardware_Live
893.22,44.6,24.12,48.45,0,1,Hardware_Live
524.83,25.06,22.56,58.16,0,0,Hardware_Live
882.16,44.31,24.77,57.93,0,1,Hardware_Live
785.26,39.2,27.16,58.93,0,1,Hardware_Live
710.4,23.3,22.6,53.46,0,0,Hardware_Live
844.25,20.56,26.66,48.59,0,1,Hardware_Live
101.69,12.99,22.04,53.76,0,0,Hardware_Live
194.79,5.07,24.92,47.4,0,0,Hardware_Live
102.18,10.8,24.45,59.82,0,0,Hardware_Live
103.8,12.87,21.08,54.78,0,0,Hardware_Live
192.41,13.75,22.69,54.64,0,0,Hardware_Live
105.6,8.54,21.32,50.39,0,0,Hardware_Live
163.26,5.97,27.0,56.15,0,0,Hardware_Live
110.82,14.28,25.84,47.74,0,0,Hardware_Live
117.15,14.06,22.54,46.98,0,0,Hardware_Live
141.3,9.08,24.4,46.79,0,0,Hardware_Live
170.31,6.55,25.73,53.32,0,0,Hardware_Live
151.25,11.26,24.24,50.76,0,0,Hardware_Live
199.44,10.84,23.68,54.42,0,0,Hardware_Live
161.8,10.37,22.16,45.88,0,0,Hardware_Live
135.16,6.94,23.97,57.49,0,0,Hardware_Live
137.31,13.54,26.6,51.35,0,0,Hardware_Live
132.81,13.42,24.49,45.14,0,0,Hardware_Live
189.01,10.23,22.82,46.42,0,0,Hardware_Live
134.06,8.48,23.01,59.18,0,0,Hardware_Live
563.17,184.57,42.77,36.96,1,2,Hardware_Live
325.33,160.28,59.23,42.16,1,2,Hardware_Live
587.41,117.64,55.34,40.67,1,2,Hardware_Live
576.38,91.44,54.81,42.39,1,2,Hardware_Live
439.01,116.99,42.35,31.24,1,2,Hardware_Live
579.97,131.11,41.64,31.49,1,2,Hardware_Live
441.54,115.36,53.91,40.96,1,2,Hardware_Live
325.46,131.43,51.68,40.23,1,2,Hardware_Live
557.73,94.07,63.3,42.57,1,2,Hardware_Live
496.23,98.94,51.8,35.37,1,2,Hardware_Live
582.72,119.18,51.63,39.36,1,2,Hardware_Live
397.75,185.23,62.33,35.81,1,2,Hardware_Live
321.4,136.79,60.61,41.95,1,2,Hardware_Live
406.12,100.26,51.01,35.64,1,2,Hardware_Live
412.12,119.03,64.27,35.28,1,2,Hardware_Live
370.74,186.89,56.28,37.99,1,2,Hardware_Live
159.56,7.01,22.98,49.59,0,0,Hardware_Live
110.91,14.89,25.98,57.2,0,0,Hardware_Live
142.83,10.49,22.48,55.45,0,0,Hardware_Live
166.4,10.0,20.16,58.0,0,0,Hardware_Live
130.41,11.41,21.32,58.61,0,0,Hardware_Live
182.83,6.34,26.69,49.06,0,0,Hardware_Live
115.55,12.77,26.4,46.63,0,0,Hardware_Live
167.1,9.23,27.1,52.82,0,0,Hardware_Live
141.68,7.68,20.83,58.59,0,0,Hardware_Live
165.19,7.41,27.31,50.2,0,0,Hardware_Live
104.81,14.76,21.06,52.62,0,0,Hardware_Live
141.69,7.77,22.86,58.39,0,0,Hardware_Live
182.27,9.51,20.09,51.26,0,0,Hardware_Live
100.11,6.58,23.23,55.99,0,0,Hardware_Live
159.63,10.02,20.17,46.7,0,0,Hardware_Live
176.36,8.34,21.05,56.34,0,0,Hardware_Live
111.42,14.52,25.64,54.02,0,0,Hardware_Live
337.57,39.23,32.85,76.2,0,0,Hardware_Live
250.06,38.14,35.41,79.09,0,0,Hardware_Live
278.1,36.09,32.47,76.78,0,0,Hardware_Live
297.4,40.11,34.9,70.88,0,0,Hardware_Live
345.16,29.03,37.98,82.83,0,0,Hardware_Live
260.62,37.0,32.09,68.39,0,0,Hardware_Live
282.31,31.86,31.89,76.27,0,0,Hardware_Live
272.1,36.07,31.16,66.69,0,0,Hardware_Live
266.6,29.11,32.9,67.58,0,0,Hardware_Live
283.95,39.98,34.68,68.57,0,0,Hardware_Live
268.96,34.8,36.28,71.57,0,0,Hardware_Live
271.65,41.95,35.06,70.65,0,0,Hardware_Live
251.04,39.9,35.63,83.36,0,0,Hardware_Live
315.73,40.11,32.78,78.77,0,0,Hardware_Live
333.96,42.6,34.97,73.33,0,0,Hardware_Live
290.65,26.3,36.46,78.56,0,0,Hardware_Live
288.12,35.43,37.33,79.03,0,0,Hardware_Live
347.11,38.02,36.52,69.92,0,0,Hardware_Live
309.58,33.15,30.75,67.7,0,0,Hardware_Live
322.34,36.1,34.46,75.05,0,0,Hardware_Live
329.79,29.69,35.96,72.92,0,0,Hardware_Live
277.26,37.74,34.67,70.59,0,0,Hardware_Live
267.28,37.85,34.15,67.26,0,0,Hardware_Live
294.46,43.59,37.58,78.23,0,0,Hardware_Live
264.53,34.96,30.63,65.03,0,0,Hardware_Live
272.06,37.55,32.84,72.04,0,0,Hardware_Live
335.13,29.54,32.53,76.76,0,0,Hardware_Live
316.02,25.16,33.46,84.12,0,0,Hardware_Live
434.89,45.35,25.87,59.56,0,0,Hardware_Live
823.12,23.73,24.9,47.96,0,1,Hardware_Live
892.38,37.1,27.38,54.84,0,1,Hardware_Live
895.58,25.43,26.29,56.57,0,1,Hardware_Live
404.89,49.02,24.17,57.46,0,0,Hardware_Live
557.81,44.37,25.38,46.67,0,0,Hardware_Live
625.27,48.19,22.64,45.92,0,0,Hardware_Live
664.66,43.46,26.93,47.78,0,0,Hardware_Live
132.06,10.48,26.77,48.0,0,0,Hardware_Live
170.27,9.75,20.17,54.62,0,0,Hardware_Live
178.41,9.81,21.06,58.28,0,0,Hardware_Live
189.72,7.07,24.01,51.42,0,0,Hardware_Live
130.28,13.81,25.0,58.23,0,0,Hardware_Live
356.57,151.45,63.49,34.04,1,2,Hardware_Live
576.14,162.48,51.11,35.47,1,2,Hardware_Live
177.24,5.39,27.16,59.12,0,0,Hardware_Live
111.79,8.7,21.93,52.83,0,0,Hardware_Live
106.02,6.52,27.09,51.68,0,0,Hardware_Live
182.83,6.48,25.14,45.67,0,0,Hardware_Live
192.66,13.22,20.4,52.94,0,0,Hardware_Live
188.44,14.02,23.74,51.25,0,0,Hardware_Live
187.45,10.75,24.78,55.59,0,0,Hardware_Live
102.1,11.78,24.36,51.6,0,0,Hardware_Live
198.36,9.24,26.96,51.33,0,0,Hardware_Live
122.99,5.3,20.19,49.55,0,0,Hardware_Live
110.99,9.86,20.09,49.94,0,0,Hardware_Live
143.19,6.09,23.92,59.88,0,0,Hardware_Live
139.08,7.25,20.83,47.8,0,0,Hardware_Live
117.04,11.59,20.83,51.33,0,0,Hardware_Live
199.34,5.63,20.4,52.56,0,0,Hardware_Live
192.59,12.03,24.54,50.55,0,0,Hardware_Live
138.79,5.09,20.23,46.7,0,0,Hardware_Live
176.3,13.09,22.68,50.13,0,0,Hardware_Live
190.52,10.47,25.54,57.2,0,0,Hardware_Live
199.75,12.21,25.24,54.81,0,0,Hardware_Live
106.84,6.92,25.9,59.03,0,0,Hardware_Live
109.3,8.21,23.26,58.44,0,0,Hardware_Live
156.94,10.4,22.38,54.37,0,0,Hardware_Live
192.38,9.22,20.07,50.02,0,0,Hardware_Live
102.34,11.66,23.64,45.16,0,0,Hardware_Live
157.33,13.51,22.74,58.45,0,0,Hardware_Live
176.31,5.31,20.67,51.21,0,0,Hardware_Live
186.1,12.94,23.02,45.71,0,0,Hardware_Live
194.8,6.74,24.79,45.56,0,0,Hardware_Live
139.59,11.97,23.33,52.74,0,0,Hardware_Live
184.5,11.94,22.88,55.09,0,0,Hardware_Live
112.19,13.41,26.89,45.24,0,0,Hardware_Live
107.33,14.54,23.63,49.45,0,0,Hardware_Live
197.09,9.4,22.62,47.09,0,0,Hardware_Live
105.21,12.12,27.63,58.61,0,0,Hardware_Live
108.24,9.77,20.8,50.24,0,0,Hardware_Live
113.7,5.19,22.78,50.98,0,0,Hardware_Live
163.34,10.85,26.4,49.15,0,0,Hardware_Live
146.26,6.09,22.96,50.91,0,0,Hardware_Live
149.99,5.48,25.58,56.1,0,0,Hardware_Live
168.86,10.17,21.4,45.43,0,0,Hardware_Live
154.96,14.9,25.19,48.18,0,0,Hardware_Live
106.6,8.52,23.65,51.64,0,0,Hardware_Live
116.17,10.92,24.03,50.78,0,0,Hardware_Live
123.65,12.06,25.04,45.32,0,0,Hardware_Live
167.61,6.21,20.74,49.76,0,0,Hardware_Live
129.69,13.97,27.52,49.28,0,0,Hardware_Live
175.04,6.44,24.8,55.31,0,0,Hardware_Live
162.5,10.74,22.63,53.12,0,0,Hardware_Live
128.12,13.3,26.04,56.86,0,0,Hardware_Live
104.23,5.23,24.69,47.94,0,0,Hardware_Live
104.49,7.12,26.89,59.9,0,0,Hardware_Live
125.09,8.13,24.46,57.01,0,0,Hardware_Live
198.93,14.31,25.31,59.5,0,0,Hardware_Live
148.92,7.79,21.45,58.8,0,0,Hardware_Live
198.81,7.64,21.39,57.23,0,0,Hardware_Live
168.83,7.98,23.33,59.55,0,0,Hardware_Live
174.12,11.37,22.63,53.83,0,0,Hardware_Live
169.57,7.27,24.61,54.05,0,0,Hardware_Live
106.04,13.14,23.12,56.0,0,0,Hardware_Live
110.16,7.5,27.03,55.59,0,0,Hardware_Live
159.43,11.95,21.97,53.29,0,0,Hardware_Live
150.05,14.74,25.23,49.72,0,0,Hardware_Live
199.32,7.59,24.56,55.52,0,0,Hardware_Live
159.58,5.06,22.63,56.0,0,0,Hardware_Live
125.39,9.39,24.09,49.8,0,0,Hardware_Live
190.58,11.77,20.17,54.57,0,0,Hardware_Live
199.7,11.42,22.15,51.28,0,0,Hardware_Live
151.73,11.01,27.18,57.22,0,0,Hardware_Live
135.33,9.48,25.12,54.01,0,0,Hardware_Live
136.36,5.84,22.84,59.21,0,0,Hardware_Live
120.05,6.88,27.02,52.47,0,0,Hardware_Live
101.42,14.68,25.94,53.49,0,0,Hardware_Live
116.68,5.81,25.93,45.52,0,0,Hardware_Live
102.39,9.03,21.45,54.01,0,0,Hardware_Live
185.76,6.65,20.38,50.46,0,0,Hardware_Live
182.84,10.8,27.21,59.83,0,0,Hardware_Live
168.48,13.7,27.44,58.59,0,0,Hardware_Live
144.48,5.87,25.42,53.38,0,0,Hardware_Live
132.64,11.26,26.39,56.94,0,0,Hardware_Live
105.42,10.1,23.32,59.59,0,0,Hardware_Live
162.25,5.17,20.11,57.08,0,0,Hardware_Live
124.84,5.02,25.45,54.97,0,0,Hardware_Live
185.63,10.08,24.09,48.81,0,0,Hardware_Live
177.27,9.99,24.8,47.54,0,0,Hardware_Live
176.57,5.06,24.69,50.05,0,0,Hardware_Live
156.91,13.48,23.15,59.28,0,0,Hardware_Live
190.6,7.61,24.14,51.0,0,0,Hardware_Live
197.25,11.74,22.66,52.63,0,0,Hardware_Live
161.27,10.06,25.84,54.58,0,0,Hardware_Live
319.11,35.08,33.61,75.46,0,0,Hardware_Live
733.21,47.09,25.24,57.51,0,1,Hardware_Live
481.65,38.63,27.58,56.11,0,0,Hardware_Live
192.43,12.27,24.96,45.82,0,0,Hardware_Live
131.81,7.59,20.71,59.13,0,0,Hardware_Live
194.28,13.95,20.91,58.27,0,0,Hardware_Live
103.07,13.12,21.84,57.86,0,0,Hardware_Live
438.16,100.24,52.06,42.19,1,2,Hardware_Live
448.33,132.33,62.92,30.28,1,2,Hardware_Live
319.01,98.31,57.14,36.32,1,2,Hardware_Live
358.81,86.94,57.92,42.17,1,2,Hardware_Live
354.38,104.74,54.64,32.86,1,2,Hardware_Live
561.73,102.27,45.38,35.02,1,2,Hardware_Live
428.13,125.59,49.12,39.13,1,2,Hardware_Live
549.38,115.42,46.51,41.59,1,2,Hardware_Live
314.03,132.3,52.32,40.44,1,2,Hardware_Live
576.32,173.52,44.52,32.05,1,2,Hardware_Live
323.32,108.77,63.47,36.38,1,2,Hardware_Live
501.83,187.56,53.67,32.89,1,2,Hardware_Live
315.86,188.15,43.91,35.8,1,2,Hardware_Live
343.18,169.24,50.22,34.91,1,2,Hardware_Live
574.5,171.07,48.76,30.23,1,2,Hardware_Live
576.02,117.53,49.44,41.05,1,2,Hardware_Live
307.91,143.4,55.67,33.57,1,2,Hardware_Live
585.5,148.7,48.97,42.59,1,2,Hardware_Live
123.6,10.67,21.2,46.09,0,0,Hardware_Live
164.53,6.84,23.31,54.09,0,0,Hardware_Live
166.43,13.31,21.54,52.8,0,0,Hardware_Live
194.16,7.91,27.24,58.65,0,0,Hardware_Live
139.16,12.33,21.87,48.08,0,0,Hardware_Live
169.03,10.45,27.42,49.46,0,0,Hardware_Live
141.41,6.69,25.55,52.03,0,0,Hardware_Live
186.84,11.83,24.54,47.18,0,0,Hardware_Live
152.25,10.58,25.09,56.56,0,0,Hardware_Live
146.7,14.33,22.33,52.83,0,0,Hardware_Live
143.76,6.67,26.35,47.77,0,0,Hardware_Live
141.22,12.7,26.36,47.12,0,0,Hardware_Live
156.82,7.11,23.22,55.62,0,0,Hardware_Live
158.03,7.74,21.22,50.34,0,0,Hardware_Live
117.7,9.81,23.26,54.46,0,0,Hardware_Live
197.59,9.93,21.89,46.16,0,0,Hardware_Live
110.69,10.38,27.79,54.49,0,0,Hardware_Live
192.93,5.61,20.74,59.39,0,0,Hardware_Live
119.47,14.6,22.55,48.37,0,0,Hardware_Live
139.98,10.38,20.26,48.97,0,0,Hardware_Live
150.92,12.34,27.09,50.09,0,0,Hardware_Live
156.89,12.59,20.59,54.19,0,0,Hardware_Live
135.74,8.91,22.25,45.6,0,0,Hardware_Live
107.49,11.48,26.3,52.39,0,0,Hardware_Live
163.74,7.33,25.4,56.23,0,0,Hardware_Live
153.51,13.5,23.08,51.48,0,0,Hardware_Live
130.09,7.3,25.18,54.45,0,0,Hardware_Live
191.89,6.17,21.57,48.28,0,0,Hardware_Live
134.43,9.32,21.54,56.07,0,0,Hardware_Live
160.89,5.32,22.63,46.2,0,0,Hardware_Live
112.51,14.99,20.95,52.08,0,0,Hardware_Live
100.89,7.57,26.89,51.36,0,0,Hardware_Live
180.0,5.28,26.51,55.03,0,0,Hardware_Live
145.53,6.83,24.49,46.9,0,0,Hardware_Live
125.39,10.32,24.21,59.83,0,0,Hardware_Live
156.08,6.84,23.33,59.61,0,0,Hardware_Live
158.02,8.88,22.14,45.89,0,0,Hardware_Live
156.58,13.79,23.57,53.17,0,0,Hardware_Live
151.77,6.6,22.24,58.09,0,0,Hardware_Live
140.94,5.13,25.38,49.77,0,0,Hardware_Live
129.12,13.47,23.97,50.51,0,0,Hardware_Live
154.31,14.97,22.11,58.52,0,0,Hardware_Live
173.86,12.82,23.16,58.6,0,0,Hardware_Live
102.79,7.08,27.42,58.43,0,0,Hardware_Live
191.67,7.96,27.11,55.6,0,0,Hardware_Live
149.88,7.1,22.67,54.06,0,0,Hardware_Live
142.56,12.21,20.63,55.3,0,0,Hardware_Live
124.88,14.78,21.41,46.28,0,0,Hardware_Live
175.27,5.01,20.85,46.69,0,0,Hardware_Live
152.28,11.92,24.48,49.8,0,0,Hardware_Live
187.76,12.41,22.96,49.33,0,0,Hardware_Live
184.95,9.13,24.4,53.49,0,0,Hardware_Live
133.26,5.79,26.89,56.98,0,0,Hardware_Live
156.9,9.43,26.53,46.94,0,0,Hardware_Live
286.11,39.65,33.98,78.09,0,0,Hardware_Live
421.0,39.21,26.38,45.17,0,0,Hardware_Live
803.69,43.47,26.13,48.5,0,1,Hardware_Live
611.5,24.5,27.18,51.35,0,0,Hardware_Live
520.1,23.24,22.44,48.87,0,0,Hardware_Live
888.14,33.01,22.58,45.1,0,1,Hardware_Live
880.75,46.42,23.89,58.26,0,1,Hardware_Live
599.83,27.01,26.43,46.77,0,0,Hardware_Live
649.9,43.27,23.84,49.82,0,0,Hardware_Live
182.33,12.71,24.8,59.46,0,0,Hardware_Live
124.99,11.51,22.72,51.15,0,0,Hardware_Live
158.13,6.18,20.53,50.27,0,0,Hardware_Live
173.29,11.72,23.41,58.68,0,0,Hardware_Live
415.32,168.19,45.93,36.7,1,2,Hardware_Live
530.49,177.4,45.21,38.93,1,2,Hardware_Live
572.8,101.32,60.21,34.67,1,2,Hardware_Live
557.19,173.95,40.26,32.19,1,2,Hardware_Live
443.77,193.03,45.52,40.1,1,2,Hardware_Live
485.13,83.42,53.39,34.3,1,2,Hardware_Live
416.1,186.36,53.96,40.57,1,2,Hardware_Live
375.44,111.89,56.89,32.06,1,2,Hardware_Live
470.01,124.02,57.74,40.59,1,2,Hardware_Live
546.94,178.43,40.74,44.84,1,2,Hardware_Live
134.35,10.98,26.84,46.56,0,0,Hardware_Live
170.95,5.79,27.13,48.0,0,0,Hardware_Live
195.83,12.54,21.57,54.0,0,0,Hardware_Live
128.32,12.92,23.91,53.97,0,0,Hardware_Live
185.84,14.25,20.31,55.14,0,0,Hardware_Live
193.12,10.77,25.31,50.31,0,0,Hardware_Live
196.92,6.22,25.99,50.3,0,0,Hardware_Live
128.77,6.76,20.07,47.03,0,0,Hardware_Live
103.72,11.77,24.23,58.31,0,0,Hardware_Live
169.21,13.15,27.33,52.71,0,0,Hardware_Live
176.31,14.35,24.3,55.9,0,0,Hardware_Live
146.97,10.31,26.04,50.28,0,0,Hardware_Live
141.93,13.26,24.47,55.91,0,0,Hardware_Live
173.09,9.24,22.35,53.31,0,0,Hardware_Live
166.07,13.35,20.84,48.05,0,0,Hardware_Live
271.45,42.65,35.38,67.92,0,0,Hardware_Live
650.8,38.27,25.56,53.92,0,0,Hardware_Live
684.08,25.96,24.48,45.35,0,0,Hardware_Live
857.69,35.65,24.4,53.59,0,1,Hardware_Live
616.88,45.16,27.55,47.07,0,0,Hardware_Live
566.18,32.01,23.82,52.02,0,0,Hardware_Live
553.92,28.18,27.0,57.11,0,0,Hardware_Live
629.13,24.91,22.72,58.57,0,0,Hardware_Live
680.32,37.44,26.3,55.65,0,0,Hardware_Live
601.05,25.64,22.71,50.41,0,0,Hardware_Live
874.71,28.41,24.35,55.39,0,1,Hardware_Live
806.04,23.85,24.87,51.11,0,1,Hardware_Live
887.66,24.99,26.84,46.87,0,1,Hardware_Live
831.27,36.32,25.83,56.84,0,1,Hardware_Live
859.12,46.28,22.64,49.9,0,1,Hardware_Live
782.72,41.43,23.85,52.11,0,1,Hardware_Live
825.7,20.45,24.25,48.69,0,1,Hardware_Live
175.53,13.02,20.66,48.35,0,0,Hardware_Live
117.87,11.7,25.11,48.39,0,0,Hardware_Live
124.16,9.02,27.47,54.23,0,0,Hardware_Live
164.16,7.85,21.33,48.39,0,0,Hardware_Live
185.96,9.54,22.15,49.16,0,0,Hardware_Live
133.81,12.22,24.99,53.65,0,0,Hardware_Live
376.67,152.51,62.12,39.77,1,2,Hardware_Live
145.22,11.66,22.45,53.41,0,0,Hardware_Live
151.34,5.01,25.78,53.28,0,0,Hardware_Live
141.13,12.86,24.06,57.67,0,0,Hardware_Live
143.75,12.61,22.93,47.22,0,0,Hardware_Live
120.38,11.59,26.83,55.11,0,0,Hardware_Live
106.92,11.16,26.75,51.98,0,0,Hardware_Live
132.01,10.7,26.97,45.21,0,0,Hardware_Live
160.66,9.75,24.86,48.86,0,0,Hardware_Live
190.85,6.69,22.47,58.71,0,0,Hardware_Live
176.81,6.65,26.45,49.75,0,0,Hardware_Live
160.87,9.28,21.5,49.18,0,0,Hardware_Live
142.69,10.84,24.2,47.68,0,0,Hardware_Live
161.5,8.22,20.59,45.89,0,0,Hardware_Live
134.21,9.28,23.47,57.78,0,0,Hardware_Live
132.58,12.0,23.3,48.16,0,0,Hardware_Live
187.14,14.64,26.97,56.05,0,0,Hardware_Live
105.05,12.62,22.87,48.99,0,0,Hardware_Live
142.49,6.89,21.95,49.44,0,0,Hardware_Live
122.35,8.12,24.08,58.97,0,0,Hardware_Live
143.3,10.72,27.23,55.7,0,0,Hardware_Live
109.71,7.28,27.82,56.58,0,0,Hardware_Live
138.48,6.71,22.19,58.87,0,0,Hardware_Live
162.69,12.57,21.98,54.06,0,0,Hardware_Live
144.47,8.53,24.48,48.11,0,0,Hardware_Live
145.52,8.36,23.88,54.33,0,0,Hardware_Live
164.41,5.64,24.82,55.87,0,0,Hardware_Live
138.0,8.6,26.23,50.04,0,0,Hardware_Live
188.12,13.6,24.46,47.96,0,0,Hardware_Live
115.72,12.9,24.83,56.15,0,0,Hardware_Live
165.34,10.23,20.84,51.36,0,0,Hardware_Live
116.24,13.94,26.95,46.06,0,0,Hardware_Live
153.42,13.16,24.26,55.25,0,0,Hardware_Live
304.86,26.48,35.02,77.96,0,0,Hardware_Live
271.63,30.92,33.9,84.18,0,0,Hardware_Live
261.82,28.6,33.11,73.5,0,0,Hardware_Live
250.58,35.11,31.64,66.04,0,0,Hardware_Live
316.63,34.09,34.55,74.66,0,0,Hardware_Live
301.02,41.64,32.46,68.07,0,0,Hardware_Live
314.7,30.3,34.48,65.27,0,0,Hardware_Live
288.68,44.23,34.68,73.71,0,0,Hardware_Live
260.12,28.65,30.64,82.04,0,0,Hardware_Live
254.6,26.11,32.42,65.44,0,0,Hardware_Live
823.42,23.92,24.69,47.21,0,1,Hardware_Live
745.92,37.02,23.87,47.14,0,1,Hardware_Live
461.98,22.94,24.25,59.52,0,0,Hardware_Live
706.29,27.0,25.25,47.4,0,0,Hardware_Live
657.0,31.82,27.25,53.77,0,0,Hardware_Live
837.88,27.0,22.56,49.71,0,1,Hardware_Live
622.2,32.94,27.62,57.84,0,0,Hardware_Live
639.74,22.18,25.09,54.98,0,0,Hardware_Live
525.81,27.96,22.91,55.24,0,0,Hardware_Live
675.8,42.31,23.9,58.0,0,0,Hardware_Live
567.46,48.47,25.13,47.09,0,0,Hardware_Live
617.5,32.57,25.77,51.73,0,0,Hardware_Live
432.82,39.05,25.58,47.31,0,0,Hardware_Live
152.26,8.84,22.27,54.11,0,0,Hardware_Live
172.95,11.2,25.64,48.54,0,0,Hardware_Live
197.67,7.88,21.9,50.85,0,0,Hardware_Live
124.12,11.3,23.16,58.99,0,0,Hardware_Live
104.56,11.58,25.96,50.69,0,0,Hardware_Live
144.94,7.09,23.64,54.85,0,0,Hardware_Live
189.09,5.39,26.97,46.31,0,0,Hardware_Live
186.16,6.79,26.04,58.72,0,0,Hardware_Live
515.91,96.59,49.49,30.64,1,2,Hardware_Live
513.26,138.4,52.82,37.64,1,2,Hardware_Live
533.01,171.94,52.46,36.13,1,2,Hardware_Live
491.94,185.99,60.98,44.58,1,2,Hardware_Live
197.43,9.5,24.97,49.71,0,0,Hardware_Live
158.15,12.93,25.08,55.81,0,0,Hardware_Live
124.49,7.48,21.3,53.59,0,0,Hardware_Live
109.46,5.11,23.78,56.28,0,0,Hardware_Live
197.57,6.32,23.5,49.87,0,0,Hardware_Live
190.3,12.02,27.29,47.16,0,0,Hardware_Live
127.93,5.78,24.94,45.31,0,0,Hardware_Live
109.24,12.24,23.68,59.06,0,0,Hardware_Live
195.91,11.07,25.92,56.92,0,0,Hardware_Live
124.47,6.95,22.89,49.79,0,0,Hardware_Live
110.5,12.31,21.56,51.11,0,0,Hardware_Live
171.52,14.48,22.49,45.99,0,0,Hardware_Live
142.48,10.39,25.38,52.17,0,0,Hardware_Live
126.47,11.59,21.14,46.97,0,0,Hardware_Live
117.93,9.48,20.22,52.81,0,0,Hardware_Live
169.12,11.49,24.08,50.75,0,0,Hardware_Live
189.91,9.56,20.16,56.92,0,0,Hardware_Live
194.95,10.96,23.71,48.13,0,0,Hardware_Live
118.22,7.73,22.12,50.81,0,0,Hardware_Live
114.85,7.84,23.12,52.55,0,0,Hardware_Live
131.31,7.49,23.83,56.49,0,0,Hardware_Live
130.65,14.08,20.99,59.83,0,0,Hardware_Live
100.79,10.73,27.36,46.98,0,0,Hardware_Live
289.96,39.04,36.08,82.95,0,0,Hardware_Live
345.53,25.63,33.4,70.16,0,0,Hardware_Live
277.85,40.1,35.15,81.32,0,0,Hardware_Live
268.7,41.38,36.32,79.82,0,0,Hardware_Live
292.04,45.0,36.5,73.4,0,0,Hardware_Live
251.79,42.16,34.84,70.1,0,0,Hardware_Live
306.19,43.51,36.46,71.78,0,0,Hardware_Live
499.87,36.24,24.97,47.44,0,0,Hardware_Live
175.84,14.07,21.14,53.96,0,0,Hardware_Live
111.61,6.61,20.13,48.56,0,0,Hardware_Live
163.93,14.91,27.78,57.66,0,0,Hardware_Live
119.66,5.49,22.73,45.95,0,0,Hardware_Live
133.08,7.9,27.73,55.03,0,0,Hardware_Live
108.57,8.76,27.55,48.88,0,0,Hardware_Live
194.18,9.22,25.64,45.22,0,0,Hardware_Live
186.72,9.29,20.91,46.92,0,0,Hardware_Live
123.26,13.7,24.18,50.7,0,0,Hardware_Live
114.78,5.28,21.11,47.68,0,0,Hardware_Live
139.41,9.76,24.93,55.31,0,0,Hardware_Live
147.08,13.27,21.58,51.59,0,0,Hardware_Live
160.84,10.12,21.3,59.4,0,0,Hardware_Live
373.58,167.66,61.47,39.82,1,2,Hardware_Live
595.75,92.65,44.8,38.07,1,2,Hardware_Live
496.25,132.03,42.55,42.26,1,2,Hardware_Live
380.73,103.31,62.62,33.13,1,2,Hardware_Live
353.22,97.37,56.78,32.96,1,2,Hardware_Live
550.78,182.29,49.24,30.44,1,2,Hardware_Live
191.44,12.07,24.51,53.6,0,0,Hardware_Live
186.14,6.82,22.84,56.9,0,0,Hardware_Live
123.4,6.32,27.04,59.16,0,0,Hardware_Live
186.18,13.07,20.51,46.26,0,0,Hardware_Live
128.0,5.95,25.52,49.34,0,0,Hardware_Live
127.84,13.55,24.09,51.44,0,0,Hardware_Live
120.92,8.56,27.06,59.93,0,0,Hardware_Live
131.53,11.49,26.33,56.78,0,0,Hardware_Live
199.01,12.3,23.58,50.06,0,0,Hardware_Live
130.9,7.54,25.2,54.66,0,0,Hardware_Live
189.36,12.39,25.33,55.99,0,0,Hardware_Live
152.19,11.39,21.77,49.73,0,0,Hardware_Live
144.97,5.33,27.17,57.61,0,0,Hardware_Live
347.76,29.46,31.74,80.77,0,0,Hardware_Live
257.87,43.64,33.22,74.1,0,0,Hardware_Live
314.55,35.88,37.76,78.55,0,0,Hardware_Live
288.09,29.09,33.87,77.84,0,0,Hardware_Live
252.06,35.06,37.48,67.58,0,0,Hardware_Live
255.25,41.32,33.65,73.43,0,0,Hardware_Live
290.28,31.33,34.68,72.42,0,0,Hardware_Live
322.71,30.57,31.26,72.67,0,0,Hardware_Live
335.2,40.71,34.72,80.54,0,0,Hardware_Live
278.0,33.49,34.43,73.53,0,0,Hardware_Live
264.46,43.47,31.99,67.77,0,0,Hardware_Live
348.82,42.78,30.7,67.66,0,0,Hardware_Live
599.37,48.89,27.11,57.26,0,0,Hardware_Live
200.0,8.19,23.39,57.18,0,0,Hardware_Live
138.84,6.37,25.26,54.34,0,0,Hardware_Live
192.06,14.3,27.4,49.97,0,0,Hardware_Live
149.14,13.86,24.05,59.78,0,0,Hardware_Live
320.52,182.18,47.46,39.28,1,2,Hardware_Live
465.7,186.26,60.82,43.07,1,2,Hardware_Live
428.11,161.69,56.11,36.45,1,2,Hardware_Live
487.96,81.33,64.91,34.74,1,2,Hardware_Live
380.84,106.91,59.45,33.21,1,2,Hardware_Live
492.59,125.8,41.29,31.5,1,2,Hardware_Live
526.52,167.67,58.23,36.29,1,2,Hardware_Live
302.4,175.9,46.29,35.04,1,2,Hardware_Live
518.71,100.77,64.85,33.75,1,2,Hardware_Live
444.23,185.22,61.99,43.5,1,2,Hardware_Live
399.0,180.46,54.16,42.1,1,2,Hardware_Live
567.09,82.3,56.38,32.66,1,2,Hardware_Live
493.98,140.92,55.11,44.43,1,2,Hardware_Live
400.64,146.11,45.08,38.53,1,2,Hardware_Live
583.95,95.49,57.36,37.24,1,2,Hardware_Live
371.62,130.75,47.37,35.71,1,2,Hardware_Live
504.2,179.42,51.87,34.5,1,2,Hardware_Live
365.45,96.84,43.68,30.86,1,2,Hardware_Live
553.43,138.87,53.17,36.88,1,2,Hardware_Live
417.18,176.83,57.98,38.6,1,2,Hardware_Live
425.76,132.09,45.87,41.69,1,2,Hardware_Live
569.04,114.61,52.19,38.06,1,2,Hardware_Live
305.08,126.24,55.15,39.57,1,2,Hardware_Live
496.27,81.03,59.1,34.84,1,2,Hardware_Live
335.19,170.64,59.61,41.11,1,2,Hardware_Live
432.93,180.93,46.87,39.13,1,2,Hardware_Live
386.58,144.84,44.44,44.78,1,2,Hardware_Live
593.35,158.39,60.95,31.27,1,2,Hardware_Live
556.55,103.38,42.76,42.66,1,2,Hardware_Live
337.36,171.37,58.95,33.08,1,2,Hardware_Live
506.57,130.93,62.38,40.99,1,2,Hardware_Live
383.96,137.73,53.55,34.12,1,2,Hardware_Live
481.34,170.16,41.81,42.65,1,2,Hardware_Live
146.31,7.27,24.32,54.39,0,0,Hardware_Live
142.41,14.67,22.65,52.65,0,0,Hardware_Live
143.72,11.23,20.18,52.36,0,0,Hardware_Live
110.13,11.73,26.8,59.98,0,0,Hardware_Live
160.26,7.53,20.86,55.66,0,0,Hardware_Live
167.26,5.76,26.41,56.85,0,0,Hardware_Live
140.8,6.75,22.35,58.8,0,0,Hardware_Live
147.6,8.01,24.43,54.65,0,0,Hardware_Live
180.64,10.16,26.62,56.79,0,0,Hardware_Live
113.11,13.56,24.37,53.64,0,0,Hardware_Live
182.38,7.76,24.68,51.36,0,0,Hardware_Live
100.48,8.52,20.37,49.85,0,0,Hardware_Live
102.3,13.24,27.76,48.82,0,0,Hardware_Live
190.02,10.4,23.1,56.35,0,0,Hardware_Live
157.72,13.68,25.49,47.99,0,0,Hardware_Live
118.4,9.71,20.08,57.04,0,0,Hardware_Live
192.77,13.17,20.76,56.37,0,0,Hardware_Live
181.54,14.14,25.42,48.69,0,0,Hardware_Live
290.39,41.26,36.87,72.18,0,0,Hardware_Live
264.77,30.03,32.97,67.2,0,0,Hardware_Live
768.39,32.51,22.03,55.58,0,0,Hardware_Live
849.2,37.39,26.72,48.45,0,1,Hardware_Live
135.91,10.32,27.59,56.84,0,0,Hardware_Live
137.08,8.52,23.38,53.94,0,0,Hardware_Live
138.54,6.02,20.59,55.65,0,0,Hardware_Live
107.23,9.71,22.21,52.0,0,0,Hardware_Live
156.82,8.54,21.32,46.62,0,0,Hardware_Live
120.23,14.58,20.61,57.87,0,0,Hardware_Live
134.6,14.1,23.19,55.31,0,0,Hardware_Live
106.65,6.17,22.6,46.41,0,0,Hardware_Live
174.49,5.76,21.87,53.28,0,0,Hardware_Live
165.85,7.71,24.17,52.12,0,0,Hardware_Live
127.52,5.09,23.27,57.76,0,0,Hardware_Live
190.0,11.58,21.12,56.67,0,0,Hardware_Live
136.33,10.62,27.74,45.51,0,0,Hardware_Live
191.81,6.75,20.59,58.75,0,0,Hardware_Live
156.27,6.29,24.99,49.39,0,0,Hardware_Live
119.17,9.41,27.25,51.25,0,0,Hardware_Live
423.15,139.13,57.0,32.11,1,2,Hardware_Live
376.96,135.54,45.13,31.95,1,2,Hardware_Live
372.63,93.44,49.22,40.56,1,2,Hardware_Live
367.4,88.16,48.98,33.76,1,2,Hardware_Live
481.88,156.93,40.9,30.97,1,2,Hardware_Live
563.17,148.15,49.39,31.38,1,2,Hardware_Live
466.6,171.16,54.72,35.91,1,2,Hardware_Live
106.08,14.86,25.06,48.57,0,0,Hardware_Live
194.91,5.35,21.88,59.57,0,0,Hardware_Live
188.11,7.93,22.25,46.81,0,0,Hardware_Live
171.83,12.69,23.62,46.39,0,0,Hardware_Live
123.53,12.12,22.8,52.88,0,0,Hardware_Live
169.23,8.0,21.31,49.49,0,0,Hardware_Live
184.66,8.14,22.82,53.57,0,0,Hardware_Live
178.32,6.08,27.04,56.84,0,0,Hardware_Live
166.66,13.06,24.62,45.91,0,0,Hardware_Live
139.61,8.4,22.1,46.06,0,0,Hardware_Live
175.44,8.73,23.71,50.25,0,0,Hardware_Live
172.37,7.33,25.99,52.6,0,0,Hardware_Live
171.55,13.0,25.25,58.52,0,0,Hardware_Live
108.67,12.77,23.33,58.91,0,0,Hardware_Live
161.01,9.64,23.62,58.84,0,0,Hardware_Live
154.29,13.2,25.91,58.38,0,0,Hardware_Live
138.01,5.52,25.27,59.62,0,0,Hardware_Live
182.64,7.74,23.29,48.85,0,0,Hardware_Live
146.56,8.92,27.99,47.55,0,0,Hardware_Live
133.76,9.69,21.11,53.02,0,0,Hardware_Live
173.53,10.6,25.51,57.82,0,0,Hardware_Live
153.0,7.61,21.37,47.48,0,0,Hardware_Live
186.11,8.43,22.03,57.55,0,0,Hardware_Live
192.15,14.5,26.49,55.84,0,0,Hardware_Live
168.56,11.86,26.76,54.66,0,0,Hardware_Live
184.9,8.39,24.98,46.37,0,0,Hardware_Live
177.95,12.94,20.4,51.04,0,0,Hardware_Live
181.59,5.09,23.43,51.34,0,0,Hardware_Live
115.68,7.77,27.85,55.61,0,0,Hardware_Live
163.06,6.65,20.39,58.12,0,0,Hardware_Live
119.79,11.45,26.78,45.76,0,0,Hardware_Live
135.53,13.07,27.88,58.14,0,0,Hardware_Live
193.02,11.88,20.36,51.36,0,0,Hardware_Live
144.87,14.27,25.04,49.33,0,0,Hardware_Live
109.31,5.21,20.03,56.18,0,0,Hardware_Live
108.89,8.69,24.87,48.98,0,0,Hardware_Live
254.16,41.26,31.06,82.4,0,0,Hardware_Live
258.83,28.5,35.37,81.09,0,0,Hardware_Live
796.29,30.98,26.89,52.04,0,1,Hardware_Live
857.8,33.97,27.76,49.82,0,1,Hardware_Live
120.14,8.27,27.46,45.94,0,0,Hardware_Live
196.04,5.38,27.1,55.99,0,0,Hardware_Live
124.75,10.78,24.74,59.71,0,0,Hardware_Live
315.86,97.42,47.61,44.72,1,2,Hardware_Live
186.84,6.61,20.28,48.61,0,0,Hardware_Live
161.15,9.78,20.81,58.25,0,0,Hardware_Live
152.82,7.34,26.44,46.49,0,0,Hardware_Live
180.55,13.91,23.71,56.32,0,0,Hardware_Live
101.56,13.77,24.61,46.28,0,0,Hardware_Live
173.12,14.07,21.26,47.95,0,0,Hardware_Live
131.81,7.61,22.84,45.42,0,0,Hardware_Live
141.41,12.79,24.31,52.72,0,0,Hardware_Live
147.69,14.22,22.4,54.71,0,0,Hardware_Live
106.53,10.88,25.44,52.47,0,0,Hardware_Live
115.32,13.1,27.99,52.95,0,0,Hardware_Live
180.97,14.42,24.67,53.04,0,0,Hardware_Live
280.1,31.84,32.58,76.35,0,0,Hardware_Live
279.09,36.73,36.02,80.11,0,0,Hardware_Live
334.42,38.7,31.01,73.44,0,0,Hardware_Live
312.5,34.1,32.48,67.32,0,0,Hardware_Live
477.58,34.56,26.46,48.5,0,0,Hardware_Live
507.79,33.92,23.29,47.85,0,0,Hardware_Live
614.56,49.0,25.8,58.84,0,0,Hardware_Live
838.07,41.55,25.15,53.68,0,1,Hardware_Live
518.24,39.93,22.55,54.24,0,0,Hardware_Live
615.84,22.91,27.79,48.68,0,0,Hardware_Live
467.77,41.4,26.51,57.23,0,0,Hardware_Live
665.89,48.7,27.43,51.89,0,1,Hardware_Live
722.27,24.32,27.94,59.02,0,0,Hardware_Live
700.8,31.1,23.84,54.13,0,0,Hardware_Live
417.17,48.13,26.55,45.76,0,0,Hardware_Live
113.63,6.98,23.53,46.44,0,0,Hardware_Live
151.28,7.94,21.33,53.09,0,0,Hardware_Live
101.35,12.03,27.15,46.84,0,0,Hardware_Live
126.73,10.84,26.68,56.97,0,0,Hardware_Live
190.74,8.04,24.14,58.03,0,0,Hardware_Live
133.58,9.97,23.12,56.17,0,0,Hardware_Live
154.18,12.43,24.99,54.13,0,0,Hardware_Live
164.62,12.25,25.9,50.44,0,0,Hardware_Live
195.69,5.01,20.17,54.49,0,0,Hardware_Live
137.7,14.8,26.52,50.18,0,0,Hardware_Live
178.32,8.23,25.29,55.36,0,0,Hardware_Live
168.38,14.67,24.72,55.01,0,0,Hardware_Live
168.35,7.57,21.88,47.62,0,0,Hardware_Live
129.76,8.06,23.04,57.45,0,0,Hardware_Live
409.86,127.64,51.49,33.84,1,2,Hardware_Live
598.92,102.62,48.38,34.56,1,2,Hardware_Live
450.52,163.82,59.79,30.86,1,2,Hardware_Live
439.46,80.99,51.95,42.93,1,2,Hardware_Live
461.3,184.74,61.48,34.49,1,2,Hardware_Live
311.21,104.21,40.27,37.98,1,2,Hardware_Live
571.43,96.13,57.54,44.7,1,2,Hardware_Live
555.98,92.48,51.92,43.57,1,2,Hardware_Live
323.69,179.78,56.84,41.56,1,2,Hardware_Live
472.11,151.98,60.81,33.56,1,2,Hardware_Live
319.22,152.3,46.46,33.34,1,2,Hardware_Live
430.43,162.63,44.01,32.6,1,2,Hardware_Live
466.84,135.4,63.13,34.33,1,2,Hardware_Live
583.07,155.66,56.18,34.07,1,2,Hardware_Live
345.37,176.02,60.97,40.87,1,2,Hardware_Live
456.85,96.45,54.19,31.91,1,2,Hardware_Live
491.87,116.09,57.53,43.25,1,2,Hardware_Live
411.6,143.49,56.17,30.09,1,2,Hardware_Live
300.86,183.27,50.1,33.83,1,2,Hardware_Live
489.32,152.75,46.91,35.69,1,2,Hardware_Live
348.54,149.95,53.52,30.63,1,2,Hardware_Live
588.17,97.77,54.47,34.34,1,2,Hardware_Live
388.36,165.77,50.16,33.44,1,2,Hardware_Live
599.77,90.94,55.79,37.26,1,2,Hardware_Live
492.41,151.58,41.1,30.04,1,2,Hardware_Live
537.68,168.55,53.62,39.62,1,2,Hardware_Live
146.46,5.67,26.44,56.47,0,0,Hardware_Live
104.78,10.56,22.24,51.65,0,0,Hardware_Live
159.29,10.79,25.7,54.26,0,0,Hardware_Live
151.32,14.4,23.26,49.33,0,0,Hardware_Live
176.3,14.35,20.84,47.83,0,0,Hardware_Live
120.43,5.26,24.42,49.2,0,0,Hardware_Live
128.79,6.36,23.03,50.87,0,0,Hardware_Live
138.02,10.39,21.69,55.86,0,0,Hardware_Live
195.47,12.8,27.61,56.66,0,0,Hardware_Live
178.08,11.82,27.03,50.34,0,0,Hardware_Live
130.5,6.45,22.39,47.35,0,0,Hardware_Live
111.18,10.22,25.51,46.66,0,0,Hardware_Live
180.4,6.4,26.61,55.47,0,0,Hardware_Live
110.63,10.38,24.16,59.33,0,0,Hardware_Live
156.91,10.21,24.05,45.91,0,0,Hardware_Live
154.26,7.72,22.19,56.2,0,0,Hardware_Live
192.65,11.83,27.28,52.71,0,0,Hardware_Live
132.29,10.2,23.59,52.33,0,0,Hardware_Live
182.13,6.78,21.11,47.38,0,0,Hardware_Live
191.93,6.89,21.06,59.49,0,0,Hardware_Live
129.73,7.38,21.33,58.33,0,0,Hardware_Live
195.78,10.44,23.44,45.29,0,0,Hardware_Live
137.6,5.89,27.08,58.29,0,0,Hardware_Live
146.36,11.99,22.69,46.53,0,0,Hardware_Live
191.28,8.05,25.17,50.77,0,0,Hardware_Live
188.18,11.78,21.97,47.9,0,0,Hardware_Live
187.94,6.07,27.84,57.61,0,0,Hardware_Live
188.56,7.94,22.94,50.89,0,0,Hardware_Live
179.48,12.35,25.89,48.66,0,0,Hardware_Live
163.99,7.22,25.61,56.34,0,0,Hardware_Live
179.99,7.43,27.78,45.69,0,0,Hardware_Live
188.84,8.49,20.48,50.02,0,0,Hardware_Live
158.31,8.22,26.8,58.79,0,0,Hardware_Live
197.48,5.77,21.65,51.83,0,0,Hardware_Live
127.11,6.26,25.61,55.72,0,0,Hardware_Live
197.01,14.43,25.66,57.13,0,0,Hardware_Live
112.22,8.94,25.8,55.25,0,0,Hardware_Live
166.86,10.05,26.66,56.83,0,0,Hardware_Live
190.99,9.49,26.79,46.85,0,0,Hardware_Live
136.65,11.24,21.14,57.81,0,0,Hardware_Live
193.46,12.9,27.35,53.21,0,0,Hardware_Live
199.48,5.74,24.11,45.2,0,0,Hardware_Live
161.91,11.47,26.7,55.62,0,0,Hardware_Live
141.52,6.76,25.94,51.48,0,0,Hardware_Live
147.0,5.95,22.27,47.62,0,0,Hardware_Live
188.97,13.61,26.17,53.31,0,0,Hardware_Live
148.74,10.46,26.62,46.95,0,0,Hardware_Live
173.29,11.09,25.2,55.18,0,0,Hardware_Live
167.08,11.73,20.36,48.7,0,0,Hardware_Live
173.74,14.75,25.51,52.84,0,0,Hardware_Live
153.73,10.25,25.19,45.8,0,0,Hardware_Live
144.75,7.29,27.52,52.05,0,0,Hardware_Live
189.34,6.31,26.49,59.89,0,0,Hardware_Live
175.72,5.11,24.37,48.25,0,0,Hardware_Live
182.01,10.16,26.44,45.16,0,0,Hardware_Live
141.57,6.27,20.87,58.24,0,0,Hardware_Live
160.25,10.21,27.12,54.52,0,0,Hardware_Live
195.75,12.91,25.37,51.49,0,0,Hardware_Live
129.01,11.28,24.96,47.29,0,0,Hardware_Live
123.4,8.16,25.26,46.14,0,0,Hardware_Live
130.01,6.89,21.01,48.76,0,0,Hardware_Live
114.51,14.35,22.08,49.36,0,0,Hardware_Live
145.62,6.72,20.28,53.9,0,0,Hardware_Live
128.49,5.34,27.17,45.23,0,0,Hardware_Live
146.57,5.0,22.9,59.73,0,0,Hardware_Live
155.15,13.95,22.2,52.11,0,0,Hardware_Live
187.51,13.08,25.46,46.51,0,0,Hardware_Live
116.56,7.88,21.27,45.81,0,0,Hardware_Live
107.57,7.46,26.55,46.34,0,0,Hardware_Live
113.79,14.8,20.33,57.32,0,0,Hardware_Live
113.92,6.71,24.95,56.0,0,0,Hardware_Live
110.27,11.54,23.41,46.85,0,0,Hardware_Live
118.47,9.47,27.63,54.56,0,0,Hardware_Live
260.12,42.87,33.74,80.28,0,0,Hardware_Live
287.27,33.89,31.53,83.66,0,0,Hardware_Live
300.01,38.05,30.73,68.26,0,0,Hardware_Live
310.6,26.34,31.04,79.86,0,0,Hardware_Live
254.44,32.11,34.04,74.75,0,0,Hardware_Live
331.65,27.16,34.71,82.31,0,0,Hardware_Live
323.76,37.38,36.79,75.96,0,0,Hardware_Live
269.38,44.15,31.55,81.53,0,0,Hardware_Live
311.48,30.77,31.39,74.25,0,0,Hardware_Live
251.25,38.52,34.31,65.1,0,0,Hardware_Live
320.08,43.84,34.62,68.23,0,0,Hardware_Live
347.39,41.88,33.82,66.42,0,0,Hardware_Live
253.0,27.25,30.57,68.06,0,0,Hardware_Live
335.95,29.59,33.66,77.46,0,0,Hardware_Live
342.25,31.36,35.72,69.19,0,0,Hardware_Live
892.31,47.04,24.03,45.08,0,1,Hardware_Live
862.92,24.45,27.26,54.72,0,1,Hardware_Live
821.44,29.11,27.86,52.34,0,1,Hardware_Live
653.6,29.5,24.93,52.64,0,0,Hardware_Live
570.48,29.97,27.35,59.91,0,0,Hardware_Live
837.56,21.63,26.03,47.42,0,1,Hardware_Live
172.72,7.22,25.68,58.47,0,0,Hardware_Live
183.42,5.53,24.13,50.88,0,0,Hardware_Live
189.43,8.47,22.94,51.27,0,0,Hardware_Live
145.99,9.91,22.22,56.59,0,0,Hardware_Live
153.73,12.03,22.95,49.75,0,0,Hardware_Live
188.45,7.6,27.71,53.6,0,0,Hardware_Live
136.94,6.88,22.22,47.35,0,0,Hardware_Live
136.81,11.57,25.6,45.63,0,0,Hardware_Live
170.46,8.02,25.48,54.53,0,0,Hardware_Live
112.7,8.55,23.23,45.46,0,0,Hardware_Live
565.03,169.58,46.7,34.53,1,2,Hardware_Live
342.45,102.26,59.02,39.38,1,2,Hardware_Live
342.09,165.57,40.39,32.93,1,2,Hardware_Live
595.95,134.51,59.97,44.68,1,2,Hardware_Live
447.73,133.47,64.8,37.4,1,2,Hardware_Live
538.98,144.3,54.86,32.69,1,2,Hardware_Live
596.84,184.63,60.07,43.85,1,2,Hardware_Live
397.28,103.79,53.44,41.75,1,2,Hardware_Live
300.16,140.94,51.09,36.8,1,2,Hardware_Live
490.95,101.93,55.43,43.83,1,2,Hardware_Live
377.32,92.26,60.42,34.76,1,2,Hardware_Live
472.72,184.23,49.75,42.07,1,2,Hardware_Live
449.52,111.15,44.03,42.47,1,2,Hardware_Live
415.69,111.24,58.79,30.14,1,2,Hardware_Live
587.55,101.22,62.02,34.26,1,2,Hardware_Live
367.6,88.9,51.54,36.58,1,2,Hardware_Live
472.58,148.27,62.9,39.29,1,2,Hardware_Live
300.33,188.42,60.61,43.3,1,2,Hardware_Live
103.97,9.87,22.47,58.33,0,0,Hardware_Live
162.26,13.26,22.38,55.16,0,0,Hardware_Live
186.14,7.72,24.69,56.1,0,0,Hardware_Live
146.73,6.51,22.05,55.28,0,0,Hardware_Live
127.98,10.32,25.66,45.57,0,0,Hardware_Live
141.52,14.18,21.38,56.91,0,0,Hardware_Live
152.5,7.72,27.25,48.49,0,0,Hardware_Live
103.68,6.47,24.25,49.3,0,0,Hardware_Live
199.6,12.66,25.27,52.57,0,0,Hardware_Live
180.5,12.23,20.48,46.36,0,0,Hardware_Live
181.34,13.04,26.24,59.57,0,0,Hardware_Live
143.33,7.53,21.68,55.29,0,0,Hardware_Live
108.89,9.87,27.94,52.26,0,0,Hardware_Live
193.98,12.78,22.91,49.08,0,0,Hardware_Live
157.07,12.82,21.21,53.78,0,0,Hardware_Live
118.7,12.93,24.4,48.02,0,0,Hardware_Live
103.41,10.23,21.68,49.4,0,0,Hardware_Live
104.13,10.82,26.32,57.36,0,0,Hardware_Live
170.56,14.68,25.89,57.02,0,0,Hardware_Live
195.0,10.74,25.46,51.91,0,0,Hardware_Live
180.07,11.89,24.33,55.48,0,0,Hardware_Live
128.53,5.12,21.83,48.43,0,0,Hardware_Live
107.48,10.62,26.85,50.85,0,0,Hardware_Live
198.8,5.49,21.22,49.42,0,0,Hardware_Live
131.89,12.27,21.11,49.41,0,0,Hardware_Live
277.54,27.5,35.3,67.02,0,0,Hardware_Live
288.61,31.91,35.08,70.93,0,0,Hardware_Live
543.22,38.71,27.82,50.1,0,0,Hardware_Live
662.66,46.18,25.35,54.61,0,1,Hardware_Live
785.97,40.6,24.34,59.97,0,1,Hardware_Live
515.29,21.16,25.75,50.6,0,0,Hardware_Live
783.74,49.04,22.04,49.87,0,1,Hardware_Live
165.76,14.03,26.4,53.06,0,0,Hardware_Live
104.07,7.59,24.6,55.75,0,0,Hardware_Live
103.35,9.15,24.23,57.68,0,0,Hardware_Live
190.71,10.43,21.26,52.03,0,0,Hardware_Live
366.16,124.32,60.64,44.19,1,2,Hardware_Live
475.43,140.16,62.6,43.91,1,2,Hardware_Live
453.16,178.2,56.61,41.23,1,2,Hardware_Live
599.05,172.84,49.76,44.3,1,2,Hardware_Live
371.92,176.48,46.91,42.7,1,2,Hardware_Live
359.25,184.8,43.4,44.27,1,2,Hardware_Live
479.72,186.72,47.51,44.78,1,2,Hardware_Live
344.6,154.78,55.65,30.26,1,2,Hardware_Live
430.09,167.7,43.52,30.0,1,2,Hardware_Live
426.75,168.9,53.21,36.45,1,2,Hardware_Live
303.92,163.59,45.06,42.82,1,2,Hardware_Live
392.57,82.04,40.14,33.19,1,2,Hardware_Live
184.68,8.52,20.24,47.78,0,0,Hardware_Live
104.92,5.18,24.5,55.7,0,0,Hardware_Live
166.38,12.47,22.62,52.35,0,0,Hardware_Live
188.69,14.26,27.5,51.09,0,0,Hardware_Live
114.42,5.99,20.6,58.49,0,0,Hardware_Live
179.51,8.77,26.12,52.87,0,0,Hardware_Live
107.86,11.95,26.51,45.52,0,0,Hardware_Live
146.86,14.09,20.44,51.81,0,0,Hardware_Live
143.92,7.33,26.43,45.11,0,0,Hardware_Live
153.12,14.02,22.48,46.86,0,0,Hardware_Live
186.2,5.51,24.27,52.16,0,0,Hardware_Live
124.06,11.45,27.3,55.39,0,0,Hardware_Live
142.48,9.58,24.88,46.16,0,0,Hardware_Live
132.28,13.44,25.21,47.35,0,0,Hardware_Live
123.1,9.09,22.54,49.34,0,0,Hardware_Live
194.99,13.96,24.67,52.86,0,0,Hardware_Live
176.03,14.66,21.89,52.51,0,0,Hardware_Live
154.7,8.97,21.87,57.17,0,0,Hardware_Live
156.14,6.81,22.81,57.0,0,0,Hardware_Live
136.71,6.61,23.04,56.26,0,0,Hardware_Live
186.64,9.94,20.84,47.4,0,0,Hardware_Live
100.1,12.77,23.76,55.93,0,0,Hardware_Live
126.25,13.62,26.04,54.5,0,0,Hardware_Live
135.97,6.3,20.75,45.02,0,0,Hardware_Live
118.0,7.52,25.33,46.98,0,0,Hardware_Live
183.83,5.51,24.99,53.84,0,0,Hardware_Live
199.65,11.88,26.81,56.53,0,0,Hardware_Live
147.35,8.34,23.18,54.23,0,0,Hardware_Live
124.32,5.06,21.27,47.43,0,0,Hardware_Live
159.73,6.12,20.13,56.92,0,0,Hardware_Live
118.56,11.16,27.87,56.96,0,0,Hardware_Live
152.1,8.18,22.51,53.99,0,0,Hardware_Live
156.3,5.79,26.31,59.97,0,0,Hardware_Live
253.97,34.13,30.06,77.07,0,0,Hardware_Live
280.03,29.18,33.59,81.54,0,0,Hardware_Live
348.25,32.7,32.81,75.82,0,0,Hardware_Live
280.67,44.81,35.11,74.75,0,0,Hardware_Live
279.58,30.57,30.12,80.94,0,0,Hardware_Live
838.7,21.34,27.28,46.86,0,1,Hardware_Live
142.43,9.08,27.38,53.16,0,0,Hardware_Live
134.42,10.33,23.9,46.13,0,0,Hardware_Live
155.11,6.23,23.39,45.36,0,0,Hardware_Live
304.65,134.92,58.51,43.62,1,2,Hardware_Live
344.75,146.19,62.97,34.68,1,2,Hardware_Live
573.24,132.91,59.85,35.14,1,2,Hardware_Live
441.21,125.4,40.08,35.43,1,2,Hardware_Live
527.96,150.17,52.67,33.2,1,2,Hardware_Live
386.98,146.23,50.39,42.93,1,2,Hardware_Live
123.58,13.45,20.3,55.45,0,0,Hardware_Live
105.45,10.47,24.22,53.41,0,0,Hardware_Live
193.59,7.41,21.85,50.88,0,0,Hardware_Live
122.57,8.33,22.69,49.89,0,0,Hardware_Live
124.55,7.19,23.76,54.11,0,0,Hardware_Live
189.2,10.89,25.46,57.71,0,0,Hardware_Live
189.77,14.39,22.91,50.01,0,0,Hardware_Live
118.71,11.14,23.02,55.85,0,0,Hardware_Live
164.78,8.82,26.66,57.12,0,0,Hardware_Live
108.47,5.42,26.81,46.21,0,0,Hardware_Live
163.84,9.58,21.22,59.44,0,0,Hardware_Live
172.72,5.4,22.83,51.2,0,0,Hardware_Live
128.14,8.6,24.63,53.21,0,0,Hardware_Live
114.09,14.64,25.4,51.13,0,0,Hardware_Live
156.91,8.92,21.91,49.53,0,0,Hardware_Live
142.33,11.09,23.17,48.46,0,0,Hardware_Live
151.39,10.19,22.66,54.97,0,0,Hardware_Live
112.14,7.25,25.44,47.54,0,0,Hardware_Live
184.97,6.72,21.28,50.4,0,0,Hardware_Live
107.03,14.66,23.68,56.97,0,0,Hardware_Live
106.89,6.54,23.65,55.83,0,0,Hardware_Live
158.93,5.2,27.6,53.7,0,0,Hardware_Live
130.59,14.45,26.01,45.7,0,0,Hardware_Live
194.33,8.55,22.26,47.6,0,0,Hardware_Live
197.45,7.59,24.86,52.81,0,0,Hardware_Live
149.83,6.66,25.03,52.22,0,0,Hardware_Live
187.29,5.71,25.98,46.32,0,0,Hardware_Live
180.91,8.61,24.9,59.38,0,0,Hardware_Live
176.48,11.84,21.56,58.21,0,0,Hardware_Live
144.66,8.15,23.44,53.23,0,0,Hardware_Live
180.43,13.9,20.91,47.15,0,0,Hardware_Live
140.15,13.74,23.93,59.34,0,0,Hardware_Live
160.28,14.5,20.28,48.65,0,0,Hardware_Live
196.59,7.66,24.62,54.34,0,0,Hardware_Live
258.4,34.52,35.05,84.09,0,0,Hardware_Live
280.89,31.82,30.01,83.43,0,0,Hardware_Live
297.76,25.14,32.61,78.03,0,0,Hardware_Live
322.27,27.39,35.0,74.16,0,0,Hardware_Live
302.58,26.31,36.78,71.57,0,0,Hardware_Live
283.28,29.58,32.46,70.39,0,0,Hardware_Live
299.48,34.98,35.86,71.47,0,0,Hardware_Live
260.57,33.04,37.42,73.93,0,0,Hardware_Live
302.77,38.62,32.9,76.21,0,0,Hardware_Live
267.07,40.15,36.35,67.47,0,0,Hardware_Live
329.42,39.88,34.2,79.64,0,0,Hardware_Live
269.0,39.84,37.52,66.99,0,0,Hardware_Live
310.34,33.69,34.61,66.57,0,0,Hardware_Live
251.02,36.71,36.96,74.24,0,0,Hardware_Live
276.66,33.06,36.1,76.6,0,0,Hardware_Live
318.4,28.35,34.19,80.35,0,0,Hardware_Live
289.95,38.71,34.72,68.65,0,0,Hardware_Live
336.58,32.16,35.04,78.86,0,0,Hardware_Live
342.25,26.07,31.69,81.92,0,0,Hardware_Live
754.75,42.94,27.08,53.5,0,1,Hardware_Live
878.83,20.09,22.66,51.89,0,1,Hardware_Live
879.55,46.22,25.81,53.92,0,1,Hardware_Live
849.34,35.75,24.36,52.38,0,1,Hardware_Live
768.88,44.04,26.58,59.35,0,1,Hardware_Live
515.15,38.08,22.45,54.63,0,0,Hardware_Live
498.74,23.34,24.12,56.23,0,0,Hardware_Live
436.69,21.14,26.29,51.35,0,0,Hardware_Live
136.54,6.32,22.02,55.98,0,0,Hardware_Live
166.29,6.97,26.79,59.71,0,0,Hardware_Live
175.99,6.05,26.86,45.61,0,0,Hardware_Live
186.27,14.18,20.86,51.57,0,0,Hardware_Live
167.81,10.81,21.19,46.99,0,0,Hardware_Live
598.94,155.85,46.94,39.23,1,2,Hardware_Live
533.59,191.23,42.1,30.78,1,2,Hardware_Live
164.92,8.96,22.58,52.39,0,0,Hardware_Live
152.08,10.78,27.85,49.72,0,0,Hardware_Live
148.15,9.96,27.73,46.86,0,0,Hardware_Live
153.47,7.88,23.9,48.05,0,0,Hardware_Live
112.08,14.34,22.63,55.47,0,0,Hardware_Live
116.76,7.23,27.2,50.36,0,0,Hardware_Live
115.09,11.47,20.87,55.43,0,0,Hardware_Live
171.0,10.15,26.57,56.87,0,0,Hardware_Live
166.4,9.34,27.35,49.25,0,0,Hardware_Live
199.56,12.42,23.6,47.52,0,0,Hardware_Live
196.75,12.03,25.95,53.43,0,0,Hardware_Live
187.81,13.18,24.93,58.08,0,0,Hardware_Live
114.36,9.63,27.33,49.21,0,0,Hardware_Live
136.17,11.79,23.42,47.22,0,0,Hardware_Live
178.37,8.51,20.96,58.69,0,0,Hardware_Live
104.27,14.5,25.18,50.22,0,0,Hardware_Live
198.47,6.12,27.34,59.92,0,0,Hardware_Live
126.35,5.36,27.62,47.17,0,0,Hardware_Live
139.51,9.06,26.71,53.82,0,0,Hardware_Live
105.99,11.28,22.46,47.9,0,0,Hardware_Live
120.81,12.87,27.84,52.13,0,0,Hardware_Live
135.52,7.8,26.85,45.45,0,0,Hardware_Live
190.06,5.02,27.18,50.21,0,0,Hardware_Live
157.09,7.33,27.32,45.64,0,0,Hardware_Live
170.34,7.06,22.77,58.9,0,0,Hardware_Live
125.68,9.82,25.03,59.23,0,0,Hardware_Live
150.05,13.96,25.4,47.32,0,0,Hardware_Live
111.34,12.03,27.23,57.23,0,0,Hardware_Live
181.79,7.66,23.95,57.73,0,0,Hardware_Live
196.59,14.11,25.9,54.89,0,0,Hardware_Live
140.79,13.73,27.47,50.51,0,0,Hardware_Live
197.24,6.57,26.49,48.62,0,0,Hardware_Live
143.01,11.41,26.43,46.16,0,0,Hardware_Live
126.18,7.24,27.2,59.82,0,0,Hardware_Live
116.63,8.55,21.31,56.96,0,0,Hardware_Live
113.62,12.58,23.76,53.13,0,0,Hardware_Live
145.41,5.98,26.93,47.0,0,0,Hardware_Live
164.91,14.9,20.27,50.24,0,0,Hardware_Live
114.1,5.93,26.53,54.44,0,0,Hardware_Live
113.28,8.88,22.66,51.77,0,0,Hardware_Live
102.88,9.21,21.94,52.13,0,0,Hardware_Live
190.84,7.76,20.32,53.56,0,0,Hardware_Live
130.65,7.92,24.12,56.19,0,0,Hardware_Live
165.5,12.52,21.66,46.54,0,0,Hardware_Live
155.23,6.89,21.6,52.14,0,0,Hardware_Live
103.71,11.04,27.41,46.49,0,0,Hardware_Live
178.87,8.31,22.65,56.77,0,0,Hardware_Live
120.33,14.47,20.29,53.13,0,0,Hardware_Live
108.31,6.42,21.88,54.86,0,0,Hardware_Live
194.86,5.09,21.35,55.77,0,0,Hardware_Live
134.72,14.08,22.9,49.99,0,0,Hardware_Live
104.81,12.16,23.6,55.14,0,0,Hardware_Live
184.48,11.12,24.68,59.41,0,0,Hardware_Live
139.49,5.02,26.05,51.89,0,0,Hardware_Live
171.0,12.51,24.99,49.09,0,0,Hardware_Live
119.5,12.83,23.78,53.68,0,0,Hardware_Live
175.56,6.46,27.11,52.06,0,0,Hardware_Live
107.32,7.99,21.48,50.91,0,0,Hardware_Live
150.76,5.56,26.86,51.74,0,0,Hardware_Live
122.49,7.6,21.49,56.34,0,0,Hardware_Live
100.15,14.26,22.59,47.1,0,0,Hardware_Live
111.33,9.52,20.37,52.24,0,0,Hardware_Live
122.49,7.51,24.54,49.69,0,0,Hardware_Live
163.28,5.84,21.07,59.15,0,0,Hardware_Live
172.56,7.79,25.69,57.7,0,0,Hardware_Live
110.1,6.63,21.76,58.09,0,0,Hardware_Live
165.28,11.15,23.47,46.05,0,0,Hardware_Live
337.52,37.71,32.55,65.36,0,0,Hardware_Live
283.05,27.53,31.8,79.48,0,0,Hardware_Live
670.94,48.63,25.42,57.9,0,1,Hardware_Live
146.69,7.83,27.52,58.88,0,0,Hardware_Live
128.15,13.07,21.71,59.43,0,0,Hardware_Live
162.23,12.65,21.78,51.07,0,0,Hardware_Live
140.36,7.81,22.0,50.19,0,0,Hardware_Live
109.34,10.74,24.29,59.11,0,0,Hardware_Live
185.12,5.98,21.08,48.28,0,0,Hardware_Live
194.38,5.28,26.16,52.05,0,0,Hardware_Live
140.6,13.97,24.1,45.25,0,0,Hardware_Live
158.65,12.62,25.97,59.62,0,0,Hardware_Live
113.92,13.39,25.87,48.99,0,0,Hardware_Live
198.21,14.88,21.84,47.53,0,0,Hardware_Live
181.25,6.9,21.49,59.24,0,0,Hardware_Live
119.25,8.4,23.14,51.06,0,0,Hardware_Live
156.41,7.13,27.9,49.94,0,0,Hardware_Live
122.09,10.73,26.2,50.21,0,0,Hardware_Live
178.78,11.54,24.92,59.07,0,0,Hardware_Live
145.32,13.68,20.67,53.73,0,0,Hardware_Live
171.79,9.19,27.14,59.94,0,0,Hardware_Live
103.46,7.69,22.02,50.77,0,0,Hardware_Live
168.29,7.34,27.82,55.27,0,0,Hardware_Live
144.41,6.66,24.14,46.87,0,0,Hardware_Live
120.08,12.52,23.98,55.96,0,0,Hardware_Live
163.09,13.84,23.67,56.07,0,0,Hardware_Live
107.25,11.88,22.53,52.37,0,0,Hardware_Live
110.8,7.61,22.75,49.05,0,0,Hardware_Live
114.37,6.41,21.41,58.95,0,0,Hardware_Live
188.3,13.85,22.56,48.31,0,0,Hardware_Live
176.95,13.68,22.53,56.64,0,0,Hardware_Live
196.11,10.31,27.17,58.51,0,0,Hardware_Live
110.21,9.69,23.34,58.04,0,0,Hardware_Live
192.0,5.93,22.83,46.95,0,0,Hardware_Live
124.27,7.54,22.4,50.96,0,0,Hardware_Live
124.18,6.08,27.06,58.62,0,0,Hardware_Live
147.31,14.01,20.96,53.3,0,0,Hardware_Live
146.07,13.34,22.5,54.56,0,0,Hardware_Live
140.04,7.4,24.24,51.01,0,0,Hardware_Live
116.65,10.07,21.4,45.3,0,0,Hardware_Live
116.1,6.7,23.49,46.72,0,0,Hardware_Live
167.72,9.77,24.49,47.65,0,0,Hardware_Live
347.98,34.7,35.64,66.0,0,0,Hardware_Live
283.3,43.93,34.94,79.8,0,0,Hardware_Live
267.15,43.58,32.42,74.81,0,0,Hardware_Live
283.08,30.68,36.83,66.68,0,0,Hardware_Live
839.84,20.45,23.44,58.6,0,1,Hardware_Live
688.35,45.49,25.82,45.37,0,1,Hardware_Live
169.51,10.22,26.19,55.07,0,0,Hardware_Live
167.53,6.79,22.97,52.1,0,0,Hardware_Live
179.62,13.45,26.32,50.93,0,0,Hardware_Live
198.14,11.89,24.36,47.8,0,0,Hardware_Live
179.09,10.83,20.61,54.1,0,0,Hardware_Live
167.99,11.93,22.38,51.75,0,0,Hardware_Live
167.91,10.07,24.09,53.32,0,0,Hardware_Live
135.54,9.55,22.42,47.26,0,0,Hardware_Live
103.92,10.01,20.99,50.78,0,0,Hardware_Live
138.5,9.16,26.26,59.82,0,0,Hardware_Live
354.45,101.07,41.46,42.02,1,2,Hardware_Live
301.18,109.25,60.03,43.01,1,2,Hardware_Live
357.03,100.3,53.31,30.35,1,2,Hardware_Live
532.84,97.96,53.98,34.93,1,2,Hardware_Live
199.74,12.11,21.22,59.86,0,0,Hardware_Live
135.58,14.02,24.18,45.13,0,0,Hardware_Live
140.82,10.4,25.7,47.13,0,0,Hardware_Live
144.64,13.87,26.14,54.26,0,0,Hardware_Live
119.26,11.57,22.36,48.83,0,0,Hardware_Live
183.05,9.87,25.2,54.77,0,0,Hardware_Live
188.39,11.89,20.72,54.57,0,0,Hardware_Live
130.36,8.97,26.52,56.93,0,0,Hardware_Live
190.44,11.63,22.64,56.5,0,0,Hardware_Live
116.12,9.1,24.53,54.02,0,0,Hardware_Live
164.95,6.66,26.76,59.58,0,0,Hardware_Live
127.48,14.41,25.57,57.74,0,0,Hardware_Live
293.91,31.55,34.42,83.19,0,0,Hardware_Live
295.23,44.14,30.27,83.13,0,0,Hardware_Live
277.71,34.15,35.67,75.26,0,0,Hardware_Live
312.15,38.9,31.75,74.73,0,0,Hardware_Live
290.9,44.03,30.8,79.72,0,0,Hardware_Live
270.36,43.44,33.09,76.23,0,0,Hardware_Live
304.24,27.74,36.74,65.39,0,0,Hardware_Live
290.92,34.74,35.28,67.19,0,0,Hardware_Live
302.48,35.37,32.02,80.53,0,0,Hardware_Live
298.84,30.17,36.16,66.72,0,0,Hardware_Live
301.58,33.26,30.05,68.86,0,0,Hardware_Live
473.87,44.45,25.02,54.91,0,0,Hardware_Live
553.39,36.6,26.24,59.31,0,0,Hardware_Live
798.53,47.71,26.1,45.27,0,1,Hardware_Live
765.93,49.55,23.34,59.24,0,1,Hardware_Live
482.9,49.55,26.67,59.23,0,0,Hardware_Live
552.34,39.23,26.34,45.72,0,0,Hardware_Live
475.51,35.16,23.77,57.68,0,0,Hardware_Live
162.87,8.97,22.6,53.5,0,0,Hardware_Live
166.68,7.17,26.45,50.34,0,0,Hardware_Live
124.67,12.02,21.69,53.33,0,0,Hardware_Live
152.83,6.22,27.28,58.88,0,0,Hardware_Live
176.4,6.2,21.19,52.55,0,0,Hardware_Live
133.77,8.41,22.2,51.39,0,0,Hardware_Live
134.78,12.93,25.53,47.59,0,0,Hardware_Live
195.63,12.3,21.9,54.48,0,0,Hardware_Live
167.08,8.26,26.35,59.93,0,0,Hardware_Live
199.83,14.18,23.16,49.0,0,0,Hardware_Live
158.84,5.89,20.91,53.76,0,0,Hardware_Live
123.32,13.8,24.54,58.32,0,0,Hardware_Live
140.54,8.79,26.03,56.37,0,0,Hardware_Live
146.68,10.79,25.85,49.44,0,0,Hardware_Live
118.07,11.86,27.62,55.37,0,0,Hardware_Live
153.75,10.92,27.37,52.16,0,0,Hardware_Live
117.84,7.61,24.11,50.51,0,0,Hardware_Live
156.86,5.07,28.0,46.82,0,0,Hardware_Live
145.21,14.92,24.61,57.54,0,0,Hardware_Live
368.53,150.13,56.58,35.59,1,2,Hardware_Live
362.31,147.5,49.19,40.18,1,2,Hardware_Live
354.94,160.24,53.28,43.15,1,2,Hardware_Live
502.16,98.53,62.43,42.92,1,2,Hardware_Live
460.68,184.59,51.48,36.83,1,2,Hardware_Live
357.83,123.6,50.9,37.71,1,2,Hardware_Live
538.1,84.09,40.66,37.28,1,2,Hardware_Live
594.85,185.39,62.41,36.99,1,2,Hardware_Live
190.54,14.02,25.7,51.59,0,0,Hardware_Live
100.69,5.36,23.56,46.78,0,0,Hardware_Live
135.39,13.08,21.31,47.0,0,0,Hardware_Live
113.19,11.75,27.51,54.51,0,0,Hardware_Live
104.25,13.08,26.45,46.35,0,0,Hardware_Live
170.96,14.27,23.36,57.44,0,0,Hardware_Live
102.67,11.64,21.66,49.49,0,0,Hardware_Live
105.35,5.58,20.84,56.83,0,0,Hardware_Live
107.45,7.03,20.77,51.65,0,0,Hardware_Live
155.61,10.81,27.65,48.41,0,0,Hardware_Live
197.24,14.55,20.06,57.79,0,0,Hardware_Live
128.89,9.96,23.65,50.61,0,0,Hardware_Live
171.85,6.34,24.84,56.78,0,0,Hardware_Live
146.44,13.53,22.05,45.43,0,0,Hardware_Live
124.02,13.9,21.07,49.81,0,0,Hardware_Live
194.82,12.93,26.18,52.01,0,0,Hardware_Live
182.78,13.33,26.15,52.84,0,0,Hardware_Live
119.8,7.66,26.54,45.84,0,0,Hardware_Live
111.9,5.34,26.32,48.83,0,0,Hardware_Live
150.25,5.93,25.84,49.93,0,0,Hardware_Live
193.78,9.78,27.67,49.78,0,0,Hardware_Live
147.3,12.75,27.14,59.86,0,0,Hardware_Live
112.22,5.11,20.07,52.83,0,0,Hardware_Live
128.31,10.4,22.24,57.27,0,0,Hardware_Live
164.01,9.25,24.45,59.61,0,0,Hardware_Live
190.3,6.85,25.52,58.25,0,0,Hardware_Live
123.29,13.55,23.05,55.52,0,0,Hardware_Live
109.27,10.67,27.01,57.42,0,0,Hardware_Live
116.94,6.63,22.35,52.7,0,0,Hardware_Live
185.67,6.54,24.07,54.46,0,0,Hardware_Live
180.93,14.38,20.15,49.96,0,0,Hardware_Live
171.66,14.92,22.92,57.44,0,0,Hardware_Live
134.68,13.61,21.93,53.99,0,0,Hardware_Live
144.39,6.73,21.02,56.84,0,0,Hardware_Live
102.84,12.56,25.22,46.02,0,0,Hardware_Live
149.96,12.33,25.27,52.4,0,0,Hardware_Live
175.19,12.88,25.92,51.47,0,0,Hardware_Live
128.91,6.09,24.36,53.53,0,0,Hardware_Live
164.03,12.36,22.81,59.69,0,0,Hardware_Live
330.84,41.13,36.9,65.34,0,0,Hardware_Live
320.18,27.37,30.85,77.87,0,0,Hardware_Live
347.04,34.33,30.8,75.61,0,0,Hardware_Live
270.28,38.04,31.7,69.22,0,0,Hardware_Live
305.77,32.56,37.82,83.53,0,0,Hardware_Live
327.53,27.83,34.32,75.35,0,0,Hardware_Live
314.7,25.84,34.99,70.7,0,0,Hardware_Live
333.86,38.34,35.3,71.72,0,0,Hardware_Live
283.52,32.47,30.16,66.94,0,0,Hardware_Live
266.72,36.03,36.51,75.5,0,0,Hardware_Live
269.88,40.07,32.0,75.75,0,0,Hardware_Live
290.37,31.07,37.04,71.22,0,0,Hardware_Live
327.75,31.73,31.39,79.21,0,0,Hardware_Live
251.51,33.77,31.34,82.67,0,0,Hardware_Live
264.48,35.9,35.59,72.81,0,0,Hardware_Live
337.84,43.87,33.34,72.65,0,0,Hardware_Live
335.75,27.76,31.1,78.34,0,0,Hardware_Live
304.59,36.48,35.96,73.54,0,0,Hardware_Live
251.72,36.45,32.63,70.32,0,0,Hardware_Live
264.98,42.18,31.43,77.89,0,0,Hardware_Live
349.19,26.53,32.12,76.33,0,0,Hardware_Live
282.17,32.99,36.74,71.02,0,0,Hardware_Live
337.52,33.74,34.13,78.96,0,0,Hardware_Live
271.73,33.53,30.06,71.48,0,0,Hardware_Live
890.95,23.09,22.47,49.3,0,1,Hardware_Live
667.94,40.98,27.17,47.75,0,0,Hardware_Live
135.7,9.57,20.59,51.78,0,0,Hardware_Live
152.25,14.67,23.24,51.03,0,0,Hardware_Live
190.58,11.03,22.0,56.67,0,0,Hardware_Live
112.97,14.8,20.23,54.78,0,0,Hardware_Live
185.57,13.8,27.87,59.36,0,0,Hardware_Live
165.58,11.26,21.42,57.0,0,0,Hardware_Live
119.5,8.17,21.68,49.31,0,0,Hardware_Live
333.04,127.55,64.68,32.95,1,2,Hardware_Live
573.28,135.18,45.96,40.11,1,2,Hardware_Live
364.24,135.41,40.21,30.94,1,2,Hardware_Live
510.54,96.09,56.23,41.95,1,2,Hardware_Live
586.41,196.86,55.76,39.79,1,2,Hardware_Live
586.79,167.16,57.2,43.43,1,2,Hardware_Live
512.72,160.52,40.38,41.15,1,2,Hardware_Live
546.91,180.85,64.97,43.41,1,2,Hardware_Live
415.05,165.77,48.03,43.88,1,2,Hardware_Live
326.2,170.83,43.29,32.39,1,2,Hardware_Live
437.43,119.8,44.08,41.82,1,2,Hardware_Live
365.22,127.09,47.3,39.24,1,2,Hardware_Live
592.63,93.06,58.31,41.31,1,2,Hardware_Live
563.86,165.64,57.73,30.41,1,2,Hardware_Live
357.62,165.74,60.02,42.96,1,2,Hardware_Live
552.69,180.4,56.9,42.19,1,2,Hardware_Live
100.61,14.93,26.4,51.22,0,0,Hardware_Live
112.18,9.88,22.43,49.67,0,0,Hardware_Live
185.5,13.4,20.05,57.75,0,0,Hardware_Live
117.12,11.86,24.09,57.73,0,0,Hardware_Live
148.84,10.74,25.24,55.28,0,0,Hardware_Live
123.44,14.04,25.14,50.13,0,0,Hardware_Live
171.61,6.52,25.46,45.84,0,0,Hardware_Live
177.53,7.58,25.48,51.07,0,0,Hardware_Live
168.42,10.31,23.64,54.22,0,0,Hardware_Live
124.77,10.72,27.67,51.78,0,0,Hardware_Live
113.16,14.47,20.55,51.14,0,0,Hardware_Live
132.4,6.89,25.69,54.02,0,0,Hardware_Live
128.73,13.57,25.36,51.11,0,0,Hardware_Live
118.22,6.59,25.2,48.63,0,0,Hardware_Live
122.73,13.44,23.26,56.4,0,0,Hardware_Live
174.07,6.33,22.1,49.03,0,0,Hardware_Live
199.17,7.73,27.8,58.53,0,0,Hardware_Live
162.85,7.83,21.08,54.82,0,0,Hardware_Live
124.08,9.49,23.57,59.85,0,0,Hardware_Live
194.28,6.89,27.52,48.25,0,0,Hardware_Live
180.19,5.44,27.18,46.08,0,0,Hardware_Live
121.49,6.28,23.67,53.05,0,0,Hardware_Live
103.31,13.98,23.51,58.24,0,0,Hardware_Live
116.56,10.85,24.73,51.8,0,0,Hardware_Live
105.87,7.38,22.22,45.1,0,0,Hardware_Live
120.2,12.2,20.53,49.48,0,0,Hardware_Live
183.06,7.78,26.66,52.38,0,0,Hardware_Live
190.29,5.42,26.3,46.96,0,0,Hardware_Live
109.75,6.4,23.22,51.38,0,0,Hardware_Live
196.83,6.14,20.62,56.24,0,0,Hardware_Live
133.55,14.12,26.6,46.82,0,0,Hardware_Live
188.92,5.32,26.64,53.97,0,0,Hardware_Live
172.33,8.24,27.44,49.94,0,0,Hardware_Live
160.67,12.79,22.61,54.86,0,0,Hardware_Live
112.73,11.31,26.15,50.34,0,0,Hardware_Live
190.64,10.48,23.87,47.53,0,0,Hardware_Live
101.3,14.46,21.43,59.54,0,0,Hardware_Live
188.93,8.52,21.66,46.51,0,0,Hardware_Live
175.33,12.95,22.98,59.6,0,0,Hardware_Live
117.11,5.33,25.95,46.47,0,0,Hardware_Live
143.4,13.5,22.69,58.29,0,0,Hardware_Live
100.84,6.27,22.63,57.06,0,0,Hardware_Live
162.81,9.37,27.55,53.19,0,0,Hardware_Live
114.79,8.41,23.64,50.72,0,0,Hardware_Live
135.4,6.16,22.25,57.59,0,0,Hardware_Live
187.92,6.13,22.81,49.02,0,0,Hardware_Live
189.84,10.95,21.51,45.75,0,0,Hardware_Live
135.06,7.55,22.33,52.14,0,0,Hardware_Live
185.19,10.78,25.33,52.94,0,0,Hardware_Live
102.8,10.42,25.34,58.69,0,0,Hardware_Live
169.38,14.78,20.66,56.64,0,0,Hardware_Live
190.64,11.53,20.63,55.5,0,0,Hardware_Live
128.44,9.59,27.79,59.39,0,0,Hardware_Live
143.97,13.05,22.35,59.3,0,0,Hardware_Live
119.43,5.35,22.19,51.54,0,0,Hardware_Live
174.14,14.53,21.9,45.04,0,0,Hardware_Live
193.31,11.58,24.19,50.54,0,0,Hardware_Live
197.58,10.32,24.35,47.73,0,0,Hardware_Live
161.77,6.42,21.62,48.36,0,0,Hardware_Live
165.07,11.73,20.31,51.51,0,0,Hardware_Live
193.98,12.82,25.49,51.03,0,0,Hardware_Live
180.66,8.19,23.83,45.99,0,0,Hardware_Live
189.86,13.22,23.59,52.02,0,0,Hardware_Live
132.78,14.15,22.16,55.25,0,0,Hardware_Live
128.22,5.27,24.32,49.89,0,0,Hardware_Live
182.23,14.35,20.91,59.43,0,0,Hardware_Live
178.13,13.08,23.81,48.71,0,0,Hardware_Live
182.42,5.56,27.5,54.61,0,0,Hardware_Live
154.72,5.86,22.22,47.02,0,0,Hardware_Live
122.65,5.93,25.22,55.02,0,0,Hardware_Live
125.29,12.46,27.91,54.43,0,0,Hardware_Live
119.87,12.24,25.58,51.06,0,0,Hardware_Live
110.21,9.07,24.57,58.22,0,0,Hardware_Live
107.53,5.12,26.71,46.82,0,0,Hardware_Live
159.42,10.07,23.27,59.73,0,0,Hardware_Live
173.15,7.65,27.78,50.0,0,0,Hardware_Live
147.29,14.66,27.87,59.19,0,0,Hardware_Live
155.88,14.86,21.14,57.16,0,0,Hardware_Live
140.92,5.95,26.6,58.32,0,0,Hardware_Live
155.53,7.76,27.81,58.53,0,0,Hardware_Live
184.27,10.03,25.12,57.13,0,0,Hardware_Live
146.99,9.6,25.03,51.94,0,0,Hardware_Live
189.29,7.37,22.61,49.37,0,0,Hardware_Live
185.33,5.51,23.78,54.72,0,0,Hardware_Live
167.54,14.13,20.1,49.61,0,0,Hardware_Live
105.6,9.48,23.62,51.47,0,0,Hardware_Live
110.07,8.36,25.18,49.28,0,0,Hardware_Live
179.65,5.55,21.72,57.15,0,0,Hardware_Live
133.77,12.44,23.82,56.23,0,0,Hardware_Live
104.98,6.73,26.66,48.36,0,0,Hardware_Live
144.68,6.45,22.23,50.22,0,0,Hardware_Live
190.78,9.66,22.17,51.45,0,0,Hardware_Live
180.8,8.4,22.89,59.92,0,0,Hardware_Live
141.95,13.67,25.85,52.67,0,0,Hardware_Live
199.8,5.4,27.54,49.21,0,0,Hardware_Live
181.61,5.51,24.79,56.16,0,0,Hardware_Live
160.23,14.44,26.7,54.33,0,0,Hardware_Live
176.53,7.09,22.39,58.06,0,0,Hardware_Live
141.98,10.06,22.52,54.27,0,0,Hardware_Live
119.69,5.06,22.41,45.01,0,0,Hardware_Live
161.14,9.27,23.37,54.66,0,0,Hardware_Live
190.31,11.66,23.64,46.31,0,0,Hardware_Live
119.45,14.99,22.96,58.9,0,0,Hardware_Live
175.75,9.09,20.09,45.8,0,0,Hardware_Live
134.29,10.98,22.75,51.42,0,0,Hardware_Live
148.15,8.39,27.97,59.53,0,0,Hardware_Live
179.43,5.25,26.69,55.67,0,0,Hardware_Live
172.02,14.5,26.99,54.36,0,0,Hardware_Live
199.64,5.18,24.6,52.55,0,0,Hardware_Live
116.2,12.29,22.07,50.98,0,0,Hardware_Live
171.91,6.61,22.92,45.13,0,0,Hardware_Live
166.96,13.15,21.34,59.52,0,0,Hardware_Live
104.54,14.7,22.07,48.82,0,0,Hardware_Live
103.34,8.97,25.76,46.24,0,0,Hardware_Live
110.86,8.03,24.99,48.1,0,0,Hardware_Live
133.39,10.1,23.68,54.9,0,0,Hardware_Live
170.83,9.8,27.39,53.82,0,0,Hardware_Live
285.67,33.62,30.97,84.68,0,0,Hardware_Live
830.75,42.32,24.87,59.05,0,0,Hardware_Live
742.33,49.14,23.03,55.72,0,1,Hardware_Live
628.27,39.84,22.53,45.92,0,0,Hardware_Live
441.71,36.75,22.09,50.44,0,0,Hardware_Live
783.33,32.11,22.27,59.43,0,1,Hardware_Live
696.04,22.01,24.53,48.02,0,0,Hardware_Live
436.78,24.13,23.65,46.69,0,0,Hardware_Live
677.13,26.41,22.99,47.32,0,0,Hardware_Live
538.72,49.12,23.24,49.3,0,0,Hardware_Live
115.09,5.98,27.38,46.67,0,0,Hardware_Live
187.96,5.23,24.04,47.4,0,0,Hardware_Live
196.49,13.35,23.56,52.59,0,0,Hardware_Live
122.25,13.75,25.16,45.89,0,0,Hardware_Live
138.56,10.97,24.62,55.36,0,0,Hardware_Live
159.87,7.07,26.58,50.29,0,0,Hardware_Live
105.31,10.86,21.38,47.72,0,0,Hardware_Live
198.91,13.7,22.08,54.61,0,0,Hardware_Live
181.92,5.95,24.89,48.82,0,0,Hardware_Live
143.74,7.33,24.29,52.57,0,0,Hardware_Live
161.76,5.66,25.46,52.26,0,0,Hardware_Live
108.41,7.35,26.89,49.07,0,0,Hardware_Live
138.9,7.31,24.29,54.22,0,0,Hardware_Live
180.4,5.41,20.61,55.66,0,0,Hardware_Live
192.21,9.3,20.86,49.26,0,0,Hardware_Live
192.27,10.24,23.26,56.45,0,0,Hardware_Live
105.73,11.65,24.55,58.0,0,0,Hardware_Live
117.67,11.16,24.34,52.95,0,0,Hardware_Live
146.31,6.64,25.85,48.89,0,0,Hardware_Live
107.77,9.38,20.01,57.04,0,0,Hardware_Live
132.56,14.73,26.99,59.28,0,0,Hardware_Live
199.98,11.84,23.16,49.25,0,0,Hardware_Live
101.91,7.93,23.86,51.21,0,0,Hardware_Live
144.23,10.76,25.18,47.27,0,0,Hardware_Live
353.54,121.86,43.18,33.46,1,2,Hardware_Live
484.58,88.91,59.85,39.39,1,2,Hardware_Live
499.16,191.96,61.21,37.05,1,2,Hardware_Live
567.57,161.76,60.39,30.4,1,2,Hardware_Live
586.49,164.51,59.0,30.33,1,2,Hardware_Live
496.64,183.56,60.09,42.03,1,2,Hardware_Live
453.61,115.98,59.91,36.96,1,2,Hardware_Live
409.38,143.25,51.86,35.84,1,2,Hardware_Live
449.3,92.34,57.25,41.55,1,2,Hardware_Live
329.54,85.05,58.0,31.11,1,2,Hardware_Live
508.96,155.76,40.17,38.68,1,2,Hardware_Live
506.35,197.93,57.64,37.52,1,2,Hardware_Live
537.47,84.6,50.53,32.45,1,2,Hardware_Live
509.47,198.82,62.54,33.29,1,2,Hardware_Live
184.53,12.23,23.57,49.63,0,0,Hardware_Live
162.93,7.42,20.59,58.83,0,0,Hardware_Live
143.41,8.93,24.2,47.36,0,0,Hardware_Live
104.33,14.27,22.44,51.32,0,0,Hardware_Live
130.52,10.29,23.42,54.13,0,0,Hardware_Live
172.21,10.56,22.0,59.23,0,0,Hardware_Live
115.28,6.31,20.22,54.05,0,0,Hardware_Live
197.53,10.94,25.5,58.41,0,0,Hardware_Live
190.97,6.16,26.7,47.07,0,0,Hardware_Live
179.78,10.13,21.94,48.51,0,0,Hardware_Live
173.89,13.68,26.34,51.71,0,0,Hardware_Live
139.57,6.68,24.44,51.37,0,0,Hardware_Live
129.43,13.57,23.33,58.86,0,0,Hardware_Live
179.32,11.83,25.94,51.51,0,0,Hardware_Live
144.26,6.06,25.45,59.6,0,0,Hardware_Live
161.06,11.78,24.51,59.36,0,0,Hardware_Live
114.6,10.26,24.98,59.34,0,0,Hardware_Live
108.08,7.55,26.45,58.95,0,0,Hardware_Live
125.63,8.59,26.52,56.15,0,0,Hardware_Live
173.41,10.88,20.52,50.59,0,0,Hardware_Live
130.52,10.26,27.17,51.27,0,0,Hardware_Live
121.37,9.61,24.89,51.89,0,0,Hardware_Live
180.27,5.64,23.19,46.54,0,0,Hardware_Live
157.74,7.64,25.84,54.42,0,0,Hardware_Live
168.49,13.07,26.88,59.71,0,0,Hardware_Live
170.47,13.23,23.24,56.97,0,0,Hardware_Live
113.34,14.14,22.6,58.58,0,0,Hardware_Live
138.57,13.9,23.46,57.52,0,0,Hardware_Live
102.4,7.56,26.39,50.6,0,0,Hardware_Live
107.55,6.97,26.45,50.34,0,0,Hardware_Live
168.06,14.3,27.68,48.35,0,0,Hardware_Live
168.37,9.69,21.87,58.21,0,0,Hardware_Live
102.71,8.67,26.01,46.47,0,0,Hardware_Live
189.05,11.64,22.29,57.3,0,0,Hardware_Live
138.01,6.38,20.54,57.17,0,0,Hardware_Live
116.81,5.0,23.45,46.18,0,0,Hardware_Live
143.38,9.1,20.2,59.22,0,0,Hardware_Live
187.36,9.66,24.5,46.57,0,0,Hardware_Live
121.56,5.41,21.33,57.71,0,0,Hardware_Live
153.5,13.68,25.05,47.58,0,0,Hardware_Live
161.55,8.01,20.98,53.53,0,0,Hardware_Live
189.53,12.43,27.47,54.62,0,0,Hardware_Live
106.49,11.64,22.73,47.89,0,0,Hardware_Live
157.89,7.92,27.27,59.18,0,0,Hardware_Live
133.66,10.77,27.92,50.21,0,0,Hardware_Live
153.18,7.84,22.06,45.94,0,0,Hardware_Live
162.56,8.01,27.35,56.21,0,0,Hardware_Live
176.34,6.18,24.54,57.91,0,0,Hardware_Live
120.96,6.9,26.22,48.56,0,0,Hardware_Live
113.0,12.21,27.28,49.79,0,0,Hardware_Live
329.2,34.12,36.69,66.95,0,0,Hardware_Live
309.72,39.04,30.68,72.58,0,0,Hardware_Live
270.79,29.78,30.73,73.96,0,0,Hardware_Live
291.84,31.85,37.42,65.77,0,0,Hardware_Live
316.13,30.5,31.06,73.92,0,0,Hardware_Live
323.63,30.64,30.13,68.35,0,0,Hardware_Live
338.31,26.1,36.27,72.39,0,0,Hardware_Live
311.72,32.11,31.81,68.81,0,0,Hardware_Live
257.34,39.9,32.59,84.33,0,0,Hardware_Live
610.66,32.67,24.95,55.28,0,0,Hardware_Live
754.16,21.68,24.59,54.02,0,1,Hardware_Live
805.57,48.57,27.58,54.11,0,1,Hardware_Live
525.73,29.54,22.81,50.24,0,0,Hardware_Live
614.32,22.41,23.65,47.27,0,0,Hardware_Live
686.44,32.9,22.28,49.6,0,0,Hardware_Live
552.15,30.09,27.07,46.59,0,0,Hardware_Live
698.73,30.07,26.97,45.11,0,1,Hardware_Live
117.85,11.08,24.73,48.5,0,0,Hardware_Live
158.2,14.45,20.56,51.22,0,0,Hardware_Live
149.92,11.92,27.98,52.46,0,0,Hardware_Live
374.28,176.62,50.91,41.29,1,2,Hardware_Live
501.8,167.59,52.82,33.97,1,2,Hardware_Live
381.26,80.76,52.57,31.98,1,2,Hardware_Live
599.45,113.42,60.31,43.08,1,2,Hardware_Live
104.46,11.93,22.1,57.67,0,0,Hardware_Live
113.03,12.47,20.06,45.91,0,0,Hardware_Live
138.9,11.13,26.27,56.49,0,0,Hardware_Live
117.78,10.14,21.05,52.32,0,0,Hardware_Live
148.95,7.63,26.5,55.28,0,0,Hardware_Live
162.08,9.53,23.18,51.33,0,0,Hardware_Live
126.13,10.62,20.06,56.92,0,0,Hardware_Live
164.67,9.77,21.33,53.67,0,0,Hardware_Live
126.89,13.19,22.06,48.67,0,0,Hardware_Live
111.04,13.72,22.2,59.18,0,0,Hardware_Live
133.92,7.48,20.45,55.89,0,0,Hardware_Live
140.37,12.78,24.32,57.11,0,0,Hardware_Live
149.97,5.42,21.04,52.7,0,0,Hardware_Live
116.75,14.1,25.44,49.85,0,0,Hardware_Live
107.23,13.13,26.22,50.03,0,0,Hardware_Live
116.02,12.32,21.52,51.13,0,0,Hardware_Live
104.85,14.06,27.36,56.81,0,0,Hardware_Live
193.39,7.42,22.34,52.03,0,0,Hardware_Live
172.6,11.13,25.91,49.61,0,0,Hardware_Live
123.3,7.31,22.94,58.57,0,0,Hardware_Live
108.39,14.92,24.11,57.71,0,0,Hardware_Live
104.24,14.8,22.76,56.33,0,0,Hardware_Live
183.46,14.91,23.11,57.93,0,0,Hardware_Live
118.06,12.5,23.64,46.51,0,0,Hardware_Live
117.22,8.56,20.38,46.29,0,0,Hardware_Live
137.78,13.81,24.09,55.32,0,0,Hardware_Live
117.07,12.68,27.0,57.6,0,0,Hardware_Live
282.27,30.29,30.11,77.85,0,0,Hardware_Live
255.79,32.77,35.09,74.78,0,0,Hardware_Live
275.19,26.55,35.6,78.21,0,0,Hardware_Live
696.31,21.66,26.26,47.65,0,1,Hardware_Live
724.65,48.92,24.39,53.65,0,1,Hardware_Live
629.29,25.07,23.71,58.04,0,0,Hardware_Live
731.6,27.61,22.59,56.5,0,1,Hardware_Live
524.07,44.88,27.64,46.94,0,0,Hardware_Live
143.43,12.92,20.62,57.86,0,0,Hardware_Live
123.6,9.51,23.89,56.67,0,0,Hardware_Live
175.63,11.09,26.86,46.79,0,0,Hardware_Live
117.92,5.51,25.03,50.5,0,0,Hardware_Live
111.28,10.22,23.26,48.49,0,0,Hardware_Live
154.31,10.95,25.77,55.23,0,0,Hardware_Live
124.87,10.57,27.93,47.54,0,0,Hardware_Live
119.48,6.0,22.41,54.04,0,0,Hardware_Live
146.2,5.57,22.93,51.25,0,0,Hardware_Live
174.05,13.37,27.63,56.95,0,0,Hardware_Live
115.32,9.49,23.55,45.28,0,0,Hardware_Live
157.6,12.05,21.86,47.09,0,0,Hardware_Live
129.78,10.7,26.47,59.16,0,0,Hardware_Live
140.65,11.72,22.02,47.63,0,0,Hardware_Live
181.16,5.44,20.65,49.29,0,0,Hardware_Live
101.58,6.75,22.21,59.56,0,0,Hardware_Live
160.03,5.73,26.86,47.29,0,0,Hardware_Live
137.96,9.64,27.46,50.92,0,0,Hardware_Live
339.26,194.39,60.16,31.24,1,2,Hardware_Live
398.77,82.97,64.0,40.04,1,2,Hardware_Live
444.43,132.05,48.39,41.53,1,2,Hardware_Live
461.65,195.57,56.72,38.8,1,2,Hardware_Live
413.81,153.62,54.49,42.92,1,2,Hardware_Live
590.55,169.38,41.65,42.42,1,2,Hardware_Live
167.78,10.15,26.93,46.17,0,0,Hardware_Live
137.29,9.54,22.49,45.24,0,0,Hardware_Live
191.02,9.97,23.17,58.09,0,0,Hardware_Live
168.13,10.79,23.49,52.17,0,0,Hardware_Live
181.2,10.47,25.02,45.49,0,0,Hardware_Live
175.76,10.79,22.47,56.97,0,0,Hardware_Live
135.2,6.92,23.64,50.6,0,0,Hardware_Live
129.73,10.0,26.33,54.82,0,0,Hardware_Live
111.12,13.45,20.91,58.49,0,0,Hardware_Live
194.78,5.39,21.53,52.34,0,0,Hardware_Live
104.67,9.79,26.19,48.89,0,0,Hardware_Live
172.03,13.2,21.15,57.16,0,0,Hardware_Live
175.5,13.99,25.35,52.75,0,0,Hardware_Live
175.83,6.57,22.04,51.98,0,0,Hardware_Live
164.79,10.12,26.92,58.67,0,0,Hardware_Live
162.63,5.04,24.96,53.26,0,0,Hardware_Live
190.41,14.85,26.41,49.88,0,0,Hardware_Live
166.29,13.9,21.35,55.69,0,0,Hardware_Live
129.79,8.87,27.33,56.05,0,0,Hardware_Live
128.83,7.16,26.97,57.27,0,0,Hardware_Live
118.56,13.03,26.29,48.79,0,0,Hardware_Live
293.83,30.65,34.41,71.93,0,0,Hardware_Live
579.86,40.7,25.44,54.07,0,0,Hardware_Live
457.19,34.91,27.24,54.76,0,0,Hardware_Live
415.78,45.76,26.0,50.52,0,0,Hardware_Live
660.24,43.92,23.69,59.31,0,1,Hardware_Live
641.53,45.83,24.26,45.1,0,0,Hardware_Live
506.03,31.51,22.16,52.59,0,0,Hardware_Live
583.09,26.26,26.62,50.43,0,0,Hardware_Live
692.02,31.02,25.57,47.59,0,1,Hardware_Live
770.3,29.86,23.04,57.88,0,0,Hardware_Live
158.55,8.59,25.43,47.24,0,0,Hardware_Live
147.05,12.45,21.79,53.01,0,0,Hardware_Live
146.8,13.95,26.9,59.37,0,0,Hardware_Live
187.4,10.83,24.44,58.56,0,0,Hardware_Live
140.17,8.21,26.75,57.39,0,0,Hardware_Live
155.72,14.58,27.79,58.04,0,0,Hardware_Live
174.94,14.68,25.32,45.58,0,0,Hardware_Live
161.44,14.36,24.23,54.9,0,0,Hardware_Live
189.98,12.46,27.6,59.58,0,0,Hardware_Live
144.25,9.13,23.61,48.88,0,0,Hardware_Live
148.22,7.68,23.07,52.28,0,0,Hardware_Live
198.2,12.84,24.75,56.87,0,0,Hardware_Live
179.55,6.93,22.08,48.97,0,0,Hardware_Live
118.65,11.8,23.74,51.11,0,0,Hardware_Live
169.97,11.71,20.37,58.67,0,0,Hardware_Live
128.53,9.34,25.1,54.3,0,0,Hardware_Live
141.45,13.33,22.86,59.85,0,0,Hardware_Live
116.21,13.82,23.08,52.99,0,0,Hardware_Live
161.11,11.13,23.3,47.9,0,0,Hardware_Live
100.98,7.48,22.72,50.97,0,0,Hardware_Live
157.89,11.92,25.5,54.62,0,0,Hardware_Live
197.55,6.79,24.51,52.02,0,0,Hardware_Live
107.02,5.96,27.13,47.23,0,0,Hardware_Live
120.6,10.74,27.49,48.01,0,0,Hardware_Live
148.01,12.34,21.33,57.42,0,0,Hardware_Live
159.47,5.62,23.68,54.9,0,0,Hardware_Live
181.06,11.09,21.34,45.78,0,0,Hardware_Live
192.4,12.22,24.3,50.37,0,0,Hardware_Live
128.96,12.91,27.78,58.03,0,0,Hardware_Live
150.72,11.2,26.63,51.35,0,0,Hardware_Live
141.67,10.07,25.45,54.47,0,0,Hardware_Live
178.93,11.58,20.97,56.95,0,0,Hardware_Live
112.9,12.51,21.24,52.49,0,0,Hardware_Live
130.66,14.54,22.69,54.66,0,0,Hardware_Live
185.62,9.44,25.74,46.5,0,0,Hardware_Live
160.41,7.68,21.26,58.28,0,0,Hardware_Live
133.7,8.72,26.33,51.78,0,0,Hardware_Live
152.17,14.31,25.89,59.04,0,0,Hardware_Live
103.52,7.49,23.81,53.03,0,0,Hardware_Live
124.6,12.12,26.8,58.91,0,0,Hardware_Live
300.03,28.24,32.74,78.39,0,0,Hardware_Live
309.54,26.35,35.33,69.42,0,0,Hardware_Live
250.29,26.59,33.53,68.25,0,0,Hardware_Live
304.72,27.32,30.58,80.73,0,0,Hardware_Live
295.83,37.95,32.48,74.96,0,0,Hardware_Live
256.12,27.18,34.28,66.78,0,0,Hardware_Live
274.12,36.89,35.81,65.07,0,0,Hardware_Live
268.9,39.04,35.48,74.75,0,0,Hardware_Live
300.65,43.75,33.12,69.63,0,0,Hardware_Live
295.75,26.83,35.24,77.71,0,0,Hardware_Live
261.54,33.97,37.88,73.78,0,0,Hardware_Live
252.81,25.11,32.17,83.1,0,0,Hardware_Live
305.56,44.6,37.69,78.75,0,0,Hardware_Live
292.56,27.53,33.49,66.67,0,0,Hardware_Live
299.98,38.02,32.01,84.1,0,0,Hardware_Live
272.51,36.99,30.39,75.03,0,0,Hardware_Live
253.18,39.63,32.6,77.16,0,0,Hardware_Live
322.73,41.02,35.99,76.2,0,0,Hardware_Live
349.78,43.95,37.14,81.23,0,0,Hardware_Live
315.62,32.49,36.9,68.95,0,0,Hardware_Live
270.24,30.69,30.53,78.73,0,0,Hardware_Live
657.86,32.91,26.38,47.09,0,0,Hardware_Live
487.95,39.85,23.03,47.04,0,0,Hardware_Live
698.78,40.26,22.63,49.04,0,1,Hardware_Live
419.69,48.93,23.99,53.38,0,0,Hardware_Live
629.55,29.84,27.41,52.8,0,0,Hardware_Live
822.55,32.77,23.22,55.46,0,1,Hardware_Live
789.46,38.23,25.19,57.94,0,1,Hardware_Live
808.52,39.11,27.72,50.85,0,1,Hardware_Live
889.35,38.04,22.05,47.51,0,1,Hardware_Live
863.99,36.55,22.01,49.8,0,1,Hardware_Live
595.15,30.13,22.53,53.46,0,0,Hardware_Live
463.34,41.83,27.37,59.13,0,0,Hardware_Live
156.97,12.02,26.19,54.2,0,0,Hardware_Live
111.37,6.36,24.99,46.22,0,0,Hardware_Live
176.46,8.9,25.35,45.76,0,0,Hardware_Live
118.97,14.21,22.75,57.15,0,0,Hardware_Live
164.48,12.15,27.06,47.92,0,0,Hardware_Live
134.56,5.96,27.96,59.35,0,0,Hardware_Live
176.92,11.06,23.94,48.41,0,0,Hardware_Live
501.81,137.06,60.79,44.64,1,2,Hardware_Live
497.75,174.38,46.24,39.23,1,2,Hardware_Live
136.02,5.68,26.79,51.35,0,0,Hardware_Live
155.09,6.08,26.35,48.73,0,0,Hardware_Live
128.02,5.86,23.76,49.23,0,0,Hardware_Live
117.73,11.92,23.0,52.63,0,0,Hardware_Live
130.17,11.07,21.03,52.17,0,0,Hardware_Live
140.46,13.54,22.03,52.47,0,0,Hardware_Live
124.75,14.96,20.41,59.27,0,0,Hardware_Live
145.22,14.03,26.25,45.72,0,0,Hardware_Live
126.65,13.53,21.12,49.26,0,0,Hardware_Live
182.73,9.24,26.37,57.49,0,0,Hardware_Live
157.7,8.92,24.07,54.62,0,0,Hardware_Live
141.95,9.27,25.66,46.85,0,0,Hardware_Live
196.64,13.97,27.89,50.78,0,0,Hardware_Live
171.14,12.45,27.48,48.43,0,0,Hardware_Live
165.6,9.72,24.17,47.36,0,0,Hardware_Live
133.04,5.94,22.04,54.82,0,0,Hardware_Live
191.21,7.86,25.28,50.96,0,0,Hardware_Live
128.53,14.26,25.57,45.26,0,0,Hardware_Live
147.38,5.89,25.7,50.89,0,0,Hardware_Live
125.87,6.45,22.93,50.96,0,0,Hardware_Live
195.21,13.4,23.59,56.07,0,0,Hardware_Live
101.99,8.25,25.42,46.91,0,0,Hardware_Live
141.89,14.79,27.14,53.76,0,0,Hardware_Live
153.43,7.55,22.94,53.7,0,0,Hardware_Live
130.47,10.3,26.29,50.81,0,0,Hardware_Live
105.98,12.55,22.18,56.93,0,0,Hardware_Live
102.52,12.58,26.17,46.32,0,0,Hardware_Live
138.75,8.61,23.93,47.11,0,0,Hardware_Live
199.08,14.76,23.86,50.4,0,0,Hardware_Live
125.43,8.36,25.01,50.51,0,0,Hardware_Live
177.0,7.25,26.78,56.18,0,0,Hardware_Live
177.22,7.71,26.26,51.92,0,0,Hardware_Live
189.51,13.77,25.98,58.32,0,0,Hardware_Live
147.94,6.36,27.72,49.99,0,0,Hardware_Live
128.63,14.75,26.26,55.59,0,0,Hardware_Live
174.63,7.91,21.52,52.97,0,0,Hardware_Live
191.56,14.39,23.73,47.74,0,0,Hardware_Live
106.46,12.71,26.89,57.35,0,0,Hardware_Live
179.58,9.63,27.58,54.63,0,0,Hardware_Live
190.96,7.08,26.58,56.5,0,0,Hardware_Live
169.02,8.81,26.14,49.0,0,0,Hardware_Live
138.71,12.37,23.59,45.16,0,0,Hardware_Live
189.5,9.71,27.74,56.84,0,0,Hardware_Live
163.81,13.67,27.93,48.29,0,0,Hardware_Live
190.32,10.45,23.28,46.87,0,0,Hardware_Live
183.01,12.37,22.93,50.36,0,0,Hardware_Live
108.12,10.19,25.48,51.13,0,0,Hardware_Live
110.05,14.76,21.98,46.59,0,0,Hardware_Live
179.77,7.51,27.67,56.54,0,0,Hardware_Live
171.44,9.65,26.93,49.51,0,0,Hardware_Live
167.57,12.22,25.18,46.64,0,0,Hardware_Live
148.82,8.0,23.86,55.39,0,0,Hardware_Live
105.88,14.2,23.13,47.56,0,0,Hardware_Live
138.07,10.03,21.97,58.18,0,0,Hardware_Live
133.3,6.75,20.16,51.96,0,0,Hardware_Live
149.95,6.84,22.12,53.3,0,0,Hardware_Live
162.34,10.57,24.57,56.54,0,0,Hardware_Live
188.68,8.58,20.47,54.65,0,0,Hardware_Live
132.12,8.58,25.05,51.87,0,0,Hardware_Live
175.85,8.43,25.34,55.85,0,0,Hardware_Live
165.72,9.24,22.14,59.21,0,0,Hardware_Live
143.65,14.74,27.44,56.51,0,0,Hardware_Live
134.1,5.86,24.47,54.52,0,0,Hardware_Live
107.96,10.23,24.38,45.61,0,0,Hardware_Live
110.34,6.87,26.43,48.27,0,0,Hardware_Live
175.82,14.89,21.56,49.98,0,0,Hardware_Live
303.39,35.28,33.59,84.1,0,0,Hardware_Live
423.93,41.46,27.53,57.86,0,0,Hardware_Live
431.75,27.29,23.61,58.08,0,0,Hardware_Live
409.83,33.04,24.24,54.02,0,0,Hardware_Live
465.27,49.54,26.11,47.06,0,0,Hardware_Live
486.43,32.61,27.99,47.18,0,0,Hardware_Live
740.57,31.29,27.31,49.56,0,1,Hardware_Live
509.73,41.03,26.19,51.93,0,0,Hardware_Live
797.0,45.1,25.78,57.58,0,1,Hardware_Live
601.95,25.84,27.24,56.2,0,0,Hardware_Live
471.28,40.41,26.59,48.83,0,0,Hardware_Live
884.7,33.91,22.83,58.65,0,1,Hardware_Live
415.0,32.29,25.88,51.5,0,0,Hardware_Live
180.78,12.72,20.94,51.6,0,0,Hardware_Live
179.99,8.97,21.27,52.46,0,0,Hardware_Live
119.36,8.06,26.45,50.63,0,0,Hardware_Live
119.74,7.47,25.4,55.77,0,0,Hardware_Live
129.79,13.1,20.58,50.26,0,0,Hardware_Live
143.67,6.79,23.58,57.37,0,0,Hardware_Live
195.21,6.95,23.46,59.21,0,0,Hardware_Live
112.96,9.74,27.77,46.55,0,0,Hardware_Live
185.44,11.37,24.29,56.27,0,0,Hardware_Live
118.58,6.54,27.5,45.71,0,0,Hardware_Live
172.34,7.91,22.52,54.06,0,0,Hardware_Live
199.09,7.79,25.8,49.14,0,0,Hardware_Live
175.48,7.88,26.71,57.3,0,0,Hardware_Live
194.7,13.44,26.44,59.08,0,0,Hardware_Live
193.37,6.55,23.01,47.53,0,0,Hardware_Live
317.88,124.83,61.9,31.61,1,2,Hardware_Live
431.19,96.95,50.81,33.79,1,2,Hardware_Live
537.44,192.98,64.56,36.09,1,2,Hardware_Live
427.92,133.8,63.68,38.32,1,2,Hardware_Live
368.1,112.28,47.55,41.04,1,2,Hardware_Live
368.43,193.25,43.8,32.13,1,2,Hardware_Live
525.12,185.87,45.05,42.58,1,2,Hardware_Live
326.64,198.68,46.98,38.7,1,2,Hardware_Live
478.25,123.93,54.01,43.25,1,2,Hardware_Live
435.09,116.12,64.01,36.86,1,2,Hardware_Live
416.46,85.98,61.45,33.51,1,2,Hardware_Live
379.97,155.4,50.78,37.22,1,2,Hardware_Live
587.8,85.93,52.01,32.49,1,2,Hardware_Live
592.35,122.5,59.36,30.61,1,2,Hardware_Live
342.56,137.85,53.99,33.7,1,2,Hardware_Live
122.93,5.73,23.5,59.55,0,0,Hardware_Live
193.25,13.11,22.46,57.85,0,0,Hardware_Live
120.86,13.48,26.82,51.47,0,0,Hardware_Live
142.12,5.23,27.32,49.94,0,0,Hardware_Live
190.93,6.89,27.4,51.2,0,0,Hardware_Live
106.08,11.29,26.38,45.12,0,0,Hardware_Live
101.53,7.29,23.33,54.26,0,0,Hardware_Live
167.67,8.43,27.91,47.14,0,0,Hardware_Live
141.06,12.33,21.46,53.26,0,0,Hardware_Live
192.65,11.81,23.14,47.1,0,0,Hardware_Live
114.83,9.5,25.99,46.52,0,0,Hardware_Live
119.85,6.79,26.98,46.24,0,0,Hardware_Live
115.8,7.97,20.47,51.42,0,0,Hardware_Live
103.05,7.65,23.4,55.95,0,0,Hardware_Live
194.84,8.05,24.15,48.53,0,0,Hardware_Live
182.5,9.72,20.03,58.14,0,0,Hardware_Live
184.25,6.77,23.55,56.92,0,0,Hardware_Live
173.23,8.19,22.5,48.4,0,0,Hardware_Live
150.96,10.62,23.68,47.77,0,0,Hardware_Live
132.0,5.85,26.49,58.86,0,0,Hardware_Live
118.49,5.02,23.58,54.93,0,0,Hardware_Live
157.65,12.49,21.41,47.38,0,0,Hardware_Live
125.57,11.56,23.13,51.89,0,0,Hardware_Live
148.67,5.49,23.29,56.57,0,0,Hardware_Live
110.31,11.75,24.61,47.61,0,0,Hardware_Live
169.39,5.9,22.63,52.18,0,0,Hardware_Live
155.81,5.63,27.08,54.27,0,0,Hardware_Live
112.27,6.57,21.92,50.71,0,0,Hardware_Live
180.7,14.88,25.15,58.74,0,0,Hardware_Live
134.74,13.84,26.01,45.57,0,0,Hardware_Live
170.05,5.6,25.62,57.46,0,0,Hardware_Live
194.05,5.6,25.99,55.01,0,0,Hardware_Live
107.94,10.49,26.23,55.16,0,0,Hardware_Live
123.09,7.86,24.55,50.29,0,0,Hardware_Live
120.82,13.01,24.94,47.97,0,0,Hardware_Live
127.7,12.29,22.39,50.2,0,0,Hardware_Live
174.0,10.09,24.59,51.46,0,0,Hardware_Live
160.6,5.02,26.34,58.74,0,0,Hardware_Live
132.78,9.19,22.11,59.35,0,0,Hardware_Live
141.47,14.4,20.95,59.98,0,0,Hardware_Live
188.29,11.24,25.5,47.71,0,0,Hardware_Live
169.44,13.02,27.36,46.26,0,0,Hardware_Live
163.23,11.49,22.0,50.55,0,0,Hardware_Live
285.08,39.3,36.82,65.92,0,0,Hardware_Live
326.08,44.97,32.35,75.23,0,0,Hardware_Live
283.31,38.63,33.86,78.49,0,0,Hardware_Live
261.25,35.4,32.79,73.26,0,0,Hardware_Live
294.44,32.55,32.73,77.55,0,0,Hardware_Live
636.1,26.87,22.8,50.12,0,0,Hardware_Live
434.5,49.86,25.52,48.4,0,0,Hardware_Live
807.87,31.12,26.68,56.43,0,1,Hardware_Live
485.7,39.41,22.09,54.85,0,0,Hardware_Live
749.35,40.32,25.53,57.45,0,1,Hardware_Live
474.92,36.14,23.52,48.51,0,0,Hardware_Live
539.77,23.94,22.17,46.99,0,0,Hardware_Live
504.34,22.78,27.79,58.66,0,0,Hardware_Live
747.7,37.08,25.26,48.62,0,1,Hardware_Live
794.91,27.77,27.87,45.01,0,1,Hardware_Live
623.2,29.28,25.38,48.38,0,0,Hardware_Live
122.88,10.14,25.68,46.36,0,0,Hardware_Live
126.42,13.5,22.28,57.81,0,0,Hardware_Live
118.84,12.78,24.24,48.56,0,0,Hardware_Live
183.75,10.73,22.12,53.87,0,0,Hardware_Live
197.69,6.09,22.04,46.2,0,0,Hardware_Live
139.01,13.72,24.22,59.5,0,0,Hardware_Live
149.45,5.97,27.36,58.49,0,0,Hardware_Live
132.83,12.36,21.0,53.4,0,0,Hardware_Live
152.01,7.56,25.75,47.76,0,0,Hardware_Live
121.6,7.28,26.03,49.52,0,0,Hardware_Live
397.3,118.23,64.95,33.52,1,2,Hardware_Live
460.33,109.1,42.83,32.1,1,2,Hardware_Live
307.22,120.07,57.98,30.29,1,2,Hardware_Live
150.81,11.84,25.94,45.19,0,0,Hardware_Live
122.75,8.04,25.81,54.78,0,0,Hardware_Live
106.92,8.62,23.65,48.04,0,0,Hardware_Live
172.06,9.18,23.06,54.57,0,0,Hardware_Live
126.41,7.39,22.1,53.1,0,0,Hardware_Live
177.54,6.72,20.13,53.82,0,0,Hardware_Live
135.92,14.9,21.89,52.69,0,0,Hardware_Live
171.88,8.69,20.25,56.81,0,0,Hardware_Live
175.87,11.95,21.64,47.26,0,0,Hardware_Live
144.22,6.02,27.99,57.63,0,0,Hardware_Live
171.96,10.91,25.88,56.9,0,0,Hardware_Live
123.03,13.98,23.47,51.25,0,0,Hardware_Live
176.92,14.24,27.66,48.88,0,0,Hardware_Live
285.24,36.94,33.29,67.62,0,0,Hardware_Live
311.73,44.88,32.66,81.07,0,0,Hardware_Live
531.85,27.17,23.74,46.75,0,0,Hardware_Live
609.27,48.7,27.21,50.07,0,0,Hardware_Live
586.58,20.08,25.38,56.11,0,0,Hardware_Live
474.0,46.33,22.67,51.33,0,0,Hardware_Live
782.94,48.06,24.72,51.47,0,1,Hardware_Live
554.58,20.51,23.62,53.16,0,0,Hardware_Live
411.58,42.53,23.48,57.59,0,0,Hardware_Live
468.89,26.19,26.79,52.16,0,0,Hardware_Live
180.55,13.23,27.94,45.88,0,0,Hardware_Live
199.2,8.82,20.58,54.86,0,0,Hardware_Live
142.2,8.62,24.26,59.56,0,0,Hardware_Live
115.7,9.74,24.01,47.06,0,0,Hardware_Live
101.24,8.57,21.26,59.84,0,0,Hardware_Live
167.34,12.93,26.85,58.93,0,0,Hardware_Live
175.07,12.88,24.08,55.16,0,0,Hardware_Live
147.82,11.83,22.93,54.79,0,0,Hardware_Live
132.1,10.42,22.1,49.92,0,0,Hardware_Live
394.53,173.4,46.63,38.8,1,2,Hardware_Live
309.58,135.34,43.55,37.65,1,2,Hardware_Live
349.02,91.2,60.14,31.33,1,2,Hardware_Live
568.24,168.02,43.92,36.38,1,2,Hardware_Live
559.78,168.89,59.6,33.61,1,2,Hardware_Live
134.91,13.67,20.38,52.76,0,0,Hardware_Live
150.63,15.0,24.57,49.29,0,0,Hardware_Live
141.49,13.11,26.04,59.03,0,0,Hardware_Live
109.91,7.67,26.68,47.13,0,0,Hardware_Live
109.05,13.93,25.99,51.97,0,0,Hardware_Live
135.64,12.31,22.08,45.14,0,0,Hardware_Live
113.51,9.6,24.1,57.76,0,0,Hardware_Live
197.1,12.15,23.0,54.59,0,0,Hardware_Live
113.99,8.92,21.8,54.97,0,0,Hardware_Live
107.53,5.64,21.03,47.03,0,0,Hardware_Live
106.43,8.14,22.89,51.43,0,0,Hardware_Live
156.85,10.4,21.49,50.76,0,0,Hardware_Live
137.72,8.83,26.34,56.93,0,0,Hardware_Live
171.45,7.48,27.96,51.89,0,0,Hardware_Live
142.65,9.2,26.47,57.08,0,0,Hardware_Live
176.86,12.18,24.62,58.7,0,0,Hardware_Live
117.42,12.19,22.39,48.51,0,0,Hardware_Live
194.66,5.34,21.29,48.84,0,0,Hardware_Live
156.11,5.48,21.38,46.93,0,0,Hardware_Live
113.97,11.34,25.82,55.82,0,0,Hardware_Live
147.82,9.83,24.34,46.53,0,0,Hardware_Live
123.3,14.38,20.85,49.31,0,0,Hardware_Live
197.11,6.05,25.96,50.87,0,0,Hardware_Live
188.1,10.97,27.06,49.88,0,0,Hardware_Live
149.51,8.02,23.95,49.47,0,0,Hardware_Live
104.47,14.04,23.51,53.45,0,0,Hardware_Live
124.46,10.49,27.02,55.1,0,0,Hardware_Live
146.35,11.18,27.98,57.99,0,0,Hardware_Live
142.07,6.74,23.84,54.85,0,0,Hardware_Live
143.41,11.89,27.89,53.52,0,0,Hardware_Live
129.15,7.19,21.93,49.24,0,0,Hardware_Live
173.47,12.15,20.31,59.33,0,0,Hardware_Live
151.07,8.93,22.57,58.63,0,0,Hardware_Live
126.64,10.78,22.81,49.84,0,0,Hardware_Live
117.55,13.96,21.56,49.01,0,0,Hardware_Live
102.88,8.19,27.75,50.95,0,0,Hardware_Live
197.1,14.54,22.56,50.74,0,0,Hardware_Live
163.04,5.1,26.85,53.93,0,0,Hardware_Live
153.66,6.94,24.7,48.37,0,0,Hardware_Live
187.46,5.32,24.2,57.34,0,0,Hardware_Live
116.13,14.91,25.27,46.94,0,0,Hardware_Live
148.69,5.46,27.7,46.73,0,0,Hardware_Live
174.22,14.84,20.09,53.54,0,0,Hardware_Live
153.39,9.18,25.83,48.29,0,0,Hardware_Live
174.63,9.33,22.09,51.05,0,0,Hardware_Live
116.32,11.19,27.3,55.03,0,0,Hardware_Live
164.72,5.44,21.87,52.94,0,0,Hardware_Live
170.97,13.85,24.28,51.65,0,0,Hardware_Live
134.49,8.39,22.05,56.99,0,0,Hardware_Live
183.45,10.46,26.17,53.84,0,0,Hardware_Live
123.46,10.9,25.16,55.1,0,0,Hardware_Live
135.66,13.81,20.22,56.08,0,0,Hardware_Live
117.28,10.36,26.32,53.5,0,0,Hardware_Live
181.78,10.35,27.05,48.01,0,0,Hardware_Live
141.15,7.86,24.41,53.03,0,0,Hardware_Live
111.7,12.16,23.74,49.49,0,0,Hardware_Live
151.26,10.95,25.45,51.02,0,0,Hardware_Live
108.75,5.01,26.05,50.35,0,0,Hardware_Live
130.04,8.31,26.37,53.27,0,0,Hardware_Live
145.5,14.67,25.4,58.62,0,0,Hardware_Live
108.75,14.23,27.98,53.62,0,0,Hardware_Live
110.83,7.95,27.42,51.24,0,0,Hardware_Live
118.74,9.46,27.67,52.84,0,0,Hardware_Live
182.99,6.33,23.43,45.99,0,0,Hardware_Live
124.84,14.85,26.4,50.82,0,0,Hardware_Live
133.44,7.31,21.8,50.27,0,0,Hardware_Live
177.78,9.61,27.5,47.44,0,0,Hardware_Live
151.07,10.31,27.47,46.35,0,0,Hardware_Live
169.7,14.63,23.63,48.18,0,0,Hardware_Live
107.8,14.05,20.78,46.93,0,0,Hardware_Live
122.54,6.44,25.37,52.68,0,0,Hardware_Live
101.17,11.5,22.01,56.58,0,0,Hardware_Live
184.12,8.52,27.56,48.2,0,0,Hardware_Live
154.48,10.0,22.91,50.19,0,0,Hardware_Live
191.97,11.63,23.84,57.2,0,0,Hardware_Live
174.99,5.97,27.77,51.07,0,0,Hardware_Live
172.11,5.51,25.21,52.69,0,0,Hardware_Live
177.33,11.45,27.74,59.84,0,0,Hardware_Live
104.84,11.7,20.7,57.05,0,0,Hardware_Live
188.19,9.85,24.67,46.41,0,0,Hardware_Live
147.95,13.13,25.21,51.7,0,0,Hardware_Live
129.03,6.4,24.67,47.71,0,0,Hardware_Live
186.26,14.76,25.64,54.17,0,0,Hardware_Live
114.3,8.79,20.03,47.63,0,0,Hardware_Live
178.58,5.34,22.65,50.09,0,0,Hardware_Live
133.42,9.67,23.52,51.47,0,0,Hardware_Live
144.45,11.47,24.74,54.69,0,0,Hardware_Live
127.1,6.93,23.69,52.67,0,0,Hardware_Live
107.76,14.57,26.68,45.33,0,0,Hardware_Live
112.38,7.32,23.53,58.22,0,0,Hardware_Live
172.94,10.5,21.12,46.56,0,0,Hardware_Live
123.55,12.92,24.53,56.89,0,0,Hardware_Live
110.12,6.48,20.07,45.47,0,0,Hardware_Live
143.54,7.39,23.04,58.05,0,0,Hardware_Live
194.59,8.01,26.41,50.44,0,0,Hardware_Live
174.56,12.09,25.94,46.29,0,0,Hardware_Live
185.12,10.11,26.43,56.23,0,0,Hardware_Live
139.97,11.39,25.66,50.55,0,0,Hardware_Live
191.74,11.79,27.49,46.38,0,0,Hardware_Live
100.43,7.12,20.61,48.33,0,0,Hardware_Live
174.75,11.3,22.31,58.06,0,0,Hardware_Live
169.35,10.05,21.82,55.25,0,0,Hardware_Live
175.54,12.39,20.25,45.61,0,0,Hardware_Live
196.45,11.8,24.55,54.45,0,0,Hardware_Live
166.74,6.96,22.99,54.26,0,0,Hardware_Live
139.63,10.58,22.26,45.31,0,0,Hardware_Live
112.31,5.77,26.65,52.09,0,0,Hardware_Live
104.56,6.1,24.26,48.36,0,0,Hardware_Live
132.17,13.69,25.69,57.15,0,0,Hardware_Live
107.31,9.51,24.59,52.28,0,0,Hardware_Live
113.19,12.72,21.08,48.41,0,0,Hardware_Live
157.29,6.3,20.44,45.93,0,0,Hardware_Live
194.83,7.61,26.91,47.95,0,0,Hardware_Live
158.14,11.61,25.11,57.75,0,0,Hardware_Live
286.48,26.91,33.0,69.14,0,0,Hardware_Live
276.27,41.88,31.75,82.79,0,0,Hardware_Live
316.11,25.18,33.32,83.2,0,0,Hardware_Live
334.51,35.99,34.42,81.68,0,0,Hardware_Live
255.11,31.84,34.72,79.2,0,0,Hardware_Live
326.62,32.33,33.02,67.47,0,0,Hardware_Live
261.69,29.42,32.85,77.19,0,0,Hardware_Live
338.97,33.66,33.86,82.56,0,0,Hardware_Live
260.46,31.39,32.37,75.66,0,0,Hardware_Live
660.89,34.68,23.39,53.08,0,0,Hardware_Live
497.22,42.7,23.73,59.13,0,0,Hardware_Live
551.9,40.28,22.1,45.2,0,0,Hardware_Live
694.54,49.96,27.07,58.86,0,1,Hardware_Live
649.42,40.54,22.52,55.44,0,0,Hardware_Live
630.24,43.21,23.47,46.79,0,0,Hardware_Live
579.97,28.98,23.8,53.47,0,0,Hardware_Live
647.02,20.17,26.09,57.58,0,0,Hardware_Live
408.56,29.77,23.4,46.44,0,0,Hardware_Live
190.33,12.95,27.75,48.29,0,0,Hardware_Live
191.05,14.02,26.9,59.43,0,0,Hardware_Live
112.55,11.53,23.67,55.06,0,0,Hardware_Live
137.66,8.82,22.61,45.77,0,0,Hardware_Live
117.0,7.23,21.25,50.31,0,0,Hardware_Live
113.74,5.31,26.85,53.29,0,0,Hardware_Live
151.33,12.38,26.04,50.96,0,0,Hardware_Live
189.33,5.97,27.42,50.16,0,0,Hardware_Live
111.26,9.78,20.01,47.19,0,0,Hardware_Live
189.17,8.7,27.52,56.29,0,0,Hardware_Live
118.18,11.18,27.86,46.7,0,0,Hardware_Live
165.42,9.24,21.98,59.99,0,0,Hardware_Live
155.87,13.8,21.48,47.28,0,0,Hardware_Live
180.53,6.92,24.68,58.43,0,0,Hardware_Live
190.29,11.57,27.89,54.07,0,0,Hardware_Live
189.1,5.45,20.87,59.45,0,0,Hardware_Live
114.91,5.76,22.78,58.61,0,0,Hardware_Live
184.35,9.24,23.53,47.66,0,0,Hardware_Live
120.0,11.91,20.24,50.19,0,0,Hardware_Live
138.35,5.76,27.91,57.36,0,0,Hardware_Live
111.54,6.64,25.39,45.06,0,0,Hardware_Live
152.64,10.77,23.1,45.63,0,0,Hardware_Live
114.12,13.78,22.22,46.73,0,0,Hardware_Live
120.69,8.58,22.26,54.07,0,0,Hardware_Live
189.45,8.03,25.06,51.27,0,0,Hardware_Live
143.87,6.08,21.12,50.99,0,0,Hardware_Live
144.45,7.85,24.37,57.0,0,0,Hardware_Live
407.95,82.09,63.6,34.8,1,2,Hardware_Live
196.63,6.19,26.86,59.0,0,0,Hardware_Live
164.48,12.49,22.51,49.63,0,0,Hardware_Live
134.15,8.9,20.15,45.9,0,0,Hardware_Live
186.57,7.85,27.51,56.35,0,0,Hardware_Live
195.03,12.68,20.5,58.97,0,0,Hardware_Live
146.9,13.76,21.89,50.39,0,0,Hardware_Live
134.02,11.29,22.67,51.02,0,0,Hardware_Live
121.79,7.66,23.63,55.61,0,0,Hardware_Live
140.95,10.63,22.3,49.88,0,0,Hardware_Live
154.38,12.6,27.13,52.2,0,0,Hardware_Live
179.48,7.83,24.79,49.16,0,0,Hardware_Live
136.7,5.67,23.62,53.61,0,0,Hardware_Live
118.82,12.13,22.61,54.91,0,0,Hardware_Live
100.56,14.51,27.95,48.06,0,0,Hardware_Live
128.74,10.71,25.55,50.6,0,0,Hardware_Live
123.19,8.77,20.28,53.43,0,0,Hardware_Live
120.14,11.96,25.59,46.5,0,0,Hardware_Live
175.28,10.41,20.19,56.52,0,0,Hardware_Live
196.31,12.25,24.27,50.66,0,0,Hardware_Live
177.72,10.79,26.77,49.32,0,0,Hardware_Live
148.01,9.02,27.02,59.2,0,0,Hardware_Live
135.85,5.8,21.59,49.69,0,0,Hardware_Live
152.81,13.29,24.62,46.79,0,0,Hardware_Live
142.19,9.65,22.78,56.43,0,0,Hardware_Live
192.99,8.71,25.81,58.72,0,0,Hardware_Live
182.01,12.45,21.79,47.1,0,0,Hardware_Live
144.85,12.42,20.88,50.31,0,0,Hardware_Live
187.78,11.28,26.25,58.03,0,0,Hardware_Live
167.07,7.01,23.43,51.92,0,0,Hardware_Live
140.43,9.76,23.81,51.92,0,0,Hardware_Live
160.72,9.66,23.95,49.88,0,0,Hardware_Live
110.6,9.88,27.13,58.8,0,0,Hardware_Live
149.67,10.24,26.8,55.66,0,0,Hardware_Live
104.26,8.75,24.58,53.3,0,0,Hardware_Live
168.64,7.69,23.75,53.57,0,0,Hardware_Live
140.78,10.8,23.81,50.39,0,0,Hardware_Live
175.89,8.27,23.45,52.21,0,0,Hardware_Live
163.52,7.49,20.83,57.37,0,0,Hardware_Live
163.84,6.4,20.02,54.97,0,0,Hardware_Live
121.37,10.63,23.26,58.07,0,0,Hardware_Live
150.56,11.05,27.3,45.5,0,0,Hardware_Live
118.16,14.71,24.02,57.21,0,0,Hardware_Live
129.21,13.27,26.37,53.38,0,0,Hardware_Live
177.68,14.72,22.69,53.23,0,0,Hardware_Live
139.14,14.39,23.55,55.69,0,0,Hardware_Live
107.38,5.44,22.03,52.32,0,0,Hardware_Live
179.66,8.29,24.72,54.59,0,0,Hardware_Live
192.09,13.12,25.55,46.6,0,0,Hardware_Live
123.26,10.92,20.3,55.44,0,0,Hardware_Live
173.82,10.58,24.35,46.88,0,0,Hardware_Live
153.27,11.85,27.26,51.72,0,0,Hardware_Live
339.66,41.01,36.22,77.54,0,0,Hardware_Live
300.08,35.41,31.47,77.4,0,0,Hardware_Live
252.62,25.09,33.52,81.79,0,0,Hardware_Live
277.52,26.96,35.45,77.84,0,0,Hardware_Live
291.5,44.78,30.18,69.82,0,0,Hardware_Live
277.04,35.31,33.61,82.04,0,0,Hardware_Live
657.35,37.72,24.39,53.7,0,0,Hardware_Live
747.35,49.54,24.24,59.99,0,1,Hardware_Live
800.54,24.54,25.42,48.54,0,1,Hardware_Live
554.05,46.68,22.06,54.42,0,0,Hardware_Live
475.43,48.01,23.35,53.57,0,0,Hardware_Live
152.4,13.43,27.83,59.36,0,0,Hardware_Live
147.37,14.55,21.75,58.67,0,0,Hardware_Live
119.26,5.29,21.07,50.1,0,0,Hardware_Live
114.82,11.9,25.3,48.81,0,0,Hardware_Live
141.28,11.17,22.4,47.58,0,0,Hardware_Live
158.22,11.16,27.23,45.37,0,0,Hardware_Live
192.35,10.02,21.16,57.34,0,0,Hardware_Live
194.59,11.39,25.66,53.88,0,0,Hardware_Live
181.18,5.1,27.81,56.39,0,0,Hardware_Live
129.18,5.06,24.2,45.38,0,0,Hardware_Live
123.88,10.79,25.23,53.51,0,0,Hardware_Live
171.05,8.69,24.56,53.12,0,0,Hardware_Live
185.4,14.87,25.76,53.77,0,0,Hardware_Live
185.34,13.84,22.44,47.11,0,0,Hardware_Live
127.11,10.72,27.87,49.86,0,0,Hardware_Live
395.84,102.24,56.83,36.48,1,2,Hardware_Live
587.28,153.8,51.14,32.26,1,2,Hardware_Live
367.25,96.43,50.65,40.22,1,2,Hardware_Live
563.5,81.28,43.83,37.98,1,2,Hardware_Live
597.61,132.97,44.97,32.52,1,2,Hardware_Live
404.52,118.47,64.34,31.17,1,2,Hardware_Live
309.85,142.45,55.81,41.92,1,2,Hardware_Live
413.78,133.86,44.82,41.56,1,2,Hardware_Live
572.29,191.61,59.77,36.94,1,2,Hardware_Live
526.28,186.51,54.0,44.77,1,2,Hardware_Live
106.0,8.79,21.35,50.33,0,0,Hardware_Live
157.31,5.75,26.18,59.25,0,0,Hardware_Live
111.62,8.16,26.44,49.77,0,0,Hardware_Live
112.4,14.72,27.95,51.5,0,0,Hardware_Live
126.92,12.71,21.34,48.91,0,0,Hardware_Live
130.9,13.89,24.46,51.16,0,0,Hardware_Live
153.92,10.55,25.83,57.69,0,0,Hardware_Live
193.89,7.34,24.21,55.17,0,0,Hardware_Live
130.53,9.46,24.51,57.85,0,0,Hardware_Live
121.97,8.2,25.7,52.84,0,0,Hardware_Live
121.37,13.4,27.1,49.47,0,0,Hardware_Live
138.57,7.3,24.83,52.93,0,0,Hardware_Live
127.28,5.38,23.54,59.5,0,0,Hardware_Live
150.46,8.16,25.85,55.48,0,0,Hardware_Live
157.47,6.32,21.15,56.2,0,0,Hardware_Live
196.07,9.14,20.28,46.44,0,0,Hardware_Live
158.62,11.66,21.23,54.23,0,0,Hardware_Live
178.57,13.13,25.98,50.39,0,0,Hardware_Live
166.0,5.16,27.01,46.26,0,0,Hardware_Live
182.58,12.14,24.7,50.22,0,0,Hardware_Live
117.73,11.27,25.86,45.39,0,0,Hardware_Live
177.73,13.74,27.39,46.45,0,0,Hardware_Live
128.69,14.59,21.76,48.83,0,0,Hardware_Live
190.28,13.06,25.68,47.29,0,0,Hardware_Live
132.1,9.94,23.22,51.19,0,0,Hardware_Live
155.64,7.58,20.89,50.23,0,0,Hardware_Live
188.94,14.41,23.44,57.31,0,0,Hardware_Live
116.56,14.1,22.1,48.39,0,0,Hardware_Live
255.93,43.65,37.04,77.27,0,0,Hardware_Live
552.93,22.53,26.69,55.62,0,0,Hardware_Live
473.15,35.89,26.08,59.12,0,0,Hardware_Live
837.3,37.52,26.01,47.61,0,1,Hardware_Live
602.23,49.36,24.61,45.57,0,1,Hardware_Live
726.78,34.05,23.36,53.32,0,1,Hardware_Live
520.25,30.21,23.65,46.36,0,0,Hardware_Live
832.58,23.9,27.39,52.95,0,1,Hardware_Live
172.01,5.21,26.76,49.42,0,0,Hardware_Live
189.81,10.38,21.49,53.94,0,0,Hardware_Live
165.59,9.25,24.97,56.24,0,0,Hardware_Live
193.75,10.18,25.86,56.44,0,0,Hardware_Live
154.63,5.7,21.19,50.6,0,0,Hardware_Live
144.37,7.51,23.35,58.91,0,0,Hardware_Live
125.42,6.43,23.99,56.32,0,0,Hardware_Live
185.51,11.23,24.97,59.36,0,0,Hardware_Live
124.03,7.29,25.04,56.7,0,0,Hardware_Live
190.22,6.45,21.55,50.78,0,0,Hardware_Live
185.01,9.48,22.65,45.43,0,0,Hardware_Live
115.68,12.67,20.08,46.85,0,0,Hardware_Live
132.7,10.86,24.79,52.38,0,0,Hardware_Live
179.94,10.71,26.4,47.74,0,0,Hardware_Live
330.28,117.74,52.6,42.11,1,2,Hardware_Live
302.85,177.23,49.48,44.97,1,2,Hardware_Live
460.42,139.98,59.42,41.56,1,2,Hardware_Live
523.51,188.24,54.04,42.14,1,2,Hardware_Live
540.33,82.52,43.57,42.18,1,2,Hardware_Live
395.38,105.24,61.2,37.09,1,2,Hardware_Live
516.99,90.61,58.72,37.02,1,2,Hardware_Live
484.71,194.44,47.34,44.0,1,2,Hardware_Live
118.48,6.67,21.79,51.9,0,0,Hardware_Live
177.85,13.54,23.5,45.96,0,0,Hardware_Live
174.06,12.55,27.09,55.2,0,0,Hardware_Live
158.2,5.22,27.72,58.93,0,0,Hardware_Live
125.29,13.23,23.64,49.06,0,0,Hardware_Live
142.95,14.83,25.98,53.18,0,0,Hardware_Live
148.36,7.9,23.51,59.19,0,0,Hardware_Live
104.22,6.7,20.52,57.74,0,0,Hardware_Live
129.96,8.3,26.37,53.23,0,0,Hardware_Live
166.73,7.4,26.91,51.79,0,0,Hardware_Live
137.52,14.33,24.81,58.49,0,0,Hardware_Live
163.07,6.78,23.9,46.62,0,0,Hardware_Live
190.06,13.86,22.66,56.48,0,0,Hardware_Live
175.37,9.35,27.79,52.66,0,0,Hardware_Live
188.95,9.37,25.24,59.61,0,0,Hardware_Live
111.52,5.02,20.59,54.24,0,0,Hardware_Live
157.18,10.04,21.64,54.82,0,0,Hardware_Live
111.41,5.79,27.48,53.3,0,0,Hardware_Live
132.06,14.74,27.84,57.59,0,0,Hardware_Live
103.98,8.15,20.74,47.16,0,0,Hardware_Live
170.14,10.48,26.85,49.64,0,0,Hardware_Live
173.52,5.04,22.53,47.68,0,0,Hardware_Live
160.79,6.77,22.9,57.51,0,0,Hardware_Live
129.18,8.24,27.41,57.43,0,0,Hardware_Live
171.57,10.51,24.48,48.49,0,0,Hardware_Live
199.96,12.71,23.02,57.83,0,0,Hardware_Live
182.48,11.37,25.7,59.93,0,0,Hardware_Live
113.9,8.05,20.93,50.5,0,0,Hardware_Live
101.41,14.98,23.34,46.03,0,0,Hardware_Live
163.78,11.86,24.23,46.46,0,0,Hardware_Live
195.96,13.84,23.05,46.68,0,0,Hardware_Live
141.41,12.06,26.94,57.52,0,0,Hardware_Live
187.79,14.09,20.21,47.02,0,0,Hardware_Live
159.99,8.53,21.38,47.73,0,0,Hardware_Live
100.06,9.14,24.24,49.97,0,0,Hardware_Live
168.09,6.01,25.88,53.67,0,0,Hardware_Live
127.77,11.81,25.09,56.88,0,0,Hardware_Live
153.37,10.52,20.04,45.02,0,0,Hardware_Live
123.39,7.58,24.49,49.4,0,0,Hardware_Live
187.26,9.92,24.91,49.42,0,0,Hardware_Live
130.29,14.71,21.65,55.78,0,0,Hardware_Live
114.45,14.92,26.2,54.72,0,0,Hardware_Live
102.52,6.71,27.39,49.64,0,0,Hardware_Live
136.04,9.15,27.18,56.26,0,0,Hardware_Live
134.93,11.68,25.75,51.4,0,0,Hardware_Live
100.89,12.56,26.17,48.38,0,0,Hardware_Live
128.06,9.07,27.02,56.95,0,0,Hardware_Live
179.21,5.71,21.04,54.09,0,0,Hardware_Live
100.83,9.75,20.36,58.07,0,0,Hardware_Live
175.5,12.32,21.03,59.21,0,0,Hardware_Live
181.16,5.83,26.73,57.42,0,0,Hardware_Live
198.04,7.71,24.44,51.24,0,0,Hardware_Live
183.81,12.92,23.26,49.16,0,0,Hardware_Live
142.75,12.1,22.86,49.51,0,0,Hardware_Live
160.22,9.17,26.79,47.27,0,0,Hardware_Live
103.75,13.52,26.88,51.45,0,0,Hardware_Live
190.65,9.43,23.61,53.02,0,0,Hardware_Live
290.37,25.46,34.54,67.75,0,0,Hardware_Live
290.22,41.89,37.05,79.27,0,0,Hardware_Live
254.96,31.41,32.76,65.97,0,0,Hardware_Live
256.92,39.38,37.83,82.85,0,0,Hardware_Live
340.57,26.98,34.54,74.21,0,0,Hardware_Live
328.28,33.9,36.65,68.78,0,0,Hardware_Live
338.42,43.91,34.2,74.21,0,0,Hardware_Live
317.25,36.74,33.76,65.0,0,0,Hardware_Live
317.28,28.83,35.41,81.85,0,0,Hardware_Live
254.63,26.9,31.62,72.17,0,0,Hardware_Live
269.35,36.44,32.09,85.0,0,0,Hardware_Live
303.69,41.42,30.61,77.95,0,0,Hardware_Live
259.34,32.29,33.7,65.97,0,0,Hardware_Live
333.35,33.92,32.97,76.8,0,0,Hardware_Live
273.61,31.67,36.24,72.26,0,0,Hardware_Live
299.49,36.87,31.04,78.97,0,0,Hardware_Live
348.72,39.5,33.37,78.52,0,0,Hardware_Live
250.24,42.43,33.77,82.46,0,0,Hardware_Live
301.89,35.45,30.9,80.31,0,0,Hardware_Live
276.65,40.58,35.12,79.17,0,0,Hardware_Live
591.35,49.13,25.55,55.66,0,0,Hardware_Live
137.66,5.95,22.54,46.41,0,0,Hardware_Live
131.94,12.42,26.04,46.95,0,0,Hardware_Live
583.78,115.5,64.75,37.34,1,2,Hardware_Live
350.99,135.87,49.71,30.2,1,2,Hardware_Live
366.12,137.39,60.22,32.3,1,2,Hardware_Live
327.41,166.67,53.73,30.23,1,2,Hardware_Live
402.14,94.07,63.92,32.98,1,2,Hardware_Live
599.92,133.33,46.76,34.05,1,2,Hardware_Live
492.15,102.34,52.78,37.35,1,2,Hardware_Live
184.66,8.34,21.41,52.89,0,0,Hardware_Live
145.74,6.52,23.02,58.18,0,0,Hardware_Live
120.27,9.35,22.64,52.38,0,0,Hardware_Live
195.96,7.53,25.93,59.38,0,0,Hardware_Live
148.1,13.9,24.07,57.57,0,0,Hardware_Live
172.32,11.41,20.25,56.41,0,0,Hardware_Live
193.7,13.97,21.96,56.41,0,0,Hardware_Live
133.74,8.39,25.5,53.34,0,0,Hardware_Live
137.88,9.58,25.29,52.32,0,0,Hardware_Live
137.17,11.07,21.55,48.14,0,0,Hardware_Live
126.62,13.77,24.32,45.1,0,0,Hardware_Live
155.98,11.45,21.2,47.25,0,0,Hardware_Live
170.76,11.44,25.39,58.18,0,0,Hardware_Live
132.22,11.71,20.82,50.63,0,0,Hardware_Live
185.72,6.94,27.36,55.19,0,0,Hardware_Live
176.06,5.22,26.55,56.63,0,0,Hardware_Live
112.39,14.37,26.19,58.45,0,0,Hardware_Live
171.46,11.85,21.61,51.01,0,0,Hardware_Live
173.06,7.77,24.12,45.25,0,0,Hardware_Live
113.38,7.77,22.89,59.83,0,0,Hardware_Live
162.9,11.3,25.59,46.4,0,0,Hardware_Live
197.36,10.65,24.99,57.52,0,0,Hardware_Live
112.81,9.07,22.03,45.21,0,0,Hardware_Live
143.18,6.53,27.11,46.97,0,0,Hardware_Live
155.02,13.29,27.77,57.45,0,0,Hardware_Live
125.89,12.82,25.68,58.04,0,0,Hardware_Live
112.24,10.12,24.01,46.76,0,0,Hardware_Live
130.69,8.53,22.07,46.0,0,0,Hardware_Live
130.76,14.11,26.35,55.68,0,0,Hardware_Live
150.46,5.31,21.3,51.06,0,0,Hardware_Live
194.78,5.52,20.63,55.07,0,0,Hardware_Live
198.28,5.82,23.67,56.28,0,0,Hardware_Live
149.5,11.54,21.61,53.83,0,0,Hardware_Live
188.67,10.56,27.67,45.45,0,0,Hardware_Live
171.37,5.2,21.06,46.61,0,0,Hardware_Live
106.74,10.85,24.95,48.84,0,0,Hardware_Live
170.68,8.13,26.68,47.58,0,0,Hardware_Live
108.4,13.3,21.55,48.6,0,0,Hardware_Live
124.98,13.73,23.28,47.31,0,0,Hardware_Live
156.06,10.56,21.05,48.79,0,0,Hardware_Live
155.32,13.7,20.7,57.26,0,0,Hardware_Live
160.92,5.22,25.42,59.01,0,0,Hardware_Live
109.38,13.29,20.6,58.39,0,0,Hardware_Live
134.18,9.96,25.46,57.08,0,0,Hardware_Live
172.14,9.26,25.11,49.05,0,0,Hardware_Live
147.94,10.56,26.98,49.32,0,0,Hardware_Live
117.79,12.06,23.87,50.6,0,0,Hardware_Live
111.57,6.68,25.69,59.01,0,0,Hardware_Live
163.53,9.37,23.39,58.29,0,0,Hardware_Live
163.65,10.29,23.56,47.04,0,0,Hardware_Live
114.44,12.1,23.26,57.9,0,0,Hardware_Live
181.06,13.32,26.2,49.12,0,0,Hardware_Live
140.44,13.47,27.39,57.24,0,0,Hardware_Live
152.72,14.62,27.0,51.53,0,0,Hardware_Live
113.81,7.56,20.12,52.58,0,0,Hardware_Live
112.09,7.79,21.16,52.93,0,0,Hardware_Live
121.5,9.98,27.26,46.43,0,0,Hardware_Live
178.76,8.67,21.97,48.59,0,0,Hardware_Live
199.32,12.24,26.26,59.79,0,0,Hardware_Live
147.73,12.57,22.34,53.57,0,0,Hardware_Live
164.34,7.86,24.35,50.03,0,0,Hardware_Live
194.82,12.12,20.64,59.7,0,0,Hardware_Live
181.84,10.55,23.26,46.92,0,0,Hardware_Live
123.6,6.94,25.85,54.35,0,0,Hardware_Live
117.25,8.88,20.67,45.76,0,0,Hardware_Live
140.75,5.12,26.29,48.14,0,0,Hardware_Live
100.71,7.96,21.45,50.46,0,0,Hardware_Live
141.4,9.72,21.6,48.3,0,0,Hardware_Live
178.73,7.71,21.25,48.72,0,0,Hardware_Live
141.45,13.03,24.31,53.62,0,0,Hardware_Live
118.45,7.15,24.15,47.98,0,0,Hardware_Live
197.94,6.37,25.17,49.2,0,0,Hardware_Live
107.14,5.94,27.01,54.75,0,0,Hardware_Live
162.06,11.16,23.98,54.64,0,0,Hardware_Live
165.04,12.54,23.83,59.65,0,0,Hardware_Live
137.81,8.53,21.42,59.64,0,0,Hardware_Live
116.18,9.16,24.64,45.02,0,0,Hardware_Live
133.47,9.42,20.05,54.61,0,0,Hardware_Live
145.61,12.95,24.9,47.67,0,0,Hardware_Live
198.07,6.63,21.11,47.46,0,0,Hardware_Live
186.68,6.72,26.68,51.7,0,0,Hardware_Live
189.48,6.74,25.63,46.27,0,0,Hardware_Live
146.14,5.63,24.55,56.36,0,0,Hardware_Live
170.31,9.45,23.31,46.16,0,0,Hardware_Live
117.59,9.32,24.49,53.88,0,0,Hardware_Live
193.91,11.92,22.38,45.78,0,0,Hardware_Live
149.5,8.64,21.44,52.17,0,0,Hardware_Live
180.02,8.01,25.28,56.97,0,0,Hardware_Live
183.34,7.21,24.61,49.2,0,0,Hardware_Live
176.08,9.66,27.88,50.96,0,0,Hardware_Live
335.56,34.13,37.7,65.24,0,0,Hardware_Live
265.57,41.39,33.56,78.62,0,0,Hardware_Live
262.41,39.79,33.01,71.8,0,0,Hardware_Live
285.73,30.02,35.29,76.72,0,0,Hardware_Live
302.14,31.18,35.66,66.11,0,0,Hardware_Live
265.96,30.82,37.47,71.04,0,0,Hardware_Live
255.79,42.89,34.71,82.9,0,0,Hardware_Live
328.09,44.74,36.94,68.36,0,0,Hardware_Live
319.86,43.37,35.19,70.36,0,0,Hardware_Live
318.92,37.37,31.3,74.26,0,0,Hardware_Live
331.88,38.75,32.77,67.09,0,0,Hardware_Live
289.39,31.45,31.88,69.49,0,0,Hardware_Live
318.31,33.13,35.6,74.27,0,0,Hardware_Live
307.68,25.6,36.07,73.25,0,0,Hardware_Live
319.62,31.92,31.98,74.86,0,0,Hardware_Live
266.56,30.33,34.4,73.28,0,0,Hardware_Live
277.01,33.33,31.09,77.19,0,0,Hardware_Live
268.69,38.73,32.74,85.0,0,0,Hardware_Live
345.06,44.11,32.3,80.05,0,0,Hardware_Live
318.33,34.43,34.88,70.21,0,0,Hardware_Live
283.13,39.46,35.6,67.3,0,0,Hardware_Live
327.46,27.2,33.78,75.21,0,0,Hardware_Live
290.15,29.49,32.4,84.44,0,0,Hardware_Live
315.15,30.48,36.55,72.33,0,0,Hardware_Live
251.19,29.6,34.05,84.96,0,0,Hardware_Live
259.88,33.8,32.2,80.49,0,0,Hardware_Live
687.22,33.18,23.92,49.41,0,0,Hardware_Live
184.65,8.61,27.87,47.03,0,0,Hardware_Live
148.17,8.75,26.19,45.47,0,0,Hardware_Live
155.2,8.78,25.83,45.12,0,0,Hardware_Live
130.72,14.65,27.7,46.0,0,0,Hardware_Live
117.94,7.65,27.51,50.99,0,0,Hardware_Live
144.08,9.88,25.66,45.06,0,0,Hardware_Live
158.83,11.16,21.99,59.99,0,0,Hardware_Live
166.39,11.13,25.41,56.72,0,0,Hardware_Live
189.46,13.07,21.85,52.73,0,0,Hardware_Live
141.66,7.29,25.21,53.92,0,0,Hardware_Live
134.31,14.33,27.99,55.18,0,0,Hardware_Live
166.1,11.0,20.7,52.5,0,0,Hardware_Live
342.54,189.83,45.09,35.96,1,2,Hardware_Live
534.73,194.36,50.16,42.3,1,2,Hardware_Live
340.15,104.23,61.43,33.61,1,2,Hardware_Live
189.24,13.11,20.44,57.07,0,0,Hardware_Live
154.98,6.76,21.0,58.76,0,0,Hardware_Live
138.36,13.3,23.36,49.97,0,0,Hardware_Live
170.71,11.71,26.65,56.53,0,0,Hardware_Live
193.46,5.22,25.73,50.06,0,0,Hardware_Live
125.8,11.73,23.88,51.12,0,0,Hardware_Live
100.15,11.87,23.03,59.3,0,0,Hardware_Live
166.35,13.16,24.13,57.22,0,0,Hardware_Live
164.07,9.43,20.89,48.71,0,0,Hardware_Live
100.02,12.84,21.86,57.25,0,0,Hardware_Live
105.44,12.0,27.38,49.27,0,0,Hardware_Live
178.6,7.17,22.37,46.25,0,0,Hardware_Live
181.58,9.72,26.55,50.86,0,0,Hardware_Live
100.9,14.66,23.41,52.17,0,0,Hardware_Live
101.64,8.67,25.12,58.18,0,0,Hardware_Live
120.74,11.46,24.57,57.75,0,0,Hardware_Live
153.79,10.91,24.09,53.63,0,0,Hardware_Live
189.29,11.68,20.15,54.01,0,0,Hardware_Live
101.71,5.57,22.56,48.48,0,0,Hardware_Live
114.69,5.82,21.06,47.31,0,0,Hardware_Live
152.19,6.24,20.12,58.43,0,0,Hardware_Live
115.76,7.21,23.59,48.47,0,0,Hardware_Live
133.54,10.14,26.26,56.23,0,0,Hardware_Live
150.31,8.69,27.27,50.41,0,0,Hardware_Live
147.24,10.58,27.56,48.59,0,0,Hardware_Live
167.21,14.31,23.96,59.73,0,0,Hardware_Live
102.93,5.52,27.97,59.39,0,0,Hardware_Live
155.25,8.89,24.81,54.76,0,0,Hardware_Live
180.07,13.9,27.19,58.65,0,0,Hardware_Live
118.98,6.8,24.34,45.66,0,0,Hardware_Live
119.74,14.12,21.41,57.43,0,0,Hardware_Live
145.25,12.11,24.45,57.89,0,0,Hardware_Live
101.99,6.42,20.46,45.4,0,0,Hardware_Live
112.93,6.45,24.54,49.42,0,0,Hardware_Live
154.91,5.5,24.03,48.54,0,0,Hardware_Live
169.19,10.49,20.4,47.75,0,0,Hardware_Live
109.23,7.07,25.91,52.36,0,0,Hardware_Live
140.21,14.05,26.29,55.71,0,0,Hardware_Live
191.22,8.61,27.26,54.21,0,0,Hardware_Live
106.5,12.47,27.85,54.24,0,0,Hardware_Live
120.97,12.82,22.87,49.81,0,0,Hardware_Live
132.08,6.87,20.79,46.09,0,0,Hardware_Live
191.15,14.6,25.71,47.44,0,0,Hardware_Live
178.25,6.19,26.03,55.02,0,0,Hardware_Live
142.57,13.28,27.22,53.82,0,0,Hardware_Live
126.1,14.99,21.29,59.2,0,0,Hardware_Live
127.4,5.23,20.91,59.45,0,0,Hardware_Live
188.02,5.08,23.86,51.98,0,0,Hardware_Live
139.02,9.84,23.11,59.93,0,0,Hardware_Live
100.18,5.09,27.74,50.51,0,0,Hardware_Live
124.14,13.17,23.23,54.38,0,0,Hardware_Live
188.66,5.12,26.42,51.92,0,0,Hardware_Live
153.58,14.24,24.65,55.89,0,0,Hardware_Live
130.77,14.66,22.43,51.15,0,0,Hardware_Live
136.47,12.45,24.89,45.33,0,0,Hardware_Live
107.48,10.49,26.74,45.81,0,0,Hardware_Live
118.44,9.22,25.38,47.7,0,0,Hardware_Live
104.5,9.26,27.46,54.13,0,0,Hardware_Live
144.35,6.54,26.09,52.76,0,0,Hardware_Live
179.13,14.63,25.79,50.32,0,0,Hardware_Live
165.18,6.05,25.84,59.32,0,0,Hardware_Live
163.45,10.33,24.73,47.74,0,0,Hardware_Live
183.32,14.97,27.92,50.41,0,0,Hardware_Live
147.23,13.86,24.25,46.23,0,0,Hardware_Live
117.49,8.87,25.05,52.97,0,0,Hardware_Live
158.52,11.02,22.37,46.29,0,0,Hardware_Live
123.79,9.79,20.91,51.4,0,0,Hardware_Live
195.53,6.97,23.36,53.29,0,0,Hardware_Live
157.63,14.33,23.84,51.48,0,0,Hardware_Live
179.89,15.0,21.96,52.87,0,0,Hardware_Live
117.22,13.12,24.92,47.65,0,0,Hardware_Live
170.82,7.8,21.5,45.73,0,0,Hardware_Live
140.96,14.59,21.92,56.43,0,0,Hardware_Live
176.05,11.5,26.57,56.17,0,0,Hardware_Live
273.4,31.04,31.88,77.78,0,0,Hardware_Live
253.75,39.45,32.91,70.81,0,0,Hardware_Live
296.96,28.11,32.16,79.48,0,0,Hardware_Live
282.99,35.93,37.57,67.19,0,0,Hardware_Live
101.0,63.0,25.0,50.0,0,0,Hardware_Live
110.0,60.0,25.0,50.0,0,0,Hardware_Live
96.0,57.0,25.0,50.0,0,0,Hardware_Live
89.0,56.0,25.0,50.0,0,0,Hardware_Live
84.0,55.0,25.0,50.0,0,0,Hardware_Live
79.0,53.0,25.0,50.0,0,0,Hardware_Live
75.0,52.0,25.0,50.0,0,0,Hardware_Live
60.0,49.0,25.0,50.0,0,0,Hardware_Live
55.0,48.0,25.0,50.0,0,0,Hardware_Live
55.0,49.0,25.0,50.0,0,0,Hardware_Live
54.0,48.0,25.0,50.0,0,0,Hardware_Live
55.0,48.0,25.0,50.0,0,0,Hardware_Live
54.0,47.0,25.0,50.0,0,0,Hardware_Live
53.0,47.0,25.0,50.0,0,0,Hardware_Live
53.0,47.0,25.0,50.0,0,0,Hardware_Live
53.0,47.0,25.0,50.0,0,0,Hardware_Live
52.0,46.0,25.0,50.0,0,0,Hardware_Live
52.0,46.0,25.0,50.0,0,0,Hardware_Live
52.0,46.0,25.0,50.0,0,0,Hardware_Live
52.0,46.0,25.0,50.0,0,0,Hardware_Live
51.0,45.0,25.0,50.0,0,0,Hardware_Live
50.0,45.0,25.0,50.0,0,0,Hardware_Live
50.0,45.0,25.0,50.0,0,0,Hardware_Live
50.0,45.0,25.0,50.0,0,0,Hardware_Live
50.0,45.0,25.0,50.0,0,0,Hardware_Live
50.0,45.0,25.0,50.0,0,0,Hardware_Live
50.0,44.0,25.0,50.0,0,0,Hardware_Live
50.0,44.0,25.0,50.0,0,0,Hardware_Live
49.0,44.0,25.0,50.0,0,0,Hardware_Live
49.0,44.0,25.0,50.0,0,0,Hardware_Live
49.0,44.0,25.0,50.0,0,0,Hardware_Live
49.0,44.0,25.0,50.0,0,0,Hardware_Live
48.0,44.0,25.0,50.0,0,0,Hardware_Live
48.0,44.0,25.0,50.0,0,0,Hardware_Live
48.0,43.0,25.0,50.0,0,0,Hardware_Live
48.0,43.0,25.0,50.0,0,0,Hardware_Live
48.0,43.0,25.0,50.0,0,0,Hardware_Live
48.0,43.0,25.0,50.0,0,0,Hardware_Live
48.0,43.0,25.0,50.0,0,0,Hardware_Live
48.0,43.0,25.0,50.0,0,0,Hardware_Live
48.0,43.0,25.0,50.0,0,0,Hardware_Live
48.0,43.0,25.0,50.0,0,0,Hardware_Live
47.0,43.0,25.0,50.0,0,0,Hardware_Live
48.0,43.0,25.0,50.0,0,0,Hardware_Live
47.0,43.0,25.0,50.0,0,0,Hardware_Live
47.0,42.0,25.0,50.0,0,0,Hardware_Live
47.0,42.0,25.0,50.0,0,0,Hardware_Live
46.0,42.0,25.0,50.0,0,0,Hardware_Live
47.0,43.0,25.0,50.0,0,0,Hardware_Live
47.0,44.0,25.0,50.0,0,0,Hardware_Live
47.0,45.0,25.0,50.0,0,0,Hardware_Live
47.0,44.0,25.0,50.0,0,0,Hardware_Live
47.0,43.0,25.0,50.0,0,0,Hardware_Live
47.0,42.0,25.0,50.0,0,0,Hardware_Live
47.0,42.0,25.0,50.0,0,0,Hardware_Live
46.0,42.0,25.0,50.0,0,0,Hardware_Live
46.0,42.0,25.0,50.0,0,0,Hardware_Live
46.0,42.0,25.0,50.0,0,0,Hardware_Live
46.0,42.0,25.0,50.0,0,0,Hardware_Live
46.0,42.0,25.0,50.0,0,0,Hardware_Live
46.0,41.0,25.0,50.0,0,0,Hardware_Live
45.0,41.0,25.0,50.0,0,0,Hardware_Live
45.0,41.0,25.0,50.0,0,0,Hardware_Live
45.0,41.0,25.0,50.0,0,0,Hardware_Live
46.0,42.0,25.0,50.0,0,0,Hardware_Live
45.0,41.0,25.0,50.0,0,0,Hardware_Live
45.0,41.0,25.0,50.0,0,0,Hardware_Live
45.0,41.0,25.0,50.0,0,0,Hardware_Live
45.0,41.0,25.0,50.0,0,0,Hardware_Live
45.0,41.0,25.0,50.0,0,0,Hardware_Live
97.0,61.0,25.0,50.0,0,0,Hardware_Live
97.0,61.0,25.0,50.0,0,0,Hardware_Live
106.0,54.0,25.0,50.0,0,0,Hardware_Live
106.0,54.0,25.0,50.0,0,0,Hardware_Live
87.0,49.0,25.0,50.0,0,0,Hardware_Live
87.0,49.0,25.0,50.0,0,0,Hardware_Live
77.0,47.0,25.0,50.0,0,0,Hardware_Live
77.0,47.0,25.0,50.0,0,0,Hardware_Live
71.0,46.0,25.0,50.0,0,0,Hardware_Live
71.0,46.0,25.0,50.0,0,0,Hardware_Live
67.0,46.0,25.0,50.0,0,0,Hardware_Live
67.0,46.0,25.0,50.0,0,0,Hardware_Live
63.0,45.0,25.0,50.0,0,0,Hardware_Live
63.0,45.0,25.0,50.0,0,0,Hardware_Live
60.0,45.0,25.0,50.0,0,0,Hardware_Live
60.0,45.0,25.0,50.0,0,0,Hardware_Live
58.0,44.0,25.0,50.0,0,0,Hardware_Live
58.0,44.0,25.0,50.0,0,0,Hardware_Live
56.0,44.0,25.0,50.0,0,0,Hardware_Live
56.0,44.0,25.0,50.0,0,0,Hardware_Live
54.0,44.0,25.0,50.0,0,0,Hardware_Live
54.0,44.0,25.0,50.0,0,0,Hardware_Live
53.0,44.0,25.0,50.0,0,0,Hardware_Live
53.0,44.0,25.0,50.0,0,0,Hardware_Live
51.0,43.0,25.0,50.0,0,0,Hardware_Live
51.0,43.0,25.0,50.0,0,0,Hardware_Live
50.0,43.0,25.0,50.0,0,0,Hardware_Live
50.0,43.0,25.0,50.0,0,0,Hardware_Live
50.0,42.0,25.0,50.0,0,0,Hardware_Live
50.0,42.0,25.0,50.0,0,0,Hardware_Live
49.0,42.0,25.0,50.0,0,0,Hardware_Live
49.0,42.0,25.0,50.0,0,0,Hardware_Live
48.0,42.0,25.0,50.0,0,0,Hardware_Live
48.0,42.0,25.0,50.0,0,0,Hardware_Live
47.0,42.0,25.0,50.0,0,0,Hardware_Live
47.0,42.0,25.0,50.0,0,0,Hardware_Live
47.0,42.0,25.0,50.0,0,0,Hardware_Live
47.0,42.0,25.0,50.0,0,0,Hardware_Live
47.0,41.0,25.0,50.0,0,0,Hardware_Live
47.0,41.0,25.0,50.0,0,0,Hardware_Live
46.0,41.0,25.0,50.0,0,0,Hardware_Live
46.0,41.0,25.0,50.0,0,0,Hardware_Live
45.0,41.0,25.0,50.0,0,0,Hardware_Live
45.0,41.0,25.0,50.0,0,0,Hardware_Live
45.0,41.0,25.0,50.0,0,0,Hardware_Live
45.0,41.0,25.0,50.0,0,0,Hardware_Live
45.0,41.0,25.0,50.0,0,0,Hardware_Live
45.0,41.0,25.0,50.0,0,0,Hardware_Live
45.0,41.0,25.0,50.0,0,0,Hardware_Live
45.0,41.0,25.0,50.0,0,0,Hardware_Live
44.0,41.0,25.0,50.0,0,0,Hardware_Live
44.0,41.0,25.0,50.0,0,0,Hardware_Live
44.0,40.0,25.0,50.0,0,0,Hardware_Live
44.0,40.0,25.0,50.0,0,0,Hardware_Live
43.0,40.0,25.0,50.0,0,0,Hardware_Live
43.0,40.0,25.0,50.0,0,0,Hardware_Live
43.0,40.0,25.0,50.0,0,0,Hardware_Live
43.0,40.0,25.0,50.0,0,0,Hardware_Live
43.0,40.0,25.0,50.0,0,0,Hardware_Live
43.0,40.0,25.0,50.0,0,0,Hardware_Live
43.0,40.0,25.0,50.0,0,0,Hardware_Live
43.0,40.0,25.0,50.0,0,0,Hardware_Live
43.0,40.0,25.0,50.0,0,0,Hardware_Live
43.0,40.0,25.0,50.0,0,0,Hardware_Live
42.0,40.0,25.0,50.0,0,0,Hardware_Live
42.0,40.0,25.0,50.0,0,0,Hardware_Live
42.0,39.0,25.0,50.0,0,0,Hardware_Live
42.0,39.0,25.0,50.0,0,0,Hardware_Live
42.0,40.0,25.0,50.0,0,0,Hardware_Live
42.0,40.0,25.0,50.0,0,0,Hardware_Live
42.0,40.0,25.0,50.0,0,0,Hardware_Live
42.0,40.0,25.0,50.0,0,0,Hardware_Live
42.0,39.0,25.0,50.0,0,0,Hardware_Live
42.0,39.0,25.0,50.0,0,0,Hardware_Live
41.0,39.0,25.0,50.0,0,0,Hardware_Live
41.0,39.0,25.0,50.0,0,0,Hardware_Live
41.0,39.0,25.0,50.0,0,0,Hardware_Live
41.0,39.0,25.0,50.0,0,0,Hardware_Live
41.0,39.0,25.0,50.0,0,0,Hardware_Live
41.0,39.0,25.0,50.0,0,0,Hardware_Live
41.0,39.0,25.0,50.0,0,0,Hardware_Live
41.0,39.0,25.0,50.0,0,0,Hardware_Live
41.0,39.0,25.0,50.0,0,0,Hardware_Live
41.0,39.0,25.0,50.0,0,0,Hardware_Live
41.0,39.0,25.0,50.0,0,0,Hardware_Live
41.0,39.0,25.0,50.0,0,0,Hardware_Live
41.0,39.0,25.0,50.0,0,0,Hardware_Live
41.0,39.0,25.0,50.0,0,0,Hardware_Live
41.0,39.0,25.0,50.0,0,0,Hardware_Live
41.0,39.0,25.0,50.0,0,0,Hardware_Live
41.0,39.0,25.0,50.0,0,0,Hardware_Live
41.0,39.0,25.0,50.0,0,0,Hardware_Live
41.0,39.0,25.0,50.0,0,0,Hardware_Live
41.0,39.0,25.0,50.0,0,0,Hardware_Live
41.0,38.0,25.0,50.0,0,0,Hardware_Live
41.0,38.0,25.0,50.0,0,0,Hardware_Live
41.0,39.0,25.0,50.0,0,0,Hardware_Live
41.0,39.0,25.0,50.0,0,0,Hardware_Live
41.0,39.0,25.0,50.0,0,0,Hardware_Live
41.0,39.0,25.0,50.0,0,0,Hardware_Live
41.0,39.0,25.0,50.0,0,0,Hardware_Live
41.0,39.0,25.0,50.0,0,0,Hardware_Live
41.0,38.0,25.0,50.0,0,0,Hardware_Live
41.0,38.0,25.0,50.0,0,0,Hardware_Live
109.0,111.0,25.0,50.0,0,0,Hardware_Live
100.0,86.0,25.0,50.0,0,0,Hardware_Live
147.0,116.0,25.0,50.0,0,0,Hardware_Live
130.0,116.0,25.0,50.0,0,0,Hardware_Live
101.0,95.0,25.0,50.0,0,0,Hardware_Live
101.0,107.0,25.0,50.0,0,0,Hardware_Live
90.0,100.0,25.0,50.0,0,0,Hardware_Live
85.0,98.0,25.0,50.0,0,0,Hardware_Live
82.0,96.0,25.0,50.0,0,0,Hardware_Live
79.0,94.0,25.0,50.0,0,0,Hardware_Live
78.0,93.0,25.0,50.0,0,0,Hardware_Live
76.0,92.0,25.0,50.0,0,0,Hardware_Live
73.0,89.0,25.0,50.0,0,0,Hardware_Live
68.0,89.0,25.0,50.0,0,0,Hardware_Live
60.0,84.0,25.0,50.0,0,0,Hardware_Live
58.0,60.0,25.0,50.0,0,0,Hardware_Live
57.0,66.0,25.0,50.0,0,0,Hardware_Live
57.0,70.0,25.0,50.0,0,0,Hardware_Live
55.0,77.0,25.0,50.0,0,0,Hardware_Live
53.0,79.0,25.0,50.0,0,0,Hardware_Live
53.0,80.0,25.0,50.0,0,0,Hardware_Live
52.0,80.0,25.0,50.0,0,0,Hardware_Live
51.0,80.0,25.0,50.0,0,0,Hardware_Live
50.0,79.0,25.0,50.0,0,0,Hardware_Live
49.0,78.0,25.0,50.0,0,0,Hardware_Live
49.0,77.0,25.0,50.0,0,0,Hardware_Live
48.0,77.0,25.0,50.0,0,0,Hardware_Live
47.0,76.0,25.0,50.0,0,0,Hardware_Live
47.0,75.0,25.0,50.0,0,0,Hardware_Live
47.0,74.0,25.0,50.0,0,0,Hardware_Live
47.0,74.0,25.0,50.0,0,0,Hardware_Live
46.0,73.0,25.0,50.0,0,0,Hardware_Live
45.0,72.0,25.0,50.0,0,0,Hardware_Live
44.0,71.0,25.0,50.0,0,0,Hardware_Live
44.0,71.0,25.0,50.0,0,0,Hardware_Live
43.0,70.0,25.0,50.0,0,0,Hardware_Live
43.0,70.0,25.0,50.0,0,0,Hardware_Live
42.0,69.0,25.0,50.0,0,0,Hardware_Live
42.0,68.0,25.0,50.0,0,0,Hardware_Live
42.0,68.0,25.0,50.0,0,0,Hardware_Live
41.0,68.0,25.0,50.0,0,0,Hardware_Live
40.0,67.0,25.0,50.0,0,0,Hardware_Live
40.0,67.0,25.0,50.0,0,0,Hardware_Live
40.0,66.0,25.0,50.0,0,0,Hardware_Live
40.0,66.0,25.0,50.0,0,0,Hardware_Live
41.0,66.0,25.0,50.0,0,0,Hardware_Live
40.0,65.0,25.0,50.0,0,0,Hardware_Live
40.0,65.0,25.0,50.0,0,0,Hardware_Live
38.0,64.0,25.0,50.0,0,0,Hardware_Live
39.0,64.0,25.0,50.0,0,0,Hardware_Live
38.0,63.0,25.0,50.0,0,0,Hardware_Live
38.0,63.0,25.0,50.0,0,0,Hardware_Live
38.0,62.0,25.0,50.0,0,0,Hardware_Live
38.0,62.0,25.0,50.0,0,0,Hardware_Live
38.0,62.0,25.0,50.0,0,0,Hardware_Live
38.0,62.0,25.0,50.0,0,0,Hardware_Live
37.0,62.0,25.0,50.0,0,0,Hardware_Live
37.0,62.0,25.0,50.0,0,0,Hardware_Live
38.0,61.0,25.0,50.0,0,0,Hardware_Live
38.0,61.0,25.0,50.0,0,0,Hardware_Live
37.0,61.0,25.0,50.0,0,0,Hardware_Live
37.0,61.0,25.0,50.0,0,0,Hardware_Live
37.0,61.0,25.0,50.0,0,0,Hardware_Live
37.0,61.0,25.0,50.0,0,0,Hardware_Live
36.0,61.0,25.0,50.0,0,0,Hardware_Live
36.0,61.0,25.0,50.0,0,0,Hardware_Live
36.0,60.0,25.0,50.0,0,0,Hardware_Live
36.0,60.0,25.0,50.0,0,0,Hardware_Live
35.0,60.0,25.0,50.0,0,0,Hardware_Live
35.0,60.0,25.0,50.0,0,0,Hardware_Live
35.0,60.0,25.0,50.0,0,0,Hardware_Live
35.0,60.0,25.0,50.0,0,0,Hardware_Live
36.0,59.0,25.0,50.0,0,0,Hardware_Live
36.0,59.0,25.0,50.0,0,0,Hardware_Live
36.0,59.0,25.0,50.0,0,0,Hardware_Live
36.0,59.0,25.0,50.0,0,0,Hardware_Live
36.0,59.0,25.0,50.0,0,0,Hardware_Live
36.0,59.0,25.0,50.0,0,0,Hardware_Live
36.0,59.0,25.0,50.0,0,0,Hardware_Live
36.0,59.0,25.0,50.0,0,0,Hardware_Live
35.0,58.0,25.0,50.0,0,0,Hardware_Live
35.0,58.0,25.0,50.0,0,0,Hardware_Live
35.0,58.0,25.0,50.0,0,0,Hardware_Live
35.0,58.0,25.0,50.0,0,0,Hardware_Live
36.0,58.0,25.0,50.0,0,0,Hardware_Live
36.0,58.0,25.0,50.0,0,0,Hardware_Live
34.0,57.0,25.0,50.0,0,0,Hardware_Live
34.0,57.0,25.0,50.0,0,0,Hardware_Live
34.0,57.0,25.0,50.0,0,0,Hardware_Live
34.0,57.0,25.0,50.0,0,0,Hardware_Live
35.0,57.0,25.0,50.0,0,0,Hardware_Live
35.0,57.0,25.0,50.0,0,0,Hardware_Live
35.0,57.0,25.0,50.0,0,0,Hardware_Live
35.0,57.0,25.0,50.0,0,0,Hardware_Live
34.0,56.0,25.0,50.0,0,0,Hardware_Live
34.0,56.0,25.0,50.0,0,0,Hardware_Live
34.0,56.0,25.0,50.0,0,0,Hardware_Live
34.0,56.0,25.0,50.0,0,0,Hardware_Live
34.0,56.0,25.0,50.0,0,0,Hardware_Live
34.0,56.0,25.0,50.0,0,0,Hardware_Live
35.0,56.0,25.0,50.0,0,0,Hardware_Live
35.0,56.0,25.0,50.0,0,0,Hardware_Live
34.0,55.0,25.0,50.0,0,0,Hardware_Live
34.0,55.0,25.0,50.0,0,0,Hardware_Live
34.0,55.0,25.0,50.0,0,0,Hardware_Live
34.0,55.0,25.0,50.0,0,0,Hardware_Live
34.0,56.0,25.0,50.0,0,0,Hardware_Live
34.0,56.0,25.0,50.0,0,0,Hardware_Live
33.0,55.0,25.0,50.0,0,0,Hardware_Live
33.0,55.0,25.0,50.0,0,0,Hardware_Live
33.0,54.0,25.0,50.0,0,0,Hardware_Live
33.0,54.0,25.0,50.0,0,0,Hardware_Live
34.0,54.0,25.0,50.0,0,0,Hardware_Live
34.0,54.0,25.0,50.0,0,0,Hardware_Live
34.0,55.0,25.0,50.0,0,0,Hardware_Live
34.0,55.0,25.0,50.0,0,0,Hardware_Live
34.0,55.0,25.0,50.0,0,0,Hardware_Live
34.0,55.0,25.0,50.0,0,0,Hardware_Live
32.0,54.0,25.0,50.0,0,0,Hardware_Live
32.0,54.0,25.0,50.0,0,0,Hardware_Live
32.0,54.0,25.0,50.0,0,0,Hardware_Live
32.0,54.0,25.0,50.0,0,0,Hardware_Live
33.0,53.0,25.0,50.0,0,0,Hardware_Live
33.0,53.0,25.0,50.0,0,0,Hardware_Live
32.0,53.0,25.0,50.0,0,0,Hardware_Live
32.0,53.0,25.0,50.0,0,0,Hardware_Live
33.0,53.0,25.0,50.0,0,0,Hardware_Live
33.0,53.0,25.0,50.0,0,0,Hardware_Live
32.0,53.0,25.0,50.0,0,0,Hardware_Live
32.0,53.0,25.0,50.0,0,0,Hardware_Live
32.0,53.0,25.0,50.0,0,0,Hardware_Live
32.0,53.0,25.0,50.0,0,0,Hardware_Live
32.0,53.0,25.0,50.0,0,0,Hardware_Live
32.0,53.0,25.0,50.0,0,0,Hardware_Live
33.0,52.0,25.0,50.0,0,0,Hardware_Live
33.0,52.0,25.0,50.0,0,0,Hardware_Live
32.0,52.0,25.0,50.0,0,0,Hardware_Live
32.0,52.0,25.0,50.0,0,0,Hardware_Live
32.0,52.0,25.0,50.0,0,0,Hardware_Live
32.0,52.0,25.0,50.0,0,0,Hardware_Live
32.0,52.0,25.0,50.0,0,0,Hardware_Live
32.0,52.0,25.0,50.0,0,0,Hardware_Live
32.0,52.0,25.0,50.0,0,0,Hardware_Live
32.0,52.0,25.0,50.0,0,0,Hardware_Live
32.0,52.0,25.0,50.0,0,0,Hardware_Live
32.0,52.0,25.0,50.0,0,0,Hardware_Live
32.0,52.0,25.0,50.0,0,0,Hardware_Live
32.0,52.0,25.0,50.0,0,0,Hardware_Live
31.0,51.0,25.0,50.0,0,0,Hardware_Live
31.0,51.0,25.0,50.0,0,0,Hardware_Live
31.0,51.0,25.0,50.0,0,0,Hardware_Live
31.0,51.0,25.0,50.0,0,0,Hardware_Live
33.0,52.0,25.0,50.0,0,0,Hardware_Live
33.0,52.0,25.0,50.0,0,0,Hardware_Live
32.0,50.0,25.0,50.0,0,0,Hardware_Live
32.0,50.0,25.0,50.0,0,0,Hardware_Live
35.0,54.0,25.0,50.0,0,0,Hardware_Live
35.0,54.0,25.0,50.0,0,0,Hardware_Live
32.0,51.0,25.0,50.0,0,0,Hardware_Live
32.0,51.0,25.0,50.0,0,0,Hardware_Live
31.0,51.0,25.0,50.0,0,0,Hardware_Live
31.0,51.0,25.0,50.0,0,0,Hardware_Live
30.0,50.0,25.0,50.0,0,0,Hardware_Live
30.0,50.0,25.0,50.0,0,0,Hardware_Live
34.0,54.0,25.0,50.0,0,0,Hardware_Live
34.0,54.0,25.0,50.0,0,0,Hardware_Live
31.0,51.0,25.0,50.0,0,0,Hardware_Live
31.0,51.0,25.0,50.0,0,0,Hardware_Live
31.0,50.0,25.0,50.0,0,0,Hardware_Live
31.0,50.0,25.0,50.0,0,0,Hardware_Live
34.0,53.0,25.0,50.0,0,0,Hardware_Live
34.0,53.0,25.0,50.0,0,0,Hardware_Live
30.0,50.0,25.0,50.0,0,0,Hardware_Live
30.0,50.0,25.0,50.0,0,0,Hardware_Live
32.0,53.0,25.0,50.0,0,0,Hardware_Live
32.0,53.0,25.0,50.0,0,0,Hardware_Live
31.0,51.0,25.0,50.0,0,0,Hardware_Live
31.0,51.0,25.0,50.0,0,0,Hardware_Live
29.0,50.0,25.0,50.0,0,0,Hardware_Live
29.0,50.0,25.0,50.0,0,0,Hardware_Live
33.0,53.0,25.0,50.0,0,0,Hardware_Live
33.0,53.0,25.0,50.0,0,0,Hardware_Live
30.0,50.0,25.0,50.0,0,0,Hardware_Live
30.0,50.0,25.0,50.0,0,0,Hardware_Live
32.0,53.0,25.0,50.0,0,0,Hardware_Live
32.0,53.0,25.0,50.0,0,0,Hardware_Live
30.0,50.0,25.0,50.0,0,0,Hardware_Live
30.0,50.0,25.0,50.0,0,0,Hardware_Live
32.0,52.0,25.0,50.0,0,0,Hardware_Live
32.0,52.0,25.0,50.0,0,0,Hardware_Live
29.0,49.0,25.0,50.0,0,0,Hardware_Live
29.0,49.0,25.0,50.0,0,0,Hardware_Live
32.0,52.0,25.0,50.0,0,0,Hardware_Live
32.0,52.0,25.0,50.0,0,0,Hardware_Live
30.0,49.0,25.0,50.0,0,0,Hardware_Live
30.0,49.0,25.0,50.0,0,0,Hardware_Live
33.0,52.0,25.0,50.0,0,0,Hardware_Live
33.0,52.0,25.0,50.0,0,0,Hardware_Live
29.0,49.0,25.0,50.0,0,0,Hardware_Live
29.0,49.0,25.0,50.0,0,0,Hardware_Live
32.0,52.0,25.0,50.0,0,0,Hardware_Live
32.0,52.0,25.0,50.0,0,0,Hardware_Live
28.0,49.0,25.0,50.0,0,0,Hardware_Live
28.0,49.0,25.0,50.0,0,0,Hardware_Live
31.0,51.0,25.0,50.0,0,0,Hardware_Live
31.0,51.0,25.0,50.0,0,0,Hardware_Live
28.0,49.0,25.0,50.0,0,0,Hardware_Live
28.0,49.0,25.0,50.0,0,0,Hardware_Live
31.0,51.0,25.0,50.0,0,0,Hardware_Live
31.0,51.0,25.0,50.0,0,0,Hardware_Live
29.0,48.0,25.0,50.0,0,0,Hardware_Live
29.0,48.0,25.0,50.0,0,0,Hardware_Live
33.0,46.0,25.0,50.0,0,0,Hardware_Live
33.0,46.0,25.0,50.0,0,0,Hardware_Live
32.0,49.0,25.0,50.0,0,0,Hardware_Live
32.0,49.0,25.0,50.0,0,0,Hardware_Live
31.0,50.0,25.0,50.0,0,0,Hardware_Live
31.0,50.0,25.0,50.0,0,0,Hardware_Live
31.0,51.0,25.0,50.0,0,0,Hardware_Live
31.0,51.0,25.0,50.0,0,0,Hardware_Live
28.0,48.0,25.0,50.0,0,0,Hardware_Live
28.0,48.0,25.0,50.0,0,0,Hardware_Live
31.0,51.0,25.0,50.0,0,0,Hardware_Live
31.0,51.0,25.0,50.0,0,0,Hardware_Live
29.0,48.0,25.0,50.0,0,0,Hardware_Live
29.0,48.0,25.0,50.0,0,0,Hardware_Live
30.0,50.0,25.0,50.0,0,0,Hardware_Live
30.0,50.0,25.0,50.0,0,0,Hardware_Live
31.0,51.0,25.0,50.0,0,0,Hardware_Live
31.0,51.0,25.0,50.0,0,0,Hardware_Live
27.0,47.0,25.0,50.0,0,0,Hardware_Live
27.0,47.0,25.0,50.0,0,0,Hardware_Live
30.0,29.0,25.0,50.0,0,0,Hardware_Live
30.0,29.0,25.0,50.0,0,0,Hardware_Live
30.0,32.0,25.0,50.0,0,0,Hardware_Live
30.0,32.0,25.0,50.0,0,0,Hardware_Live
31.0,31.0,25.0,50.0,0,0,Hardware_Live
31.0,31.0,25.0,50.0,0,0,Hardware_Live
31.0,35.0,25.0,50.0,0,0,Hardware_Live
31.0,35.0,25.0,50.0,0,0,Hardware_Live
30.0,43.0,25.0,50.0,0,0,Hardware_Live
30.0,43.0,25.0,50.0,0,0,Hardware_Live
29.0,48.0,25.0,50.0,0,0,Hardware_Live
29.0,48.0,25.0,50.0,0,0,Hardware_Live
29.0,50.0,25.0,50.0,0,0,Hardware_Live
29.0,50.0,25.0,50.0,0,0,Hardware_Live
29.0,51.0,25.0,50.0,0,0,Hardware_Live
29.0,51.0,25.0,50.0,0,0,Hardware_Live
26.0,48.0,25.0,50.0,0,0,Hardware_Live
26.0,48.0,25.0,50.0,0,0,Hardware_Live
29.0,50.0,25.0,50.0,0,0,Hardware_Live
29.0,50.0,25.0,50.0,0,0,Hardware_Live
30.0,50.0,25.0,50.0,0,0,Hardware_Live
30.0,50.0,25.0,50.0,0,0,Hardware_Live
29.0,50.0,25.0,50.0,0,0,Hardware_Live
29.0,50.0,25.0,50.0,0,0,Hardware_Live
29.0,50.0,25.0,50.0,0,0,Hardware_Live
29.0,50.0,25.0,50.0,0,0,Hardware_Live
29.0,50.0,25.0,50.0,0,0,Hardware_Live
29.0,50.0,25.0,50.0,0,0,Hardware_Live
28.0,50.0,25.0,50.0,0,0,Hardware_Live
28.0,50.0,25.0,50.0,0,0,Hardware_Live
29.0,50.0,25.0,50.0,0,0,Hardware_Live
29.0,50.0,25.0,50.0,0,0,Hardware_Live
29.0,50.0,25.0,50.0,0,0,Hardware_Live
29.0,50.0,25.0,50.0,0,0,Hardware_Live
28.0,50.0,25.0,50.0,0,0,Hardware_Live
28.0,50.0,25.0,50.0,0,0,Hardware_Live
29.0,50.0,25.0,50.0,0,0,Hardware_Live
29.0,50.0,25.0,50.0,0,0,Hardware_Live
28.0,50.0,25.0,50.0,0,0,Hardware_Live
28.0,50.0,25.0,50.0,0,0,Hardware_Live
28.0,50.0,25.0,50.0,0,0,Hardware_Live
28.0,50.0,25.0,50.0,0,0,Hardware_Live
28.0,50.0,25.0,50.0,0,0,Hardware_Live
28.0,50.0,25.0,50.0,0,0,Hardware_Live
28.0,49.0,25.0,50.0,0,0,Hardware_Live
28.0,49.0,25.0,50.0,0,0,Hardware_Live
28.0,49.0,25.0,50.0,0,0,Hardware_Live
28.0,49.0,25.0,50.0,0,0,Hardware_Live
28.0,49.0,25.0,50.0,0,0,Hardware_Live
28.0,49.0,25.0,50.0,0,0,Hardware_Live
28.0,49.0,25.0,50.0,0,0,Hardware_Live
28.0,49.0,25.0,50.0,0,0,Hardware_Live
28.0,49.0,25.0,50.0,0,0,Hardware_Live
28.0,49.0,25.0,50.0,0,0,Hardware_Live
28.0,49.0,25.0,50.0,0,0,Hardware_Live
28.0,49.0,25.0,50.0,0,0,Hardware_Live
28.0,49.0,25.0,50.0,0,0,Hardware_Live
28.0,49.0,25.0,50.0,0,0,Hardware_Live
28.0,49.0,25.0,50.0,0,0,Hardware_Live
28.0,49.0,25.0,50.0,0,0,Hardware_Live
28.0,49.0,25.0,50.0,0,0,Hardware_Live
28.0,49.0,25.0,50.0,0,0,Hardware_Live
28.0,49.0,25.0,50.0,0,0,Hardware_Live
28.0,49.0,25.0,50.0,0,0,Hardware_Live
28.0,49.0,25.0,50.0,0,0,Hardware_Live
28.0,49.0,25.0,50.0,0,0,Hardware_Live
28.0,49.0,25.0,50.0,0,0,Hardware_Live
28.0,49.0,25.0,50.0,0,0,Hardware_Live
28.0,48.0,25.0,50.0,0,0,Hardware_Live
28.0,48.0,25.0,50.0,0,0,Hardware_Live
27.0,48.0,25.0,50.0,0,0,Hardware_Live
27.0,48.0,25.0,50.0,0,0,Hardware_Live
27.0,48.0,25.0,50.0,0,0,Hardware_Live
27.0,48.0,25.0,50.0,0,0,Hardware_Live
27.0,48.0,25.0,50.0,0,0,Hardware_Live
27.0,48.0,25.0,50.0,0,0,Hardware_Live
27.0,48.0,25.0,50.0,0,0,Hardware_Live
27.0,48.0,25.0,50.0,0,0,Hardware_Live
27.0,48.0,25.0,50.0,0,0,Hardware_Live
27.0,48.0,25.0,50.0,0,0,Hardware_Live
27.0,48.0,25.0,50.0,0,0,Hardware_Live
27.0,48.0,25.0,50.0,0,0,Hardware_Live
27.0,48.0,25.0,50.0,0,0,Hardware_Live
27.0,48.0,25.0,50.0,0,0,Hardware_Live
28.0,48.0,25.0,50.0,0,0,Hardware_Live
28.0,48.0,25.0,50.0,0,0,Hardware_Live
28.0,48.0,25.0,50.0,0,0,Hardware_Live
28.0,48.0,25.0,50.0,0,0,Hardware_Live
27.0,48.0,25.0,50.0,0,0,Hardware_Live
27.0,48.0,25.0,50.0,0,0,Hardware_Live
27.0,47.0,25.0,50.0,0,0,Hardware_Live
27.0,47.0,25.0,50.0,0,0,Hardware_Live
28.0,47.0,25.0,50.0,0,0,Hardware_Live
28.0,47.0,25.0,50.0,0,0,Hardware_Live
27.0,47.0,25.0,50.0,0,0,Hardware_Live
27.0,47.0,25.0,50.0,0,0,Hardware_Live
27.0,47.0,25.0,50.0,0,0,Hardware_Live
27.0,47.0,25.0,50.0,0,0,Hardware_Live
27.0,47.0,25.0,50.0,0,0,Hardware_Live
27.0,47.0,25.0,50.0,0,0,Hardware_Live
26.0,47.0,25.0,50.0,0,0,Hardware_Live
26.0,47.0,25.0,50.0,0,0,Hardware_Live
27.0,47.0,25.0,50.0,0,0,Hardware_Live
27.0,47.0,25.0,50.0,0,0,Hardware_Live
26.0,47.0,25.0,50.0,0,0,Hardware_Live
26.0,47.0,25.0,50.0,0,0,Hardware_Live
27.0,47.0,25.0,50.0,0,0,Hardware_Live
27.0,47.0,25.0,50.0,0,0,Hardware_Live
27.0,47.0,25.0,50.0,0,0,Hardware_Live
27.0,47.0,25.0,50.0,0,0,Hardware_Live
27.0,47.0,25.0,50.0,0,0,Hardware_Live
27.0,47.0,25.0,50.0,0,0,Hardware_Live
26.0,46.0,25.0,50.0,0,0,Hardware_Live
26.0,46.0,25.0,50.0,0,0,Hardware_Live
26.0,46.0,25.0,50.0,0,0,Hardware_Live
26.0,46.0,25.0,50.0,0,0,Hardware_Live
27.0,46.0,25.0,50.0,0,0,Hardware_Live
27.0,46.0,25.0,50.0,0,0,Hardware_Live
26.0,46.0,25.0,50.0,0,0,Hardware_Live
26.0,46.0,25.0,50.0,0,0,Hardware_Live
26.0,46.0,25.0,50.0,0,0,Hardware_Live
26.0,46.0,25.0,50.0,0,0,Hardware_Live
26.0,46.0,25.0,50.0,0,0,Hardware_Live
26.0,46.0,25.0,50.0,0,0,Hardware_Live
26.0,46.0,25.0,50.0,0,0,Hardware_Live
26.0,46.0,25.0,50.0,0,0,Hardware_Live
26.0,46.0,25.0,50.0,0,0,Hardware_Live
26.0,46.0,25.0,50.0,0,0,Hardware_Live
26.0,46.0,25.0,50.0,0,0,Hardware_Live
26.0,46.0,25.0,50.0,0,0,Hardware_Live
27.0,46.0,25.0,50.0,0,0,Hardware_Live
27.0,46.0,25.0,50.0,0,0,Hardware_Live
26.0,46.0,25.0,50.0,0,0,Hardware_Live
26.0,46.0,25.0,50.0,0,0,Hardware_Live
26.0,46.0,25.0,50.0,0,0,Hardware_Live
26.0,46.0,25.0,50.0,0,0,Hardware_Live
26.0,46.0,25.0,50.0,0,0,Hardware_Live
26.0,46.0,25.0,50.0,0,0,Hardware_Live
26.0,46.0,25.0,50.0,0,0,Hardware_Live
26.0,46.0,25.0,50.0,0,0,Hardware_Live
26.0,45.0,25.0,50.0,0,0,Hardware_Live
26.0,45.0,25.0,50.0,0,0,Hardware_Live
26.0,45.0,25.0,50.0,0,0,Hardware_Live
26.0,45.0,25.0,50.0,0,0,Hardware_Live
25.0,45.0,25.0,50.0,0,0,Hardware_Live
25.0,45.0,25.0,50.0,0,0,Hardware_Live
26.0,45.0,25.0,50.0,0,0,Hardware_Live
26.0,45.0,25.0,50.0,0,0,Hardware_Live
26.0,45.0,25.0,50.0,0,0,Hardware_Live
26.0,45.0,25.0,50.0,0,0,Hardware_Live
26.0,45.0,25.0,50.0,0,0,Hardware_Live
26.0,45.0,25.0,50.0,0,0,Hardware_Live
26.0,45.0,25.0,50.0,0,0,Hardware_Live
26.0,45.0,25.0,50.0,0,0,Hardware_Live
25.0,45.0,25.0,50.0,0,0,Hardware_Live
25.0,45.0,25.0,50.0,0,0,Hardware_Live
25.0,45.0,25.0,50.0,0,0,Hardware_Live
25.0,45.0,25.0,50.0,0,0,Hardware_Live
26.0,45.0,25.0,50.0,0,0,Hardware_Live
26.0,45.0,25.0,50.0,0,0,Hardware_Live
26.0,45.0,25.0,50.0,0,0,Hardware_Live
26.0,45.0,25.0,50.0,0,0,Hardware_Live
25.0,44.0,25.0,50.0,0,0,Hardware_Live
25.0,44.0,25.0,50.0,0,0,Hardware_Live
25.0,44.0,25.0,50.0,0,0,Hardware_Live
25.0,44.0,25.0,50.0,0,0,Hardware_Live
25.0,44.0,25.0,50.0,0,0,Hardware_Live
25.0,44.0,25.0,50.0,0,0,Hardware_Live
26.0,44.0,25.0,50.0,0,0,Hardware_Live
26.0,44.0,25.0,50.0,0,0,Hardware_Live
26.0,44.0,25.0,50.0,0,0,Hardware_Live
26.0,44.0,25.0,50.0,0,0,Hardware_Live
26.0,44.0,25.0,50.0,0,0,Hardware_Live
26.0,44.0,25.0,50.0,0,0,Hardware_Live
26.0,44.0,25.0,50.0,0,0,Hardware_Live
26.0,44.0,25.0,50.0,0,0,Hardware_Live
25.0,44.0,25.0,50.0,0,0,Hardware_Live
25.0,44.0,25.0,50.0,0,0,Hardware_Live
25.0,44.0,25.0,50.0,0,0,Hardware_Live
25.0,44.0,25.0,50.0,0,0,Hardware_Live
26.0,44.0,25.0,50.0,0,0,Hardware_Live
25.0,44.0,25.0,50.0,0,0,Hardware_Live
25.0,44.0,25.0,50.0,0,0,Hardware_Live
26.0,44.0,25.0,50.0,0,0,Hardware_Live
26.0,44.0,25.0,50.0,0,0,Hardware_Live
25.0,44.0,25.0,50.0,0,0,Hardware_Live
25.0,43.0,25.0,50.0,0,0,Hardware_Live
25.0,43.0,25.0,50.0,0,0,Hardware_Live
25.0,43.0,25.0,50.0,0,0,Hardware_Live
25.0,43.0,25.0,50.0,0,0,Hardware_Live
25.0,43.0,25.0,50.0,0,0,Hardware_Live
24.0,43.0,25.0,50.0,0,0,Hardware_Live
25.0,43.0,25.0,50.0,0,0,Hardware_Live
25.0,43.0,25.0,50.0,0,0,Hardware_Live
25.0,43.0,25.0,50.0,0,0,Hardware_Live
25.0,43.0,25.0,50.0,0,0,Hardware_Live
25.0,43.0,25.0,50.0,0,0,Hardware_Live
25.0,43.0,25.0,50.0,0,0,Hardware_Live
25.0,43.0,25.0,50.0,0,0,Hardware_Live
25.0,43.0,25.0,50.0,0,0,Hardware_Live
25.0,43.0,25.0,50.0,0,0,Hardware_Live
25.0,43.0,25.0,50.0,0,0,Hardware_Live
25.0,43.0,25.0,50.0,0,0,Hardware_Live
25.0,43.0,25.0,50.0,0,0,Hardware_Live
25.0,43.0,25.0,50.0,0,0,Hardware_Live
25.0,42.0,25.0,50.0,0,0,Hardware_Live
25.0,42.0,25.0,50.0,0,0,Hardware_Live
25.0,42.0,25.0,50.0,0,0,Hardware_Live
25.0,42.0,25.0,50.0,0,0,Hardware_Live
25.0,42.0,25.0,50.0,0,0,Hardware_Live
24.0,42.0,25.0,50.0,0,0,Hardware_Live
24.0,42.0,25.0,50.0,0,0,Hardware_Live
24.0,37.0,25.0,50.0,0,0,Hardware_Live
24.0,40.0,25.0,50.0,0,0,Hardware_Live
25.0,41.0,25.0,50.0,0,0,Hardware_Live
25.0,41.0,25.0,50.0,0,0,Hardware_Live
25.0,41.0,25.0,50.0,0,0,Hardware_Live
24.0,41.0,25.0,50.0,0,0,Hardware_Live
25.0,41.0,25.0,50.0,0,0,Hardware_Live
25.0,41.0,25.0,50.0,0,0,Hardware_Live
24.0,41.0,25.0,50.0,0,0,Hardware_Live
24.0,41.0,25.0,50.0,0,0,Hardware_Live
24.0,41.0,25.0,50.0,0,0,Hardware_Live
25.0,41.0,25.0,50.0,0,0,Hardware_Live
24.0,41.0,25.0,50.0,0,0,Hardware_Live
24.0,41.0,25.0,50.0,0,0,Hardware_Live
24.0,41.0,25.0,50.0,0,0,Hardware_Live
24.0,41.0,25.0,50.0,0,0,Hardware_Live
24.0,41.0,25.0,50.0,0,0,Hardware_Live
24.0,41.0,25.0,50.0,0,0,Hardware_Live
24.0,41.0,25.0,50.0,0,0,Hardware_Live
24.0,41.0,25.0,50.0,0,0,Hardware_Live
25.0,41.0,25.0,50.0,0,0,Hardware_Live
25.0,41.0,25.0,50.0,0,0,Hardware_Live
24.0,41.0,25.0,50.0,0,0,Hardware_Live
25.0,41.0,25.0,50.0,0,0,Hardware_Live
24.0,41.0,25.0,50.0,0,0,Hardware_Live
24.0,41.0,25.0,50.0,0,0,Hardware_Live
25.0,41.0,25.0,50.0,0,0,Hardware_Live
24.0,40.0,25.0,50.0,0,0,Hardware_Live
25.0,40.0,25.0,50.0,0,0,Hardware_Live
25.0,40.0,25.0,50.0,0,0,Hardware_Live
25.0,40.0,25.0,50.0,0,0,Hardware_Live
25.0,40.0,25.0,50.0,0,0,Hardware_Live
24.0,40.0,25.0,50.0,0,0,Hardware_Live
24.0,40.0,25.0,50.0,0,0,Hardware_Live
25.0,40.0,25.0,50.0,0,0,Hardware_Live
25.0,40.0,25.0,50.0,0,0,Hardware_Live
24.0,40.0,25.0,50.0,0,0,Hardware_Live
24.0,40.0,25.0,50.0,0,0,Hardware_Live
24.0,40.0,25.0,50.0,0,0,Hardware_Live
24.0,40.0,25.0,50.0,0,0,Hardware_Live
24.0,40.0,25.0,50.0,0,0,Hardware_Live
24.0,40.0,25.0,50.0,0,0,Hardware_Live
24.0,40.0,25.0,50.0,0,0,Hardware_Live
24.0,40.0,25.0,50.0,0,0,Hardware_Live
24.0,40.0,25.0,50.0,0,0,Hardware_Live
24.0,40.0,25.0,50.0,0,0,Hardware_Live
23.0,36.0,25.0,50.0,0,0,Hardware_Live
23.0,36.0,25.0,50.0,0,0,Hardware_Live
23.0,36.0,25.0,50.0,0,0,Hardware_Live
23.0,36.0,25.0,50.0,0,0,Hardware_Live
22.0,36.0,25.0,50.0,0,0,Hardware_Live
23.0,36.0,25.0,50.0,0,0,Hardware_Live
23.0,36.0,25.0,50.0,0,0,Hardware_Live
23.0,36.0,25.0,50.0,0,0,Hardware_Live
23.0,36.0,25.0,50.0,0,0,Hardware_Live
23.0,36.0,25.0,50.0,0,0,Hardware_Live
23.0,30.0,25.0,50.0,0,0,Hardware_Live
22.0,28.0,25.0,50.0,0,0,Hardware_Live
26.0,34.0,25.0,50.0,0,0,Hardware_Live
29.0,36.0,25.0,50.0,0,0,Hardware_Live
28.0,36.0,25.0,50.0,0,0,Hardware_Live
27.0,36.0,25.0,50.0,0,0,Hardware_Live
27.0,36.0,25.0,50.0,0,0,Hardware_Live
27.0,36.0,25.0,50.0,0,0,Hardware_Live
27.0,36.0,25.0,50.0,0,0,Hardware_Live
26.0,36.0,25.0,50.0,0,0,Hardware_Live
26.0,36.0,25.0,50.0,0,0,Hardware_Live
26.0,36.0,25.0,50.0,0,0,Hardware_Live
26.0,36.0,25.0,50.0,0,0,Hardware_Live
26.0,36.0,25.0,50.0,0,0,Hardware_Live
25.0,36.0,25.0,50.0,0,0,Hardware_Live
25.0,36.0,25.0,50.0,0,0,Hardware_Live
25.0,36.0,25.0,50.0,0,0,Hardware_Live
25.0,36.0,25.0,50.0,0,0,Hardware_Live
25.0,36.0,25.0,50.0,0,0,Hardware_Live
25.0,36.0,25.0,50.0,0,0,Hardware_Live
26.0,36.0,25.0,50.0,0,0,Hardware_Live
26.0,35.0,25.0,50.0,0,0,Hardware_Live
25.0,36.0,25.0,50.0,0,0,Hardware_Live
25.0,35.0,25.0,50.0,0,0,Hardware_Live
25.0,35.0,25.0,50.0,0,0,Hardware_Live
25.0,35.0,25.0,50.0,0,0,Hardware_Live
25.0,35.0,25.0,50.0,0,0,Hardware_Live
25.0,35.0,25.0,50.0,0,0,Hardware_Live
25.0,35.0,25.0,50.0,0,0,Hardware_Live
25.0,35.0,25.0,50.0,0,0,Hardware_Live
25.0,35.0,25.0,50.0,0,0,Hardware_Live
25.0,35.0,25.0,50.0,0,0,Hardware_Live
25.0,35.0,25.0,50.0,0,0,Hardware_Live
25.0,35.0,25.0,50.0,0,0,Hardware_Live
25.0,35.0,25.0,50.0,0,0,Hardware_Live
25.0,35.0,25.0,50.0,0,0,Hardware_Live
25.0,35.0,25.0,50.0,0,0,Hardware_Live
25.0,35.0,25.0,50.0,0,0,Hardware_Live
24.0,35.0,25.0,50.0,0,0,Hardware_Live
25.0,35.0,25.0,50.0,0,0,Hardware_Live
25.0,35.0,25.0,50.0,0,0,Hardware_Live
24.0,35.0,25.0,50.0,0,0,Hardware_Live
25.0,35.0,25.0,50.0,0,0,Hardware_Live
25.0,35.0,25.0,50.0,0,0,Hardware_Live
24.0,35.0,25.0,50.0,0,0,Hardware_Live
25.0,35.0,25.0,50.0,0,0,Hardware_Live
25.0,35.0,25.0,50.0,0,0,Hardware_Live
25.0,35.0,25.0,50.0,0,0,Hardware_Live
25.0,35.0,25.0,50.0,0,0,Hardware_Live
25.0,35.0,25.0,50.0,0,0,Hardware_Live
25.0,35.0,25.0,50.0,0,0,Hardware_Live
25.0,35.0,25.0,50.0,0,0,Hardware_Live
24.0,35.0,25.0,50.0,0,0,Hardware_Live
24.0,35.0,25.0,50.0,0,0,Hardware_Live
24.0,35.0,25.0,50.0,0,0,Hardware_Live
24.0,35.0,25.0,50.0,0,0,Hardware_Live
25.0,35.0,25.0,50.0,0,0,Hardware_Live
25.0,35.0,25.0,50.0,0,0,Hardware_Live
25.0,35.0,25.0,50.0,0,0,Hardware_Live
24.0,35.0,25.0,50.0,0,0,Hardware_Live
24.0,35.0,25.0,50.0,0,0,Hardware_Live
24.0,35.0,25.0,50.0,0,0,Hardware_Live
25.0,35.0,25.0,50.0,0,0,Hardware_Live
25.0,35.0,25.0,50.0,0,0,Hardware_Live
25.0,35.0,25.0,50.0,0,0,Hardware_Live
24.0,34.0,25.0,50.0,0,0,Hardware_Live
25.0,34.0,25.0,50.0,0,0,Hardware_Live
25.0,34.0,25.0,50.0,0,0,Hardware_Live
24.0,34.0,25.0,50.0,0,0,Hardware_Live
25.0,34.0,25.0,50.0,0,0,Hardware_Live
24.0,34.0,25.0,50.0,0,0,Hardware_Live
24.0,34.0,25.0,50.0,0,0,Hardware_Live
25.0,34.0,25.0,50.0,0,0,Hardware_Live
25.0,34.0,25.0,50.0,0,0,Hardware_Live
25.0,34.0,25.0,50.0,0,0,Hardware_Live
25.0,34.0,25.0,50.0,0,0,Hardware_Live
25.0,34.0,25.0,50.0,0,0,Hardware_Live
25.0,34.0,25.0,50.0,0,0,Hardware_Live
25.0,34.0,25.0,50.0,0,0,Hardware_Live
25.0,34.0,25.0,50.0,0,0,Hardware_Live
25.0,34.0,25.0,50.0,0,0,Hardware_Live
26.0,34.0,25.0,50.0,0,0,Hardware_Live
25.0,34.0,25.0,50.0,0,0,Hardware_Live
25.0,34.0,25.0,50.0,0,0,Hardware_Live
25.0,34.0,25.0,50.0,0,0,Hardware_Live
25.0,34.0,25.0,50.0,0,0,Hardware_Live
25.0,34.0,25.0,50.0,0,0,Hardware_Live
25.0,34.0,25.0,50.0,0,0,Hardware_Live
25.0,34.0,25.0,50.0,0,0,Hardware_Live
24.0,34.0,25.0,50.0,0,0,Hardware_Live
25.0,34.0,25.0,50.0,0,0,Hardware_Live
25.0,34.0,25.0,50.0,0,0,Hardware_Live
25.0,34.0,25.0,50.0,0,0,Hardware_Live
25.0,34.0,25.0,50.0,0,0,Hardware_Live
25.0,34.0,25.0,50.0,0,0,Hardware_Live
25.0,34.0,25.0,50.0,0,0,Hardware_Live
26.0,34.0,25.0,50.0,0,0,Hardware_Live
25.0,34.0,25.0,50.0,0,0,Hardware_Live
25.0,34.0,25.0,50.0,0,0,Hardware_Live
25.0,34.0,25.0,50.0,0,0,Hardware_Live
25.0,34.0,25.0,50.0,0,0,Hardware_Live
25.0,34.0,25.0,50.0,0,0,Hardware_Live
25.0,34.0,25.0,50.0,0,0,Hardware_Live
25.0,34.0,25.0,50.0,0,0,Hardware_Live
25.0,34.0,25.0,50.0,0,0,Hardware_Live
25.0,34.0,25.0,50.0,0,0,Hardware_Live
24.0,34.0,25.0,50.0,0,0,Hardware_Live
24.0,34.0,25.0,50.0,0,0,Hardware_Live
24.0,34.0,25.0,50.0,0,0,Hardware_Live
24.0,34.0,25.0,50.0,0,0,Hardware_Live
24.0,34.0,25.0,50.0,0,0,Hardware_Live
24.0,33.0,25.0,50.0,0,0,Hardware_Live
24.0,33.0,25.0,50.0,0,0,Hardware_Live
24.0,33.0,25.0,50.0,0,0,Hardware_Live
25.0,33.0,25.0,50.0,0,0,Hardware_Live
24.0,33.0,25.0,50.0,0,0,Hardware_Live
24.0,33.0,25.0,50.0,0,0,Hardware_Live
25.0,33.0,25.0,50.0,0,0,Hardware_Live
25.0,33.0,25.0,50.0,0,0,Hardware_Live
24.0,33.0,25.0,50.0,0,0,Hardware_Live
25.0,33.0,25.0,50.0,0,0,Hardware_Live
25.0,33.0,25.0,50.0,0,0,Hardware_Live
25.0,33.0,25.0,50.0,0,0,Hardware_Live
25.0,32.0,25.0,50.0,0,0,Hardware_Live
25.0,33.0,25.0,50.0,0,0,Hardware_Live
25.0,33.0,25.0,50.0,0,0,Hardware_Live
25.0,33.0,25.0,50.0,0,0,Hardware_Live
25.0,33.0,25.0,50.0,0,0,Hardware_Live
25.0,33.0,25.0,50.0,0,0,Hardware_Live
25.0,33.0,25.0,50.0,0,0,Hardware_Live
25.0,33.0,25.0,50.0,0,0,Hardware_Live
24.0,32.0,25.0,50.0,0,0,Hardware_Live
25.0,33.0,25.0,50.0,0,0,Hardware_Live
25.0,33.0,25.0,50.0,0,0,Hardware_Live
25.0,33.0,25.0,50.0,0,0,Hardware_Live
25.0,33.0,25.0,50.0,0,0,Hardware_Live
24.0,33.0,25.0,50.0,0,0,Hardware_Live
24.0,33.0,25.0,50.0,0,0,Hardware_Live
24.0,33.0,25.0,50.0,0,0,Hardware_Live
25.0,33.0,25.0,50.0,0,0,Hardware_Live
25.0,32.0,25.0,50.0,0,0,Hardware_Live
24.0,32.0,25.0,50.0,0,0,Hardware_Live
24.0,32.0,25.0,50.0,0,0,Hardware_Live
25.0,32.0,25.0,50.0,0,0,Hardware_Live
24.0,32.0,25.0,50.0,0,0,Hardware_Live
24.0,32.0,25.0,50.0,0,0,Hardware_Live
25.0,32.0,25.0,50.0,0,0,Hardware_Live
25.0,32.0,25.0,50.0,0,0,Hardware_Live
24.0,32.0,25.0,50.0,0,0,Hardware_Live
25.0,32.0,25.0,50.0,0,0,Hardware_Live
25.0,32.0,25.0,50.0,0,0,Hardware_Live
25.0,32.0,25.0,50.0,0,0,Hardware_Live
24.0,32.0,25.0,50.0,0,0,Hardware_Live
24.0,32.0,25.0,50.0,0,0,Hardware_Live
25.0,32.0,25.0,50.0,0,0,Hardware_Live
25.0,32.0,25.0,50.0,0,0,Hardware_Live
25.0,32.0,25.0,50.0,0,0,Hardware_Live
25.0,32.0,25.0,50.0,0,0,Hardware_Live
25.0,32.0,25.0,50.0,0,0,Hardware_Live
25.0,32.0,25.0,50.0,0,0,Hardware_Live
25.0,32.0,25.0,50.0,0,0,Hardware_Live
25.0,32.0,25.0,50.0,0,0,Hardware_Live
24.0,32.0,25.0,50.0,0,0,Hardware_Live
25.0,32.0,25.0,50.0,0,0,Hardware_Live
24.0,32.0,25.0,50.0,0,0,Hardware_Live
24.0,32.0,25.0,50.0,0,0,Hardware_Live
24.0,32.0,25.0,50.0,0,0,Hardware_Live
24.0,32.0,25.0,50.0,0,0,Hardware_Live
24.0,32.0,25.0,50.0,0,0,Hardware_Live
25.0,32.0,25.0,50.0,0,0,Hardware_Live
25.0,32.0,25.0,50.0,0,0,Hardware_Live
25.0,32.0,25.0,50.0,0,0,Hardware_Live
24.0,32.0,25.0,50.0,0,0,Hardware_Live
26.0,32.0,25.0,50.0,0,0,Hardware_Live
25.0,32.0,25.0,50.0,0,0,Hardware_Live
25.0,32.0,25.0,50.0,0,0,Hardware_Live
25.0,32.0,25.0,50.0,0,0,Hardware_Live
25.0,32.0,25.0,50.0,0,0,Hardware_Live
25.0,32.0,25.0,50.0,0,0,Hardware_Live
25.0,32.0,25.0,50.0,0,0,Hardware_Live
25.0,32.0,25.0,50.0,0,0,Hardware_Live
25.0,32.0,25.0,50.0,0,0,Hardware_Live
25.0,32.0,25.0,50.0,0,0,Hardware_Live
25.0,32.0,25.0,50.0,0,0,Hardware_Live
24.0,32.0,25.0,50.0,0,0,Hardware_Live
25.0,32.0,25.0,50.0,0,0,Hardware_Live
25.0,32.0,25.0,50.0,0,0,Hardware_Live
25.0,32.0,25.0,50.0,0,0,Hardware_Live
25.0,32.0,25.0,50.0,0,0,Hardware_Live
24.0,32.0,25.0,50.0,0,0,Hardware_Live
24.0,32.0,25.0,50.0,0,0,Hardware_Live
25.0,32.0,25.0,50.0,0,0,Hardware_Live
24.0,32.0,25.0,50.0,0,0,Hardware_Live
24.0,32.0,25.0,50.0,0,0,Hardware_Live
24.0,32.0,25.0,50.0,0,0,Hardware_Live
24.0,32.0,25.0,50.0,0,0,Hardware_Live
24.0,32.0,25.0,50.0,0,0,Hardware_Live
24.0,32.0,25.0,50.0,0,0,Hardware_Live
24.0,32.0,25.0,50.0,0,0,Hardware_Live
24.0,32.0,25.0,50.0,0,0,Hardware_Live
24.0,32.0,25.0,50.0,0,0,Hardware_Live
24.0,32.0,25.0,50.0,0,0,Hardware_Live
23.0,31.0,25.0,50.0,0,0,Hardware_Live
24.0,31.0,25.0,50.0,0,0,Hardware_Live
24.0,31.0,25.0,50.0,0,0,Hardware_Live
24.0,31.0,25.0,50.0,0,0,Hardware_Live
24.0,32.0,25.0,50.0,0,0,Hardware_Live
24.0,31.0,25.0,50.0,0,0,Hardware_Live
25.0,31.0,25.0,50.0,0,0,Hardware_Live
24.0,31.0,25.0,50.0,0,0,Hardware_Live
24.0,32.0,25.0,50.0,0,0,Hardware_Live
24.0,32.0,25.0,50.0,0,0,Hardware_Live
24.0,31.0,25.0,50.0,0,0,Hardware_Live
24.0,31.0,25.0,50.0,0,0,Hardware_Live
24.0,31.0,25.0,50.0,0,0,Hardware_Live
24.0,31.0,25.0,50.0,0,0,Hardware_Live
24.0,31.0,25.0,50.0,0,0,Hardware_Live
24.0,31.0,25.0,50.0,0,0,Hardware_Live
24.0,31.0,25.0,50.0,0,0,Hardware_Live
24.0,31.0,25.0,50.0,0,0,Hardware_Live
24.0,31.0,25.0,50.0,0,0,Hardware_Live
24.0,31.0,25.0,50.0,0,0,Hardware_Live
24.0,31.0,25.0,50.0,0,0,Hardware_Live
24.0,31.0,25.0,50.0,0,0,Hardware_Live
24.0,31.0,25.0,50.0,0,0,Hardware_Live
24.0,31.0,25.0,50.0,0,0,Hardware_Live
24.0,31.0,25.0,50.0,0,0,Hardware_Live
24.0,31.0,25.0,50.0,0,0,Hardware_Live
24.0,29.0,25.0,50.0,0,0,Hardware_Live
24.0,29.0,25.0,50.0,0,0,Hardware_Live
25.0,29.0,25.0,50.0,0,0,Hardware_Live
24.0,29.0,25.0,50.0,0,0,Hardware_Live
24.0,29.0,25.0,50.0,0,0,Hardware_Live
24.0,29.0,25.0,50.0,0,0,Hardware_Live
24.0,29.0,25.0,50.0,0,0,Hardware_Live
24.0,29.0,25.0,50.0,0,0,Hardware_Live
24.0,29.0,25.0,50.0,0,0,Hardware_Live
23.0,29.0,25.0,50.0,0,0,Hardware_Live
24.0,29.0,25.0,50.0,0,0,Hardware_Live
24.0,29.0,25.0,50.0,0,0,Hardware_Live
24.0,29.0,25.0,50.0,0,0,Hardware_Live
25.0,29.0,25.0,50.0,0,0,Hardware_Live
24.0,29.0,25.0,50.0,0,0,Hardware_Live
24.0,29.0,25.0,50.0,0,0,Hardware_Live
24.0,29.0,25.0,50.0,0,0,Hardware_Live
24.0,29.0,25.0,50.0,0,0,Hardware_Live
23.0,29.0,25.0,50.0,0,0,Hardware_Live
23.0,29.0,25.0,50.0,0,0,Hardware_Live
23.0,29.0,25.0,50.0,0,0,Hardware_Live
23.0,29.0,25.0,50.0,0,0,Hardware_Live
24.0,29.0,25.0,50.0,0,0,Hardware_Live
24.0,29.0,25.0,50.0,0,0,Hardware_Live
24.0,29.0,25.0,50.0,0,0,Hardware_Live
24.0,29.0,25.0,50.0,0,0,Hardware_Live
24.0,29.0,25.0,50.0,0,0,Hardware_Live
24.0,29.0,25.0,50.0,0,0,Hardware_Live
24.0,29.0,25.0,50.0,0,0,Hardware_Live
24.0,29.0,25.0,50.0,0,0,Hardware_Live
24.0,29.0,25.0,50.0,0,0,Hardware_Live
24.0,29.0,25.0,50.0,0,0,Hardware_Live
24.0,29.0,25.0,50.0,0,0,Hardware_Live
24.0,29.0,25.0,50.0,0,0,Hardware_Live
24.0,29.0,25.0,50.0,0,0,Hardware_Live
24.0,29.0,25.0,50.0,0,0,Hardware_Live
24.0,29.0,25.0,50.0,0,0,Hardware_Live
24.0,29.0,25.0,50.0,0,0,Hardware_Live
25.0,29.0,25.0,50.0,0,0,Hardware_Live
24.0,29.0,25.0,50.0,0,0,Hardware_Live
24.0,29.0,25.0,50.0,0,0,Hardware_Live
24.0,29.0,25.0,50.0,0,0,Hardware_Live
24.0,29.0,25.0,50.0,0,0,Hardware_Live
24.0,29.0,25.0,50.0,0,0,Hardware_Live
24.0,29.0,25.0,50.0,0,0,Hardware_Live
24.0,29.0,25.0,50.0,0,0,Hardware_Live
24.0,29.0,25.0,50.0,0,0,Hardware_Live
24.0,29.0,25.0,50.0,0,0,Hardware_Live
24.0,29.0,25.0,50.0,0,0,Hardware_Live
24.0,29.0,25.0,50.0,0,0,Hardware_Live
24.0,29.0,25.0,50.0,0,0,Hardware_Live
24.0,29.0,25.0,50.0,0,0,Hardware_Live
24.0,29.0,25.0,50.0,0,0,Hardware_Live
25.0,29.0,25.0,50.0,0,0,Hardware_Live
24.0,29.0,25.0,50.0,0,0,Hardware_Live
24.0,29.0,25.0,50.0,0,0,Hardware_Live
24.0,29.0,25.0,50.0,0,0,Hardware_Live
24.0,29.0,25.0,50.0,0,0,Hardware_Live
24.0,29.0,25.0,50.0,0,0,Hardware_Live
24.0,29.0,25.0,50.0,0,0,Hardware_Live
24.0,29.0,25.0,50.0,0,0,Hardware_Live
24.0,29.0,25.0,50.0,0,0,Hardware_Live
24.0,29.0,25.0,50.0,0,0,Hardware_Live
24.0,28.0,25.0,50.0,0,0,Hardware_Live
24.0,29.0,25.0,50.0,0,0,Hardware_Live
24.0,29.0,25.0,50.0,0,0,Hardware_Live
24.0,29.0,25.0,50.0,0,0,Hardware_Live
25.0,29.0,25.0,50.0,0,0,Hardware_Live
25.0,29.0,25.0,50.0,0,0,Hardware_Live
24.0,29.0,25.0,50.0,0,0,Hardware_Live
25.0,29.0,25.0,50.0,0,0,Hardware_Live
24.0,29.0,25.0,50.0,0,0,Hardware_Live
64.0,31.0,36.2,47.0,0,0,Hardware_Live
55.0,30.0,36.3,47.0,0,0,Hardware_Live
50.0,30.0,36.3,48.0,0,0,Hardware_Live
47.0,29.0,36.3,49.0,0,0,Hardware_Live
43.0,29.0,36.3,49.0,0,0,Hardware_Live
41.0,29.0,36.3,49.0,0,0,Hardware_Live
39.0,29.0,36.3,50.0,0,0,Hardware_Live
37.0,28.0,36.3,50.0,0,0,Hardware_Live
38.0,28.0,36.3,50.0,0,0,Hardware_Live
35.0,28.0,36.3,49.0,0,0,Hardware_Live
34.0,28.0,36.3,48.0,0,0,Hardware_Live
33.0,28.0,36.3,47.0,0,0,Hardware_Live
33.0,27.0,25.0,50.0,0,0,Hardware_Live
34.0,28.0,36.2,46.0,0,0,Hardware_Live
33.0,28.0,36.3,47.0,0,0,Hardware_Live
25.0,25.0,36.3,49.0,0,0,Hardware_Live
23.0,28.0,36.2,47.0,0,0,Hardware_Live
23.0,28.0,36.2,47.0,0,0,Hardware_Live
22.0,24.0,36.2,49.0,0,0,Hardware_Live
22.0,24.0,36.2,50.0,0,0,Hardware_Live
22.0,24.0,36.2,51.0,0,0,Hardware_Live
22.0,24.0,36.2,50.0,0,0,Hardware_Live
21.0,24.0,36.2,50.0,0,0,Hardware_Live
23.0,24.0,36.2,50.0,0,0,Hardware_Live
23.0,24.0,36.2,51.0,0,0,Hardware_Live
23.0,24.0,36.2,51.0,0,0,Hardware_Live
23.0,24.0,36.2,51.0,0,0,Hardware_Live
24.0,24.0,36.2,51.0,0,0,Hardware_Live
23.0,24.0,36.2,51.0,0,0,Hardware_Live
23.0,24.0,36.2,50.0,0,0,Hardware_Live
23.0,24.0,36.2,50.0,0,0,Hardware_Live
23.0,24.0,36.2,50.0,0,0,Hardware_Live
24.0,24.0,36.1,49.0,0,0,Hardware_Live
24.0,24.0,36.1,49.0,0,0,Hardware_Live
24.0,24.0,36.1,49.0,0,0,Hardware_Live
24.0,24.0,36.1,49.0,0,0,Hardware_Live
24.0,24.0,36.1,48.0,0,0,Hardware_Live
22.0,24.0,36.1,48.0,0,0,Hardware_Live
22.0,24.0,36.1,48.0,0,0,Hardware_Live
23.0,24.0,36.1,47.0,0,0,Hardware_Live
23.0,24.0,36.1,47.0,0,0,Hardware_Live
23.0,24.0,36.1,48.0,0,0,Hardware_Live
24.0,24.0,36.1,50.0,0,0,Hardware_Live
21.0,24.0,36.0,50.0,0,0,Hardware_Live
21.0,23.0,36.0,48.0,0,0,Hardware_Live
21.0,23.0,36.0,47.0,0,0,Hardware_Live
21.0,23.0,35.9,48.0,0,0,Hardware_Live
21.0,23.0,35.9,47.0,0,0,Hardware_Live
22.0,23.0,35.9,47.0,0,0,Hardware_Live
21.0,23.0,35.9,47.0,0,0,Hardware_Live
21.0,23.0,35.9,47.0,0,0,Hardware_Live
21.0,23.0,35.9,47.0,0,0,Hardware_Live
20.0,23.0,35.9,47.0,0,0,Hardware_Live
20.0,23.0,35.9,45.0,0,0,Hardware_Live
21.0,23.0,36.0,45.0,0,0,Hardware_Live
21.0,23.0,36.0,46.0,0,0,Hardware_Live
21.0,23.0,25.0,50.0,0,0,Hardware_Live
21.0,23.0,25.0,50.0,0,0,Hardware_Live
21.0,23.0,25.0,50.0,0,0,Hardware_Live
22.0,23.0,25.0,50.0,0,0,Hardware_Live
22.0,23.0,25.0,50.0,0,0,Hardware_Live
22.0,23.0,25.0,50.0,0,0,Hardware_Live
21.0,23.0,36.0,46.0,0,0,Hardware_Live
21.0,23.0,35.9,47.0,0,0,Hardware_Live
21.0,23.0,35.9,47.0,0,0,Hardware_Live
20.0,23.0,35.8,46.0,0,0,Hardware_Live
21.0,23.0,35.8,46.0,0,0,Hardware_Live
20.0,23.0,35.8,47.0,0,0,Hardware_Live
21.0,23.0,35.8,47.0,0,0,Hardware_Live
22.0,23.0,35.8,48.0,0,0,Hardware_Live
22.0,23.0,35.8,49.0,0,0,Hardware_Live
22.0,23.0,35.8,50.0,0,0,Hardware_Live
22.0,23.0,35.8,50.0,0,0,Hardware_Live
22.0,23.0,35.8,49.0,0,0,Hardware_Live
22.0,23.0,35.8,49.0,0,0,Hardware_Live
22.0,23.0,35.8,50.0,0,0,Hardware_Live
23.0,23.0,35.7,50.0,0,0,Hardware_Live
21.0,23.0,35.8,50.0,0,0,Hardware_Live
21.0,23.0,35.7,48.0,0,0,Hardware_Live
21.0,23.0,35.7,47.0,0,0,Hardware_Live
21.0,22.0,35.7,47.0,0,0,Hardware_Live
21.0,23.0,35.7,48.0,0,0,Hardware_Live
21.0,23.0,35.7,49.0,0,0,Hardware_Live
21.0,23.0,35.7,49.0,0,0,Hardware_Live
20.0,23.0,35.7,49.0,0,0,Hardware_Live
20.0,22.0,25.0,50.0,0,0,Hardware_Live
20.0,23.0,25.0,50.0,0,0,Hardware_Live
21.0,22.0,35.7,48.0,0,0,Hardware_Live
21.0,23.0,35.7,48.0,0,0,Hardware_Live
21.0,21.0,35.8,46.0,0,0,Hardware_Live
21.0,21.0,35.8,45.0,0,0,Hardware_Live
20.0,21.0,35.8,45.0,0,0,Hardware_Live
20.0,21.0,35.8,45.0,0,0,Hardware_Live
20.0,21.0,35.8,44.0,0,0,Hardware_Live
19.0,21.0,35.8,44.0,0,0,Hardware_Live
20.0,21.0,35.8,44.0,0,0,Hardware_Live
20.0,21.0,35.8,44.0,0,0,Hardware_Live
20.0,21.0,35.8,44.0,0,0,Hardware_Live
20.0,21.0,35.8,45.0,0,0,Hardware_Live
20.0,21.0,35.8,45.0,0,0,Hardware_Live
19.0,21.0,35.8,45.0,0,0,Hardware_Live
19.0,21.0,35.8,44.0,0,0,Hardware_Live
19.0,21.0,35.8,44.0,0,0,Hardware_Live
19.0,21.0,35.8,44.0,0,0,Hardware_Live
19.0,21.0,35.8,44.0,0,0,Hardware_Live
19.0,21.0,35.8,44.0,0,0,Hardware_Live
20.0,21.0,35.8,44.0,0,0,Hardware_Live
20.0,21.0,35.8,44.0,0,0,Hardware_Live
20.0,21.0,35.8,45.0,0,0,Hardware_Live
20.0,21.0,35.8,45.0,0,0,Hardware_Live
19.0,21.0,35.8,45.0,0,0,Hardware_Live
20.0,21.0,35.8,45.0,0,0,Hardware_Live
20.0,21.0,35.8,45.0,0,0,Hardware_Live
20.0,21.0,35.8,44.0,0,0,Hardware_Live
19.0,21.0,35.8,44.0,0,0,Hardware_Live
19.0,21.0,35.8,44.0,0,0,Hardware_Live
19.0,21.0,35.8,44.0,0,0,Hardware_Live
19.0,21.0,35.9,45.0,0,0,Hardware_Live
19.0,21.0,35.8,46.0,0,0,Hardware_Live
19.0,21.0,35.8,45.0,0,0,Hardware_Live
19.0,21.0,35.9,45.0,0,0,Hardware_Live
19.0,21.0,35.8,45.0,0,0,Hardware_Live
19.0,21.0,35.9,45.0,0,0,Hardware_Live
21.0,21.0,35.8,45.0,0,0,Hardware_Live
21.0,21.0,35.8,45.0,0,0,Hardware_Live
20.0,21.0,35.8,45.0,0,0,Hardware_Live
20.0,21.0,35.8,44.0,0,0,Hardware_Live
20.0,21.0,35.8,44.0,0,0,Hardware_Live
19.0,21.0,35.8,44.0,0,0,Hardware_Live
20.0,21.0,35.8,44.0,0,0,Hardware_Live
20.0,21.0,35.8,45.0,0,0,Hardware_Live
20.0,21.0,35.8,45.0,0,0,Hardware_Live
20.0,21.0,35.9,45.0,0,0,Hardware_Live
20.0,21.0,35.8,45.0,0,0,Hardware_Live
19.0,21.0,35.9,44.0,0,0,Hardware_Live
19.0,21.0,35.8,44.0,0,0,Hardware_Live
19.0,21.0,35.8,43.0,0,0,Hardware_Live
20.0,21.0,35.9,43.0,0,0,Hardware_Live
20.0,21.0,35.9,44.0,0,0,Hardware_Live
20.0,21.0,35.9,45.0,0,0,Hardware_Live
20.0,21.0,35.9,45.0,0,0,Hardware_Live
20.0,21.0,35.9,45.0,0,0,Hardware_Live
20.0,21.0,35.9,44.0,0,0,Hardware_Live
20.0,21.0,35.9,45.0,0,0,Hardware_Live
20.0,21.0,35.9,45.0,0,0,Hardware_Live
20.0,21.0,35.9,45.0,0,0,Hardware_Live
20.0,21.0,35.9,45.0,0,0,Hardware_Live
20.0,21.0,35.9,45.0,0,0,Hardware_Live
21.0,21.0,35.9,45.0,0,0,Hardware_Live
20.0,21.0,35.9,45.0,0,0,Hardware_Live
20.0,21.0,35.9,45.0,0,0,Hardware_Live
20.0,21.0,35.9,45.0,0,0,Hardware_Live
19.0,21.0,35.9,45.0,0,0,Hardware_Live
20.0,21.0,35.9,46.0,0,0,Hardware_Live
21.0,22.0,35.9,45.0,0,0,Hardware_Live
21.0,22.0,35.9,45.0,0,0,Hardware_Live
21.0,22.0,35.9,44.0,0,0,Hardware_Live
20.0,21.0,35.9,45.0,0,0,Hardware_Live
20.0,21.0,35.9,45.0,0,0,Hardware_Live
20.0,21.0,35.9,44.0,0,0,Hardware_Live
21.0,21.0,35.9,44.0,0,0,Hardware_Live
21.0,21.0,35.9,44.0,0,0,Hardware_Live
22.0,21.0,35.9,45.0,0,0,Hardware_Live
22.0,21.0,35.9,45.0,0,0,Hardware_Live
22.0,22.0,35.9,46.0,0,0,Hardware_Live
22.0,22.0,35.9,46.0,0,0,Hardware_Live
23.0,22.0,35.9,47.0,0,0,Hardware_Live
23.0,22.0,35.9,47.0,0,0,Hardware_Live
23.0,22.0,35.9,48.0,0,0,Hardware_Live
23.0,22.0,35.9,48.0,0,0,Hardware_Live
22.0,22.0,35.9,48.0,0,0,Hardware_Live
22.0,22.0,35.9,48.0,0,0,Hardware_Live
22.0,22.0,35.9,48.0,0,0,Hardware_Live
22.0,22.0,35.9,48.0,0,0,Hardware_Live
23.0,22.0,35.9,49.0,0,0,Hardware_Live
23.0,22.0,35.9,49.0,0,0,Hardware_Live
23.0,22.0,35.9,50.0,0,0,Hardware_Live
23.0,22.0,35.9,50.0,0,0,Hardware_Live
22.0,22.0,35.9,49.0,0,0,Hardware_Live
22.0,22.0,35.9,49.0,0,0,Hardware_Live
22.0,22.0,35.9,49.0,0,0,Hardware_Live
22.0,22.0,35.9,49.0,0,0,Hardware_Live
22.0,21.0,35.9,48.0,0,0,Hardware_Live
22.0,21.0,35.9,48.0,0,0,Hardware_Live
21.0,22.0,35.8,47.0,0,0,Hardware_Live
21.0,22.0,35.8,47.0,0,0,Hardware_Live
21.0,22.0,35.8,47.0,0,0,Hardware_Live
21.0,22.0,35.8,47.0,0,0,Hardware_Live
22.0,22.0,35.8,49.0,0,0,Hardware_Live
22.0,22.0,35.8,49.0,0,0,Hardware_Live
23.0,22.0,35.9,50.0,0,0,Hardware_Live
23.0,22.0,35.9,50.0,0,0,Hardware_Live
23.0,22.0,35.9,50.0,0,0,Hardware_Live
23.0,22.0,35.9,50.0,0,0,Hardware_Live
22.0,22.0,35.9,51.0,0,0,Hardware_Live
22.0,22.0,35.9,51.0,0,0,Hardware_Live
22.0,22.0,35.8,50.0,0,0,Hardware_Live
22.0,22.0,35.8,50.0,0,0,Hardware_Live
23.0,22.0,35.8,50.0,0,0,Hardware_Live
23.0,22.0,35.8,50.0,0,0,Hardware_Live
23.0,22.0,35.8,50.0,0,0,Hardware_Live
23.0,22.0,35.8,50.0,0,0,Hardware_Live
23.0,22.0,35.8,51.0,0,0,Hardware_Live
23.0,22.0,35.8,51.0,0,0,Hardware_Live
23.0,22.0,35.8,51.0,0,0,Hardware_Live
23.0,22.0,35.8,51.0,0,0,Hardware_Live
23.0,22.0,35.8,52.0,0,0,Hardware_Live
23.0,22.0,35.8,52.0,0,0,Hardware_Live
23.0,22.0,35.8,53.0,0,0,Hardware_Live
23.0,22.0,35.8,53.0,0,0,Hardware_Live
22.0,22.0,35.8,52.0,0,0,Hardware_Live
22.0,22.0,35.8,52.0,0,0,Hardware_Live
22.0,22.0,35.8,51.0,0,0,Hardware_Live
22.0,22.0,35.8,51.0,0,0,Hardware_Live
21.0,22.0,35.8,51.0,0,0,Hardware_Live
21.0,22.0,35.8,51.0,0,0,Hardware_Live
21.0,22.0,35.8,52.0,0,0,Hardware_Live
21.0,22.0,35.8,52.0,0,0,Hardware_Live
22.0,22.0,35.8,52.0,0,0,Hardware_Live
22.0,22.0,35.8,52.0,0,0,Hardware_Live
21.0,22.0,35.8,51.0,0,0,Hardware_Live
21.0,22.0,35.8,51.0,0,0,Hardware_Live
20.0,21.0,35.8,50.0,0,0,Hardware_Live
20.0,21.0,35.8,50.0,0,0,Hardware_Live
20.0,21.0,35.8,49.0,0,0,Hardware_Live
20.0,21.0,35.8,49.0,0,0,Hardware_Live
20.0,21.0,35.8,48.0,0,0,Hardware_Live
20.0,21.0,35.8,48.0,0,0,Hardware_Live
20.0,21.0,35.8,48.0,0,0,Hardware_Live
20.0,21.0,35.8,48.0,0,0,Hardware_Live
19.0,21.0,35.8,48.0,0,0,Hardware_Live
19.0,21.0,35.8,48.0,0,0,Hardware_Live
20.0,21.0,35.7,47.0,0,0,Hardware_Live
20.0,21.0,35.7,47.0,0,0,Hardware_Live
20.0,21.0,35.7,47.0,0,0,Hardware_Live
20.0,21.0,35.7,47.0,0,0,Hardware_Live
21.0,21.0,35.7,48.0,0,0,Hardware_Live
21.0,21.0,35.7,48.0,0,0,Hardware_Live
20.0,21.0,25.0,50.0,0,0,Hardware_Live
20.0,21.0,25.0,50.0,0,0,Hardware_Live
21.0,21.0,25.0,50.0,0,0,Hardware_Live
21.0,21.0,25.0,50.0,0,0,Hardware_Live
21.0,21.0,35.7,49.0,0,0,Hardware_Live
21.0,21.0,35.7,49.0,0,0,Hardware_Live
21.0,21.0,35.7,49.0,0,0,Hardware_Live
21.0,21.0,35.7,49.0,0,0,Hardware_Live
20.0,21.0,35.7,49.0,0,0,Hardware_Live
20.0,21.0,35.7,49.0,0,0,Hardware_Live
20.0,21.0,35.7,48.0,0,0,Hardware_Live
20.0,21.0,35.7,48.0,0,0,Hardware_Live
20.0,21.0,35.7,47.0,0,0,Hardware_Live
20.0,21.0,35.7,47.0,0,0,Hardware_Live
21.0,21.0,35.7,48.0,0,0,Hardware_Live
21.0,21.0,35.7,48.0,0,0,Hardware_Live
21.0,21.0,35.7,48.0,0,0,Hardware_Live
21.0,21.0,35.7,48.0,0,0,Hardware_Live
21.0,21.0,35.7,49.0,0,0,Hardware_Live
21.0,21.0,35.7,49.0,0,0,Hardware_Live
21.0,21.0,35.7,49.0,0,0,Hardware_Live
21.0,21.0,35.7,49.0,0,0,Hardware_Live
21.0,21.0,35.7,48.0,0,0,Hardware_Live
21.0,21.0,35.7,48.0,0,0,Hardware_Live
20.0,20.0,35.7,49.0,1,2,Hardware_Live
20.0,20.0,35.7,49.0,1,2,Hardware_Live
19.0,20.0,25.0,50.0,1,2,Hardware_Live
19.0,20.0,25.0,50.0,1,2,Hardware_Live
20.0,20.0,25.0,50.0,0,0,Hardware_Live
20.0,20.0,25.0,50.0,0,0,Hardware_Live
24.0,21.0,35.7,49.0,0,0,Hardware_Live
24.0,21.0,35.7,49.0,0,0,Hardware_Live
23.0,21.0,35.8,48.0,0,0,Hardware_Live
23.0,21.0,35.8,48.0,0,0,Hardware_Live
23.0,22.0,35.8,49.0,0,0,Hardware_Live
23.0,22.0,35.8,49.0,0,0,Hardware_Live
22.0,21.0,35.8,48.0,0,0,Hardware_Live
22.0,21.0,35.8,48.0,0,0,Hardware_Live
22.0,21.0,35.8,47.0,0,0,Hardware_Live
22.0,21.0,35.8,47.0,0,0,Hardware_Live
22.0,21.0,35.8,46.0,0,0,Hardware_Live
22.0,21.0,35.8,46.0,0,0,Hardware_Live
23.0,21.0,35.8,47.0,0,0,Hardware_Live
23.0,21.0,35.8,47.0,0,0,Hardware_Live
23.0,21.0,35.8,47.0,0,0,Hardware_Live
23.0,21.0,35.8,47.0,0,0,Hardware_Live
23.0,21.0,35.8,48.0,0,0,Hardware_Live
23.0,21.0,35.8,48.0,0,0,Hardware_Live
23.0,21.0,35.8,48.0,0,0,Hardware_Live
23.0,21.0,35.8,48.0,0,0,Hardware_Live
23.0,21.0,35.8,48.0,0,0,Hardware_Live
23.0,21.0,35.8,48.0,0,0,Hardware_Live
23.0,21.0,35.8,49.0,0,0,Hardware_Live
23.0,21.0,35.8,49.0,0,0,Hardware_Live
23.0,21.0,35.8,50.0,0,0,Hardware_Live
23.0,21.0,35.8,50.0,0,0,Hardware_Live
23.0,22.0,35.8,51.0,0,0,Hardware_Live
23.0,22.0,35.8,51.0,0,0,Hardware_Live
22.0,21.0,35.8,52.0,1,2,Hardware_Live
22.0,21.0,35.8,52.0,1,2,Hardware_Live
22.0,20.0,35.8,53.0,0,0,Hardware_Live
22.0,20.0,35.8,53.0,0,0,Hardware_Live
24.0,22.0,35.8,54.0,0,0,Hardware_Live
24.0,22.0,35.8,54.0,0,0,Hardware_Live
22.0,20.0,35.8,54.0,0,0,Hardware_Live
22.0,20.0,35.8,54.0,0,0,Hardware_Live
22.0,20.0,35.8,53.0,0,0,Hardware_Live
22.0,20.0,35.8,53.0,0,0,Hardware_Live
21.0,20.0,35.8,51.0,1,2,Hardware_Live
21.0,20.0,35.8,51.0,1,2,Hardware_Live
21.0,20.0,35.8,50.0,0,0,Hardware_Live
21.0,20.0,35.8,50.0,0,0,Hardware_Live
23.0,22.0,35.8,49.0,0,0,Hardware_Live
23.0,22.0,35.8,49.0,0,0,Hardware_Live
23.0,22.0,35.8,49.0,0,0,Hardware_Live
23.0,22.0,35.8,49.0,0,0,Hardware_Live
21.0,20.0,35.8,49.0,0,0,Hardware_Live
21.0,20.0,35.8,49.0,0,0,Hardware_Live
21.0,20.0,35.8,48.0,0,0,Hardware_Live
21.0,20.0,35.8,48.0,0,0,Hardware_Live
21.0,20.0,35.8,48.0,0,0,Hardware_Live
21.0,20.0,35.8,48.0,0,0,Hardware_Live
22.0,20.0,35.8,50.0,0,0,Hardware_Live
22.0,20.0,35.8,50.0,0,0,Hardware_Live
24.0,22.0,35.8,51.0,0,0,Hardware_Live
24.0,22.0,35.8,51.0,0,0,Hardware_Live
24.0,22.0,35.8,51.0,0,0,Hardware_Live
24.0,22.0,35.8,51.0,0,0,Hardware_Live
23.0,22.0,35.8,51.0,0,0,Hardware_Live
23.0,22.0,35.8,51.0,0,0,Hardware_Live
23.0,22.0,35.8,50.0,0,0,Hardware_Live
23.0,22.0,35.8,50.0,0,0,Hardware_Live
22.0,22.0,35.8,49.0,0,0,Hardware_Live
22.0,22.0,35.8,49.0,0,0,Hardware_Live
21.0,22.0,35.8,49.0,0,0,Hardware_Live
21.0,22.0,35.8,49.0,0,0,Hardware_Live
21.0,21.0,35.7,48.0,0,0,Hardware_Live
21.0,21.0,35.7,48.0,0,0,Hardware_Live
21.0,21.0,35.7,47.0,0,0,Hardware_Live
21.0,21.0,35.7,47.0,0,0,Hardware_Live
22.0,21.0,35.7,48.0,0,0,Hardware_Live
22.0,21.0,35.7,48.0,0,0,Hardware_Live
22.0,21.0,35.7,49.0,0,0,Hardware_Live
22.0,21.0,35.7,49.0,0,0,Hardware_Live
22.0,21.0,35.7,49.0,0,0,Hardware_Live
22.0,21.0,35.7,49.0,0,0,Hardware_Live
22.0,21.0,35.7,50.0,0,0,Hardware_Live
22.0,21.0,35.7,50.0,0,0,Hardware_Live
21.0,21.0,35.7,50.0,0,0,Hardware_Live
21.0,21.0,35.7,50.0,0,0,Hardware_Live
21.0,21.0,35.7,48.0,0,0,Hardware_Live
21.0,21.0,35.7,48.0,0,0,Hardware_Live
21.0,21.0,35.7,47.0,0,0,Hardware_Live
21.0,21.0,35.7,47.0,0,0,Hardware_Live
21.0,21.0,35.7,48.0,0,0,Hardware_Live
21.0,21.0,35.7,48.0,0,0,Hardware_Live
21.0,21.0,35.7,48.0,0,0,Hardware_Live
21.0,21.0,35.7,48.0,0,0,Hardware_Live
22.0,21.0,35.7,48.0,0,0,Hardware_Live
22.0,21.0,35.7,48.0,0,0,Hardware_Live
22.0,21.0,35.7,49.0,0,0,Hardware_Live
22.0,21.0,35.7,49.0,0,0,Hardware_Live
21.0,21.0,35.7,49.0,0,0,Hardware_Live
21.0,21.0,35.7,49.0,0,0,Hardware_Live
21.0,21.0,35.7,49.0,0,0,Hardware_Live
21.0,21.0,35.7,49.0,0,0,Hardware_Live
21.0,21.0,35.7,48.0,0,0,Hardware_Live
21.0,21.0,35.7,49.0,0,0,Hardware_Live
21.0,21.0,35.7,49.0,0,0,Hardware_Live
21.0,21.0,35.7,49.0,0,0,Hardware_Live
21.0,21.0,35.7,49.0,0,0,Hardware_Live
21.0,21.0,35.7,49.0,0,0,Hardware_Live
21.0,21.0,35.7,49.0,0,0,Hardware_Live
21.0,21.0,35.7,49.0,0,0,Hardware_Live
21.0,21.0,35.7,49.0,0,0,Hardware_Live
21.0,21.0,35.7,49.0,0,0,Hardware_Live
21.0,21.0,35.7,49.0,0,0,Hardware_Live
21.0,21.0,25.0,50.0,0,0,Hardware_Live
21.0,21.0,25.0,50.0,0,0,Hardware_Live
21.0,13.0,25.0,50.0,0,0,Hardware_Live
21.0,13.0,25.0,50.0,0,0,Hardware_Live
21.0,18.0,25.0,50.0,0,0,Hardware_Live
21.0,18.0,25.0,50.0,0,0,Hardware_Live
21.0,20.0,25.0,50.0,0,0,Hardware_Live
21.0,20.0,25.0,50.0,0,0,Hardware_Live
20.0,21.0,25.0,50.0,0,0,Hardware_Live
20.0,21.0,25.0,50.0,0,0,Hardware_Live
20.0,21.0,25.0,50.0,0,0,Hardware_Live
20.0,21.0,25.0,50.0,0,0,Hardware_Live
20.0,22.0,25.0,50.0,0,0,Hardware_Live
20.0,22.0,25.0,50.0,0,0,Hardware_Live
20.0,22.0,25.0,50.0,0,0,Hardware_Live
20.0,22.0,25.0,50.0,0,0,Hardware_Live
20.0,21.0,25.0,50.0,0,0,Hardware_Live
20.0,21.0,25.0,50.0,0,0,Hardware_Live
21.0,21.0,25.0,50.0,0,0,Hardware_Live
21.0,22.0,25.0,50.0,0,0,Hardware_Live
20.0,21.0,25.0,50.0,0,0,Hardware_Live
21.0,21.0,25.0,50.0,0,0,Hardware_Live
21.0,22.0,25.0,50.0,0,0,Hardware_Live
20.0,21.0,25.0,50.0,0,0,Hardware_Live
21.0,21.0,25.0,50.0,0,0,Hardware_Live
21.0,21.0,25.0,50.0,0,0,Hardware_Live
20.0,21.0,25.0,50.0,0,0,Hardware_Live
20.0,21.0,25.0,50.0,0,0,Hardware_Live
21.0,21.0,25.0,50.0,0,0,Hardware_Live
21.0,21.0,25.0,50.0,0,0,Hardware_Live
20.0,21.0,25.0,50.0,0,0,Hardware_Live
20.0,21.0,25.0,50.0,0,0,Hardware_Live
21.0,21.0,25.0,50.0,0,0,Hardware_Live
21.0,21.0,25.0,50.0,0,0,Hardware_Live
21.0,21.0,25.0,50.0,0,0,Hardware_Live
21.0,21.0,25.0,50.0,0,0,Hardware_Live
22.0,21.0,25.0,50.0,0,0,Hardware_Live
22.0,21.0,25.0,50.0,0,0,Hardware_Live
21.0,21.0,35.7,49.0,0,0,Hardware_Live
21.0,21.0,35.7,49.0,0,0,Hardware_Live
22.0,21.0,35.7,50.0,0,0,Hardware_Live
22.0,21.0,35.7,50.0,0,0,Hardware_Live
22.0,21.0,35.7,51.0,0,0,Hardware_Live
22.0,21.0,35.7,51.0,0,0,Hardware_Live
22.0,21.0,35.7,51.0,0,0,Hardware_Live
22.0,21.0,35.7,51.0,0,0,Hardware_Live
22.0,21.0,35.7,51.0,0,0,Hardware_Live
22.0,21.0,35.7,51.0,0,0,Hardware_Live
21.0,21.0,35.7,51.0,0,0,Hardware_Live
21.0,21.0,35.7,51.0,0,0,Hardware_Live
21.0,21.0,35.7,51.0,0,0,Hardware_Live
21.0,21.0,35.7,51.0,0,0,Hardware_Live
21.0,21.0,35.7,51.0,0,0,Hardware_Live
21.0,21.0,35.7,51.0,0,0,Hardware_Live
22.0,21.0,35.7,51.0,0,0,Hardware_Live
22.0,21.0,35.7,51.0,0,0,Hardware_Live
22.0,21.0,35.7,52.0,0,0,Hardware_Live
22.0,21.0,35.7,52.0,0,0,Hardware_Live
22.0,21.0,35.7,51.0,0,0,Hardware_Live
22.0,21.0,35.7,51.0,0,0,Hardware_Live
21.0,21.0,35.7,50.0,0,0,Hardware_Live
21.0,21.0,35.7,50.0,0,0,Hardware_Live
20.0,21.0,35.7,48.0,0,0,Hardware_Live
20.0,21.0,35.7,48.0,0,0,Hardware_Live
20.0,21.0,35.7,48.0,0,0,Hardware_Live
20.0,21.0,35.7,48.0,0,0,Hardware_Live
20.0,20.0,35.6,47.0,0,0,Hardware_Live
20.0,20.0,35.6,47.0,0,0,Hardware_Live
20.0,20.0,35.6,46.0,0,0,Hardware_Live
20.0,20.0,35.6,46.0,0,0,Hardware_Live
21.0,20.0,35.6,47.0,0,0,Hardware_Live
21.0,20.0,35.6,47.0,0,0,Hardware_Live
21.0,20.0,35.6,46.0,0,0,Hardware_Live
21.0,20.0,35.6,46.0,0,0,Hardware_Live
22.0,21.0,35.6,46.0,0,0,Hardware_Live
22.0,21.0,35.6,46.0,0,0,Hardware_Live
22.0,21.0,35.7,47.0,0,0,Hardware_Live
22.0,21.0,35.7,47.0,0,0,Hardware_Live
22.0,21.0,35.7,47.0,0,0,Hardware_Live
22.0,21.0,35.7,47.0,0,0,Hardware_Live
22.0,21.0,35.7,48.0,0,0,Hardware_Live
22.0,21.0,35.7,48.0,0,0,Hardware_Live
22.0,21.0,35.7,49.0,0,0,Hardware_Live
22.0,21.0,35.7,49.0,0,0,Hardware_Live
23.0,21.0,35.7,49.0,0,0,Hardware_Live
23.0,21.0,35.7,49.0,0,0,Hardware_Live
22.0,21.0,35.7,50.0,0,0,Hardware_Live
22.0,21.0,35.7,50.0,0,0,Hardware_Live
23.0,21.0,35.7,50.0,0,0,Hardware_Live
23.0,21.0,35.7,50.0,0,0,Hardware_Live
22.0,21.0,35.7,50.0,0,0,Hardware_Live
22.0,21.0,35.7,50.0,0,0,Hardware_Live
23.0,21.0,35.6,50.0,0,0,Hardware_Live
23.0,21.0,35.6,50.0,0,0,Hardware_Live
23.0,21.0,35.7,50.0,0,0,Hardware_Live
23.0,21.0,35.7,50.0,0,0,Hardware_Live
23.0,21.0,35.7,50.0,0,0,Hardware_Live
23.0,21.0,35.7,50.0,0,0,Hardware_Live
22.0,21.0,35.7,51.0,0,0,Hardware_Live
22.0,21.0,35.7,51.0,0,0,Hardware_Live
23.0,21.0,35.6,51.0,0,0,Hardware_Live
23.0,21.0,35.6,51.0,0,0,Hardware_Live
23.0,21.0,35.7,51.0,0,0,Hardware_Live
23.0,21.0,35.7,51.0,0,0,Hardware_Live
23.0,21.0,35.6,51.0,0,0,Hardware_Live
23.0,21.0,35.6,51.0,0,0,Hardware_Live
22.0,17.0,35.7,52.0,0,0,Hardware_Live
22.0,17.0,35.7,52.0,0,0,Hardware_Live
24.0,21.0,35.7,54.0,0,0,Hardware_Live
24.0,21.0,35.7,54.0,0,0,Hardware_Live
25.0,22.0,35.7,55.0,0,0,Hardware_Live
25.0,22.0,35.7,55.0,0,0,Hardware_Live
25.0,23.0,35.7,56.0,0,0,Hardware_Live
25.0,23.0,35.7,56.0,0,0,Hardware_Live
24.0,24.0,35.7,57.0,0,0,Hardware_Live
24.0,24.0,35.7,57.0,0,0,Hardware_Live
23.0,24.0,35.7,56.0,0,0,Hardware_Live
23.0,24.0,35.7,56.0,0,0,Hardware_Live
23.0,23.0,35.7,55.0,0,0,Hardware_Live
23.0,23.0,35.7,55.0,0,0,Hardware_Live
23.0,23.0,35.7,54.0,0,0,Hardware_Live
23.0,23.0,35.7,54.0,0,0,Hardware_Live
23.0,23.0,35.7,54.0,0,0,Hardware_Live
23.0,23.0,35.7,54.0,0,0,Hardware_Live
23.0,23.0,35.7,54.0,0,0,Hardware_Live
23.0,23.0,35.7,54.0,0,0,Hardware_Live
23.0,22.0,35.7,52.0,0,0,Hardware_Live
23.0,22.0,35.7,52.0,0,0,Hardware_Live
24.0,22.0,35.7,51.0,0,0,Hardware_Live
24.0,22.0,35.7,51.0,0,0,Hardware_Live
23.0,22.0,35.7,52.0,0,0,Hardware_Live
23.0,22.0,35.7,52.0,0,0,Hardware_Live
23.0,22.0,35.7,52.0,0,0,Hardware_Live
23.0,22.0,35.7,52.0,0,0,Hardware_Live
23.0,22.0,35.7,52.0,0,0,Hardware_Live
23.0,22.0,35.7,52.0,0,0,Hardware_Live
23.0,22.0,35.7,51.0,0,0,Hardware_Live
23.0,22.0,35.7,51.0,0,0,Hardware_Live
24.0,22.0,35.7,51.0,0,0,Hardware_Live
24.0,22.0,35.7,51.0,0,0,Hardware_Live
24.0,22.0,35.7,50.0,0,0,Hardware_Live
24.0,22.0,35.7,50.0,0,0,Hardware_Live
23.0,22.0,35.7,49.0,0,0,Hardware_Live
23.0,22.0,35.7,49.0,0,0,Hardware_Live
23.0,21.0,35.7,49.0,0,0,Hardware_Live
23.0,21.0,35.7,49.0,0,0,Hardware_Live
22.0,21.0,35.6,49.0,0,0,Hardware_Live
22.0,21.0,35.6,49.0,0,0,Hardware_Live
22.0,21.0,35.6,49.0,0,0,Hardware_Live
22.0,21.0,35.6,49.0,0,0,Hardware_Live
22.0,21.0,35.6,48.0,0,0,Hardware_Live
22.0,21.0,35.6,48.0,0,0,Hardware_Live
22.0,21.0,35.6,48.0,0,0,Hardware_Live
22.0,21.0,35.6,48.0,0,0,Hardware_Live
22.0,21.0,35.6,48.0,0,0,Hardware_Live
22.0,21.0,35.6,48.0,0,0,Hardware_Live
22.0,21.0,35.6,49.0,0,0,Hardware_Live
22.0,21.0,35.6,49.0,0,0,Hardware_Live
22.0,21.0,35.6,50.0,0,0,Hardware_Live
22.0,21.0,35.6,50.0,0,0,Hardware_Live
22.0,21.0,35.6,50.0,0,0,Hardware_Live
22.0,21.0,35.6,50.0,0,0,Hardware_Live
22.0,21.0,35.6,49.0,0,0,Hardware_Live
22.0,21.0,35.6,49.0,0,0,Hardware_Live
22.0,21.0,35.6,49.0,0,0,Hardware_Live
22.0,21.0,35.6,49.0,0,0,Hardware_Live
22.0,21.0,35.6,49.0,0,0,Hardware_Live
22.0,21.0,35.6,49.0,0,0,Hardware_Live
22.0,21.0,35.6,50.0,0,0,Hardware_Live
22.0,21.0,35.6,50.0,0,0,Hardware_Live
22.0,21.0,35.7,50.0,0,0,Hardware_Live
22.0,21.0,35.7,50.0,0,0,Hardware_Live
23.0,21.0,35.6,49.0,0,0,Hardware_Live
23.0,21.0,35.6,49.0,0,0,Hardware_Live
23.0,21.0,35.6,49.0,0,0,Hardware_Live
23.0,21.0,35.6,49.0,0,0,Hardware_Live
23.0,21.0,35.6,50.0,0,0,Hardware_Live
23.0,21.0,35.6,50.0,0,0,Hardware_Live
23.0,21.0,35.6,51.0,0,0,Hardware_Live
23.0,21.0,35.6,51.0,0,0,Hardware_Live
24.0,21.0,35.7,53.0,0,0,Hardware_Live
24.0,21.0,35.7,53.0,0,0,Hardware_Live
24.0,21.0,35.7,54.0,0,0,Hardware_Live
24.0,21.0,35.7,54.0,0,0,Hardware_Live
24.0,21.0,35.6,52.0,0,0,Hardware_Live
24.0,21.0,35.6,52.0,0,0,Hardware_Live
24.0,21.0,35.6,53.0,0,0,Hardware_Live
24.0,21.0,35.6,53.0,0,0,Hardware_Live
24.0,21.0,35.6,53.0,0,0,Hardware_Live
24.0,21.0,35.6,53.0,0,0,Hardware_Live
24.0,21.0,35.6,53.0,0,0,Hardware_Live
24.0,21.0,35.6,53.0,0,0,Hardware_Live
23.0,21.0,35.6,53.0,0,0,Hardware_Live
23.0,21.0,35.6,53.0,0,0,Hardware_Live
23.0,21.0,35.6,52.0,0,0,Hardware_Live
23.0,21.0,35.6,52.0,0,0,Hardware_Live
23.0,21.0,35.6,52.0,0,0,Hardware_Live
23.0,21.0,35.6,52.0,0,0,Hardware_Live
23.0,21.0,35.6,52.0,0,0,Hardware_Live
23.0,21.0,35.6,52.0,0,0,Hardware_Live
23.0,21.0,35.6,52.0,0,0,Hardware_Live
23.0,21.0,35.6,52.0,0,0,Hardware_Live
23.0,21.0,35.6,52.0,0,0,Hardware_Live
23.0,21.0,35.6,52.0,0,0,Hardware_Live
22.0,21.0,35.6,52.0,0,0,Hardware_Live
22.0,21.0,35.6,52.0,0,0,Hardware_Live
22.0,21.0,35.6,52.0,0,0,Hardware_Live
22.0,21.0,35.6,52.0,0,0,Hardware_Live
21.0,21.0,35.6,51.0,0,0,Hardware_Live
21.0,21.0,35.6,50.0,0,0,Hardware_Live
21.0,21.0,35.6,51.0,0,0,Hardware_Live
21.0,20.0,35.6,49.0,0,0,Hardware_Live
21.0,21.0,35.6,50.0,0,0,Hardware_Live
21.0,20.0,35.6,49.0,0,0,Hardware_Live
21.0,20.0,35.6,48.0,0,0,Hardware_Live
21.0,20.0,35.6,48.0,0,0,Hardware_Live
20.0,20.0,35.6,48.0,0,0,Hardware_Live
20.0,20.0,35.6,48.0,0,0,Hardware_Live
21.0,20.0,35.6,48.0,0,0,Hardware_Live
21.0,20.0,35.6,48.0,0,0,Hardware_Live
20.0,20.0,35.6,48.0,0,0,Hardware_Live
20.0,20.0,35.6,48.0,0,0,Hardware_Live
21.0,20.0,35.6,48.0,0,0,Hardware_Live
21.0,20.0,35.6,48.0,0,0,Hardware_Live
20.0,20.0,35.6,49.0,0,0,Hardware_Live
20.0,20.0,35.6,49.0,0,0,Hardware_Live
20.0,20.0,35.6,48.0,0,0,Hardware_Live
20.0,20.0,35.6,48.0,0,0,Hardware_Live
20.0,20.0,35.6,48.0,0,0,Hardware_Live
20.0,20.0,35.6,48.0,0,0,Hardware_Live
20.0,20.0,35.6,48.0,0,0,Hardware_Live
20.0,20.0,35.6,48.0,0,0,Hardware_Live
20.0,20.0,35.6,48.0,0,0,Hardware_Live
20.0,20.0,35.6,48.0,0,0,Hardware_Live
20.0,20.0,35.6,47.0,0,0,Hardware_Live
20.0,20.0,35.6,47.0,0,0,Hardware_Live
20.0,20.0,35.6,47.0,0,0,Hardware_Live
20.0,20.0,35.6,47.0,0,0,Hardware_Live
20.0,20.0,35.6,47.0,0,0,Hardware_Live
20.0,20.0,35.6,47.0,0,0,Hardware_Live
19.0,20.0,25.0,50.0,0,0,Hardware_Live
19.0,20.0,25.0,50.0,0,0,Hardware_Live
19.0,20.0,35.6,46.0,0,0,Hardware_Live
19.0,20.0,35.6,45.0,0,0,Hardware_Live
19.0,20.0,35.6,45.0,0,0,Hardware_Live
20.0,20.0,35.6,45.0,0,0,Hardware_Live
20.0,20.0,35.6,45.0,0,0,Hardware_Live
21.0,20.0,25.0,50.0,0,0,Hardware_Live
20.0,20.0,35.6,46.0,0,0,Hardware_Live
